List of students registered in (IInd Semester 20162017)
Course Code : AMD814
Course Description : MAJOR PROJECT PART-II
Serial No., Entry Number, Student Name, Course Group, Audit Withdrawal, Course Slot
1,2015AME2056,UMESH CHANDRA GAUTAM,0,N,P
2,2012ME10697,PRANJAL SINGH,1,N,P
3,2014AME2536,ABIRMOY GHOSH,1,N,P
4,2014AME2707,DANENDRA KUMAR AGRAWAL,1,N,P
5,2015AMD2001,ABHIROOP SATHEESH,1,N,P
6,2015AMD2003,ASIF ALI,1,N,P
7,2015AMD2007,DIPESH ASHOK CHAUDHARI,1,N,P
8,2015AMD2010,HRISHIKESH,1,N,P
9,2015AMD2014,NISHANT,1,N,P
10,2015AMD2016,PRASHANT PAUL,1,N,P
11,2015AMD2017,PUSHPENDRA ARYA,1,N,P
12,2015AMD2019,RAHUL BHAIDAS BHAMARE,1,N,P
13,2015AMD2021,RISHABH SINGH,1,N,P
14,2015AMD2022,ROHIT KUMAR,1,N,P
15,2015AMD2023,SAGARDAS,1,N,P
16,2015AMD2718,Pawan Kumar Tiwari,1,N,P
17,2015AMD2756,PRADEEP KUMAR KARN,1,N,P
18,2015AMD2757,VIJAY KUMAR MITTAL,1,N,P
19,2015AMD2849,SANKALP LODHI,1,N,P
20,2015AMD2852,SWATANTRA KUMAR TRIPATHI,1,N,P
21,2015AME2026,SHALINI,1,N,P
22,2015AME2027,SHRUTI SHARMA,1,N,P
23,2015AME2033,ADARSH P,1,N,P
24,2015AME2038,AMIT KUMAR,1,N,P
25,2015AME2039,ANKUR GUPTA,1,N,P
26,2015AME2042,ASHUTOSH BIJALWAN,1,N,P
27,2015AME2048,RAHUL CHANDEL,1,N,P
28,2015AME2051,ROHIT KAITHWAR,1,N,P
29,2015AME2052,SATANIK MUKHERJEE,1,N,P
30,2015AME2057,VISHNU DAS,1,N,P
31,2015AME2854,TUSHAR,1,N,P
32,2015AME2856,ASHFAK ULLAH KHAN,1,N,P
