List of students registered in (IInd Semester 20162017)
Course Code : AML702
Course Description : APPLIED COMPUTATIONAL METHOD
Serial No., Entry Number, Student Name, Course Group, Audit Withdrawal, Course Slot
1,2014MAS7057,ASHEESH KUMARYADAV,1,N,E
2,2014MAS7066,DIVAKAR VIKRAMSINGH,1,N,E
3,2015EEZ8116,VASUDHA AGRAWAL,1,N,E
4,2015MAS7058,ANKIT KUMAR RATHORE,1,N,E
5,2015MAS7072,HIMANI,1,N,E
6,2015MAS7076,KIRODI LAL MEENA,1,N,E
7,2015MAS7078,KULDEEP SINGH YADAV,1,N,E
8,2015MAS7082,MOHAMMAD IRSHAD KHAN,1,N,E
9,2015MAS7087,PRADEEP KUMAR,1,N,E
10,2015MAS7091,PUROHIT NISARG BHARATBHAI,1,N,E
11,2015MAS7096,SANDEEP MALIK,1,N,E
12,2015MAS7108,YOGESH MANTRI,1,N,E
13,2016AMX5501,ABHIMANYU MOHAN RAJA,1,N,E
14,2016AMX5502,ADITI CHAUDHARY,1,N,E
15,2016AMX5503,AMIT KUMAR RAI,1,N,E
16,2016AMX5504,ANJUM KAISTHA,1,N,E
17,2016AMX5505,ANSHUL SHRIVASTAVA,1,N,E
18,2016AMX5506,CHIGURUPATI MAHAVEER,1,N,E
19,2016AMX5507,DARSHITHA BABU,1,N,E
20,2016AMX5508,DEBASHISH NAYAK,1,N,E
21,2016AMX5509,DHANESH K,1,N,E
22,2016AMX5510,DHEERAJPAL SINGH,1,N,E
23,2016AMX5511,HARIPRIYA PILLAI,1,N,E
24,2016AMX5512,SAINTHUAM THANG JOHN MUNGGUITE,1,N,E
25,2016AMX5513,KIRAN R,1,N,E
26,2016AMX5514,NAVNEET V SAXENA,1,N,E
27,2016AMX5515,NIKITA KASHYAP,1,N,E
28,2016AMX5516,PHADNIS ANUPKUMAR SANTOSH,1,N,E
29,2016AMX5517,PRASHANT SINGH,1,N,E
30,2016AMX5518,PRATHAM TAKSHAK,1,N,E
31,2016AMX5519,PRAVESHA MISHRA,1,N,E
32,2016AMX5520,RAJAN,1,N,E
33,2016AMX5521,RAJAT VERMA,1,N,E
34,2016AMX5522,REKHA,1,N,E
35,2016AMX5523,RENU L RAMDURG,1,N,E
36,2016AMX5524,SUHRID KUMAR SINGH,1,N,E
37,2016AMX5525,SHABNAM JABEEN HUSSAIN,1,N,E
38,2016AMX5526,TAVISHI SINGH,1,N,E
39,2016AMX5527,VISHNU SREEDHAR,1,N,E
40,2016CHZ8348,SIRISHA PARVATHANENI,1,N,E
