List of students registered in (IInd Semester 20162017)
Course Code : AML706
Course Description : FINITE ELEMENT METHODS & ITS APPL.TO MARINE STRU.
Serial No., Entry Number, Student Name, Course Group, Audit Withdrawal, Course Slot
1,2016AMX5501,ABHIMANYU MOHAN RAJA,1,N,H
2,2016AMX5502,ADITI CHAUDHARY,1,N,H
3,2016AMX5503,AMIT KUMAR RAI,1,N,H
4,2016AMX5504,ANJUM KAISTHA,1,N,H
5,2016AMX5505,ANSHUL SHRIVASTAVA,1,N,H
6,2016AMX5506,CHIGURUPATI MAHAVEER,1,N,H
7,2016AMX5507,DARSHITHA BABU,1,N,H
8,2016AMX5508,DEBASHISH NAYAK,1,N,H
9,2016AMX5509,DHANESH K,1,N,H
10,2016AMX5510,DHEERAJPAL SINGH,1,N,H
11,2016AMX5511,HARIPRIYA PILLAI,1,N,H
12,2016AMX5512,SAINTHUAM THANG JOHN MUNGGUITE,1,N,H
13,2016AMX5513,KIRAN R,1,N,H
14,2016AMX5514,NAVNEET V SAXENA,1,N,H
15,2016AMX5515,NIKITA KASHYAP,1,N,H
16,2016AMX5516,PHADNIS ANUPKUMAR SANTOSH,1,N,H
17,2016AMX5517,PRASHANT SINGH,1,N,H
18,2016AMX5518,PRATHAM TAKSHAK,1,N,H
19,2016AMX5519,PRAVESHA MISHRA,1,N,H
20,2016AMX5520,RAJAN,1,N,H
21,2016AMX5521,RAJAT VERMA,1,N,H
22,2016AMX5522,REKHA,1,N,H
23,2016AMX5523,RENU L RAMDURG,1,N,H
24,2016AMX5524,SUHRID KUMAR SINGH,1,N,H
25,2016AMX5525,SHABNAM JABEEN HUSSAIN,1,N,H
26,2016AMX5526,TAVISHI SINGH,1,N,H
27,2016AMX5527,VISHNU SREEDHAR,1,N,H
