List of students registered in (IInd Semester 20162017)
Course Code : AML835
Course Description : MECHANICS OF COMPOSITE MATERIALS
Serial No., Entry Number, Student Name, Course Group, Audit Withdrawal, Course Slot
1,2012AMZ8262,DANISH IQBAL,1,N,A
2,2012AMZ8403,AMIT KUMAR,1,N,A
3,2015AME2026,SHALINI,1,N,A
4,2015AMZ8219,PURNASHIS CHAKRABORTY,1,N,A
5,2016AMD2272,PRIYANSHU  KUMAR,1,N,A
6,2016AMD2283,KIRTI  SINGH,1,N,A
7,2016AMD2290,KAMAL JEET HANS,1,N,A
8,2016AME2243,SURENDRA SINGH RATHORE,1,N,A
9,2016AME2265,RAHUL  PRAJAPATI,1,N,A
10,2016AMZ8342,ANOOP KUMAR PANDOURIA,1,N,A
11,2016AMZ8462,QAZI JUNAID ASHRAF,1,N,A
12,2016BMZ8399,NISHANT  KUMAR,1,N,A
13,2016MEZ8277,AMAN  VIKRAM,1,N,A
14,2016MEZ8551,AISHA  AHMED,1,N,A
15,2012ME10697,PRANJAL SINGH,5,N,A
