List of students registered in (IInd Semester 20162017)
Course Code : APL705
Course Description : FINITE ELEMENT METHOD
Serial No., Entry Number, Student Name, Course Group, Audit Withdrawal, Course Slot
1,2015AMD2718,Pawan Kumar Tiwari,1,N,H
2,2016AMD2268,ABHILASH  GUPTA,1,N,H
3,2016AMD2269,SHIVMOHAN  CHAUHAN,1,N,H
4,2016AMD2272,PRIYANSHU  KUMAR,1,N,H
5,2016AMD2274,SAKET  KUMAR,1,N,H
6,2016AMD2276,VED PRAKASH OJHA,1,N,H
7,2016AMD2277,MANIK  KUMAR,1,N,H
8,2016AMD2278,AJITH K R,1,N,H
9,2016AMD2283,KIRTI  SINGH,1,N,H
10,2016AMD2284,AMANDEEP  SINGH,1,N,H
11,2016AMD2286,VISHAL  SATSANGI,1,N,H
12,2016AMD2290,KAMAL JEET HANS,1,N,H
13,2016AMD2291,DEVESH  SHARAN,1,N,H
14,2016AMD2292,TRAPESH GOPILAL MEENA,1,N,H
15,2016AMD2552,PRIYAVRAT SHARMA,1,N,H
16,2016AMD2898,ARIF  USMANI,1,N,H
17,2016AMD2899,HARIVANSH  BENIWAL,1,N,H
18,2016AMD2900,SUMIT  KUMAR,1,N,H
19,2016AME2242,ABHISHEK  ARORA,1,N,H
20,2016AME2244,VIVEK KUMAR MISHRA,1,N,H
21,2016AME2245,GANESH  MULANI,1,N,H
22,2016AME2247,VIKRAM SINGH RATHORE,1,N,H
23,2016AME2248,ARCHISE SHRIVASTAVA,1,N,H
24,2016AME2249,NITIN  TREHAN,1,N,H
25,2016AME2252,MOHIT KUMAR AGRAWAL,1,N,H
26,2016AME2253,JAYA  TIWARI,1,N,H
27,2016AME2255,CHETANYA DEV BHARADWAJ,1,N,H
28,2016AME2257,AJAY  YADAV,1,N,H
29,2016AME2259,SANDEEP  YADAV,1,N,H
30,2016AME2262,JITENDRA KUMAR SAINI,1,N,H
31,2016AME2264,AVINASH KUMAR CHAUDHARY,1,N,H
32,2016AME2901,LALIT  GAUR,1,N,H
33,2016AME2902,GAURAV  JOSHI,1,N,H
34,2016AME2903,PULKIT  KUMAR,1,N,H
35,2016AME2904,AMARJEET  PASWAN,1,N,H
36,2016AME2905,JAISHRI,1,N,H
37,2016AMZ8465,SHRIKANTH  S,1,N,H
38,2016BMZ8399,NISHANT  KUMAR,1,N,H
39,2016CEZ8159,YOGESH  SHARMA,1,N,H
40,2016CEZ8430,KAVITA PRADIPRAO GANORKAR,1,N,H
41,2016JIT2943,AMIT  KAUSHIK,1,N,H
42,2016JIT2944,NAVNEET RANJAN SINGH,1,N,H
43,2016MEZ8279,GURMINDER  SINGH,1,N,H
44,2016MEZ8551,AISHA  AHMED,1,N,H
45,2016MEZ8557,SURESH BABU MUTTANA,1,N,H
