List of students registered in (IInd Semester 20162017)
Course Code : APL774
Course Description : Modeling and Analysis
Serial No., Entry Number, Student Name, Course Group, Audit Withdrawal, Course Slot
1,2015AMD2851,VIVEK DORLE,1,N,J
2,2015CHZ8432,SHALINI SHIKHA,1,N,J
3,2015CHZ8435,SHARANDEEP SINGH,1,N,J
4,2016AMD2268,ABHILASH  GUPTA,1,N,J
5,2016AMD2269,SHIVMOHAN  CHAUHAN,1,N,J
6,2016AMD2277,MANIK  KUMAR,1,N,J
7,2016AMD2284,AMANDEEP  SINGH,1,N,J
8,2016AMD2286,VISHAL  SATSANGI,1,N,J
9,2016AMD2287,MANISH  KUMAR,1,N,J
10,2016AMD2290,KAMAL JEET HANS,1,N,J
11,2016AMD2899,HARIVANSH  BENIWAL,1,N,J
12,2016AMD2910,AVNEESH VERMA,1,N,J
13,2016AME2248,ARCHISE SHRIVASTAVA,1,N,J
14,2016AME2255,CHETANYA DEV BHARADWAJ,1,N,J
15,2016AME2901,LALIT  GAUR,1,N,J
16,2016CEZ8421,MUKUL  SAXENA,1,N,J
