List of students registered in (IInd Semester 20162017)
Course Code : APL711
Course Description : Advanced Fluid Mechanics
Serial No., Entry Number, Student Name, Course Group, Audit Withdrawal, Course Slot
1,2015AME2057,VISHNU DAS,1,N,K
2,2016AMD2274,SAKET  KUMAR,1,N,K
3,2016AMD2284,AMANDEEP  SINGH,1,N,K
4,2016AMD2292,TRAPESH GOPILAL MEENA,1,N,K
5,2016AME2243,SURENDRA SINGH RATHORE,1,N,K
6,2016AME2245,GANESH  MULANI,1,N,K
7,2016AME2246,NAMAN  DOSHI,1,N,K
8,2016AME2247,VIKRAM SINGH RATHORE,1,N,K
9,2016AME2256,RAHUL  PRADHAN,1,N,K
10,2016AME2259,SANDEEP  YADAV,1,N,K
11,2016AME2262,JITENDRA KUMAR SAINI,1,N,K
12,2016AME2264,AVINASH KUMAR CHAUDHARY,1,N,K
13,2016AME2265,RAHUL  PRAJAPATI,1,N,K
14,2016AME2266,PRABHJOT SINGH SAHI,1,N,K
15,2016AME2902,GAURAV  JOSHI,1,N,K
16,2016AME2904,AMARJEET  PASWAN,1,N,K
17,2016AMZ8463,FAROOQ AHMAD BHAT,1,N,K
18,2016CHZ8348,SIRISHA PARVATHANENI,1,N,K
19,2016MEZ8272,NIKHIL KUMAR SINGH,1,N,K
20,2016MEZ8547,VIKAS  JANGIR,1,N,K
21,2016MEZ8555,SHITAL KUMAR GARG,1,N,K
22,2015ME10654,KUNAL INDRA,2,N,K
23,2015PH10802,HARSH PITALIYA,2,N,K
24,2015ME10634,ANKIT JAIPURIA,3,N,K
25,2015ME10110,MOHD  BABAR,4,N,K
