List of students registered in (IInd Semester 20162017)
Course Code : APL720
Course Description : Computational Fluid Dynamics 
Serial No., Entry Number, Student Name, Course Group, Audit Withdrawal, Course Slot
1,2015AMD2718,Pawan Kumar Tiwari,1,N,M
2,2015CHZ8432,SHALINI SHIKHA,1,N,M
3,2015CHZ8433,GARIMA VISHAL,1,N,M
4,2016AMD2274,SAKET  KUMAR,1,N,M
5,2016AMD2284,AMANDEEP  SINGH,1,N,M
6,2016AMD2287,MANISH  KUMAR,1,N,M
7,2016AMD2291,DEVESH  SHARAN,1,N,M
8,2016AMD2899,HARIVANSH  BENIWAL,1,N,M
9,2016AME2243,SURENDRA SINGH RATHORE,1,N,M
10,2016AME2245,GANESH  MULANI,1,N,M
11,2016AME2246,NAMAN  DOSHI,1,N,M
12,2016AME2247,VIKRAM SINGH RATHORE,1,N,M
13,2016AME2256,RAHUL  PRADHAN,1,N,M
14,2016AME2259,SANDEEP  YADAV,1,N,M
15,2016AME2262,JITENDRA KUMAR SAINI,1,N,M
16,2016AME2264,AVINASH KUMAR CHAUDHARY,1,N,M
17,2016AME2265,RAHUL  PRAJAPATI,1,N,M
18,2016AME2266,PRABHJOT SINGH SAHI,1,N,M
19,2016AME2902,GAURAV  JOSHI,1,N,M
20,2016AME2904,AMARJEET  PASWAN,1,N,M
21,2016AME2905,JAISHRI,1,N,M
22,2016AMZ8347,K. VIGNESH KUMAR,1,N,M
23,2016AMZ8463,FAROOQ AHMAD BHAT,1,N,M
24,2016CHZ8310,SANJEEV  KUMAR,1,N,M
25,2016MEZ8352,AMIT JHA,1,N,M
26,2016MEZ8537,MOHD  ATEEQUE,1,N,M
27,2016MEZ8547,VIKAS  JANGIR,1,N,M
28,2013ME10709,RAJVENDRA SINGH,2,N,M
29,2013ME10739,VIGHNESH SABLOK,2,N,M
30,2014ME10635,ANAND SANGWAN,3,N,M
