List of students registered in (IInd Semester 20162017)
Course Code : ASL736
Course Description : SCIENCE OF CLIMATE CHANGE
Serial No., Entry Number, Student Name, Course Group, Audit Withdrawal, Course Slot
1,2011ME10735,T ABHILASH,0,N,D
2,2013MT60616,SATYEN PANDITA,0,N,D
3,2013CE10352,KHUSHI RAM BAIRWA,1,N,D
4,2013CE10354,KUMAR RAVI,1,N,D
5,2013CH10125,SHUBHAM YADAV,1,N,D
6,2013ME10707,RAHUL MEENA,1,N,D
7,2013PH10856,NAVEEN YADAV,1,N,D
8,2013TT10903,APURV SIBAL,1,N,D
9,2014PH10821,SALVI YADNESH UJWAL,1,N,D
10,2015AST2063,HARSHIT GUPTA,1,N,D
11,2016AST2152,JAGJEET  AGARWAL,1,N,D
12,2016AST2153,AZAD SINGH RAJPOOT,1,N,D
13,2016AST2154,PRADEEP KUMAR,1,N,D
14,2016AST2156,SHOBHIT RAJSINGH DEORI,1,N,D
15,2016AST2157,SHREYA  SINGH,1,N,D
16,2016AST2158,SURADIP  BARUAH,1,N,D
17,2016AST2159,FAIZAN  KHAN,1,N,D
18,2016AST2161,NARAYAN PRASAD KESHRI,1,N,D
19,2016AST2162,DEEPAK  CHAND,1,N,D
20,2016AST2164,JASWANT,1,N,D
21,2016AST2939,AGRIM  RATTAN,1,N,D
22,2016CEZ8151,FAHIMAH SHAD SV,1,N,D
23,2011CH10080,DHARAVATH MOHANLAL,2,N,D
24,2011EE10474,RAJ KUMAR,2,N,D
25,2013CE10315,ADARSH SAPRE,2,N,D
26,2013CE10336,BAL KRISHNA,2,N,D
27,2013CE10412,VIPLOVE CHAUDHARY,2,N,D
28,2013CH10096,PRAKHAR GUPTA,2,N,D
29,2013CH10116,SARWAR HUSSAIN,2,N,D
30,2013ME10689,LOKESH KUMAR,2,N,D
31,2013PH10867,SATVEER GURJAR,2,N,D
32,2010CE10471,PRAMAY TOSHNIWAL,3,N,D
33,2010CH10087,MAST RAM MEENA,3,N,D
34,2012CE10395,SANDEEP SHEORAN,3,N,D
35,2013EE30542,ABHIJEET YADAV,3,N,D
36,2013ME10691,MADHUR COUDHARY,3,N,D
37,2013ME10736,VANKADOTH ESHWAR NAIK,3,N,D
38,2013MT60601,KUMAR SHUBHAM,3,N,D
39,2010CS50271,AAIHSA NISNI E A,4,N,D
40,2011CH70167,MORE PRADEEP BABARAO,4,N,D
41,2011EE50547,GAURAV KALYAN,4,N,D
42,2012ME10651,AMAN SHARMA,4,N,D
43,2013CE10417,VISHAL ANAND,4,N,D
44,2013CH10113,SAHU AMRIT RAMKRISHNA,4,N,D
45,2013CS50301,SOURABH RANA,4,N,D
46,2014CH10080,AKHILESH MEENA,4,N,D
