List of students registered in (IInd Semester 20162017)
Course Code : ASL760
Course Description : RENEWABLE ENERGY METEOROLOGY
Serial No., Entry Number, Student Name, Course Group, Audit Withdrawal, Course Slot
1,2012ME10658,BORKAR SHUBHAM GAJANAN,1,N,K
2,2013TT10903,APURV SIBAL,1,N,K
3,2013TT10956,RAVI SONKRIYA,1,N,K
4,2015AST2063,HARSHIT GUPTA,1,N,K
5,2015AST2064,ISHANT SINGHAL,1,N,K
6,2015AST2878,PRADEEP ARORA,1,N,K
7,2016AST2152,JAGJEET  AGARWAL,1,N,K
8,2016AST2159,FAIZAN  KHAN,1,N,K
9,2016EES2605,POONAM  JYOTI,1,N,K
10,2016EES2606,LATIKA  JOSHI,1,N,K
11,2016MEZ8271,ADITI  GARG,1,N,K
12,2013CH10092,MANOJ KUMAR SUTHAR,2,N,K
13,2013ME10722,SHASHI KUMAR,2,N,K
14,2013PH10881,VISHAL KUMAR,2,N,K
15,2013TT10979,VISHAL,2,N,K
16,2013CH10088,MAHENDRA SINGH CHARAN,3,N,K
17,2013CH10101,RAKESH KUMAR,3,N,K
18,2013CH10111,SACHIN SAINI,3,N,K
19,2013TT10968,SHUBHAM AGGARWAL,3,N,K
20,2009TT10844,RAJ KUMAR,4,N,K
21,2012EE50553,PARAS MISHRA,4,N,K
22,2012EE50554,PRASHANT SINGH MEENA,4,N,K
23,2012EE50566,VINOD KUMAR,4,N,K
24,2013CE10327,ANAGHA SASIKUMAR,4,N,K
25,2013ME10651,AVDHESH MEENA,4,N,K
26,2013TT10946,PARAS AGGRWAL,4,N,K
