List of students registered in (IInd Semester 20162017)
Course Code : ASL757
Course Description : TROPICAL WEATHER AND CLIMATE
Serial No., Entry Number, Student Name, Course Group, Audit Withdrawal, Course Slot
1,2012BB50040,SHENOY RUTHA RATNAKAR,1,N,E
2,2012BB50043,TUSHAR THOTE,1,N,E
3,2012MT50596,KAILASH YADAV,1,N,E
4,2012MT50611,PRAVEEN KUMAR,1,N,E
5,2012MT50617,SARANSH MAHAJAN,1,N,E
6,2013CE10357,MAHENDRA SONI,1,N,E
7,2013CH10067,ADITYA KOTIA,1,N,E
8,2013CH70155,DEVENDRA KUMAR,1,N,E
9,2013CH70180,SIDDHARTHA PRADEEP,1,N,E
10,2013CS10222,GURSHARANPREET SINGH,1,N,E
11,2013EE10451,DHARMENDRA CHOUDHARY,1,N,E
12,2013EE10473,MIHIR DHALIA,1,N,E
13,2013ME10693,MANISH MANOHAR,1,N,E
14,2013ME10696,MOHIT AGRAWAL,1,N,E
15,2013ME10705,PRITAM KUMAR,1,N,E
16,2013ME20771,BACHANTI KRISHNA,1,N,E
17,2013PH10847,HIMANSHU,1,N,E
18,2013PH10849,KEDAM VENKATESHWARGOUD,1,N,E
19,2013PH10856,NAVEEN YADAV,1,N,E
20,2014EE10450,LOKESH KUMAR MEENA,1,N,E
21,2014EE10463,NIKHIL GUPTA,1,N,E
22,2015CEV2175,ABHISHEK MITTAL,1,N,E
23,2015CEV2177,ANMOL,1,N,E
24,2015CEV2180,BHAWIN BOHRA,1,N,E
25,2015CEV2187,NISHANT SINGH CHANDEL,1,N,E
26,2015CEV2190,RIYA RATHORE,1,N,E
27,2015CEV2192,VELAMURI VISWANATH,1,N,E
28,2015CS10264,TANMAY BANSAL,1,N,E
29,2010TT10974,VIPLAV SINGH,2,N,E
30,2011MT50600,GAURAV SINGH,2,N,E
31,2013CH10142,ABHISHEK SHARMA,2,N,E
32,2013CS10226,HOMESH RAWAT,2,N,E
33,2013CS10257,SHUBHAM SAGAR,2,N,E
34,2013EE10458,GOALLA NIHAL,2,N,E
35,2013EE10468,LAKSHAY GOEL,2,N,E
36,2013EE10489,SACHIN RINDER,2,N,E
37,2013EE10493,SARTHAK VIJAY,2,N,E
38,2013ME10689,LOKESH KUMAR,2,N,E
39,2014EE10454,MANMOHAN MEENA,2,N,E
40,2014EE10460,NAMAN GOPAL KABRA,2,N,E
41,2014ME20720,AYUSH AGARWAL,2,N,E
42,2015CS10259,SHOBHIT GUPTA,2,N,E
43,2010TT10447,GAURAV KUMAR MEENA,3,N,E
44,2010TT10907,ANUBHAV KATARIA,3,N,E
45,2012MT50592,DESURU SREE THEJESH,3,N,E
46,2012TT10900,AMAN KUMAR,3,N,E
47,2013CE10372,PAURUSH MITTAL,3,N,E
48,2013CH10090,MANISH KANSAL,3,N,E
49,2013CS10362,NIKHIL PRATAP,3,N,E
50,2013EE10433,AKASH TANWAR,3,N,E
51,2013EE30184,SUPARN SHARMA,3,N,E
52,2013ME10706,PUSKAR SHARMA,3,N,E
53,2013ME10736,VANKADOTH ESHWAR NAIK,3,N,E
54,2013TT10963,SHALU RAWAT,3,N,E
55,2014CH10124,RUSHIL SINGH,3,N,E
56,2014EE10468,PARVEZ ANWAR CHANAWALA,3,N,E
57,2014EE10471,PRAVEEN SINGH RAJPUT,3,N,E
58,2014EE10477,RAHUL JHAJHRIA,3,N,E
59,2014EE30540,SURYAKANT MISHRA,3,N,E
60,2014MT10582,ADARSH ONKAR,3,N,E
61,2014MT10586,ARPIT SANGAL,3,N,E
62,2014MT10611,SANJAY PANDEY,3,N,E
63,2014MT60563,RUBY,3,N,E
64,2014MT60568,TANYA,3,N,E
65,2013BB50022,MIRA KABRA,4,N,E
66,2013CS50298,SHIVANSHU GUPTA,4,N,E
67,2013EE10452,DIVYANSH SRIVASTAVA,4,N,E
68,2013EE10497,SHUBHAM SIKKA,4,N,E
69,2013EE30547,AMAN KUMAR SRIVASTAV,4,N,E
70,2013EE30549,ARPIT JAIN,4,N,E
71,2013EE30566,RONAK ASHARAM MEENA,4,N,E
72,2013ME10644,ANAND SWAROOP,4,N,E
73,2013ME10650,ASHISH SINGH,4,N,E
74,2013MT60621,SHUBHI SINGH,4,N,E
75,2014CH10081,AMAN KUMAR RAI,4,N,E
76,2014EE10422,AJAY KUMAR MAHICHA,4,N,E
77,2014EE10427,ANIRBAN MUKHOPADHYAY,4,N,E
78,2014MT10585,ANISH MAHISHI,4,N,E
79,2014MT10608,SAKSHAM SINGH KUSHWAHA,4,N,E
80,2014MT10610,SANJANA GUPTA,4,N,E
