List of students registered in (IInd Semester 20162017)
Course Code : ASL754
Course Description : CLOUD PHYSICS
Serial No., Entry Number, Student Name, Course Group, Audit Withdrawal, Course Slot
1,2009CH10109,REETA MEENA,1,N,B
2,2012CS10221,BHAVESH CHOUHAN,1,N,B
3,2013EE10517,YASH VERMA,1,N,B
4,2013TT10956,RAVI SONKRIYA,1,N,B
5,2015AST2066,PAWAN KUMAR PATHAK,1,N,B
6,2015AST2067,SHEENA KHAN,1,N,B
7,2016AST2153,AZAD SINGH RAJPOOT,1,N,B
8,2016ASZ8368,ANUSHREE  BISWAS,1,N,B
9,2011CH10080,DHARAVATH MOHANLAL,2,N,B
10,2011EE10474,RAJ KUMAR,2,N,B
11,2011ME20801,SURENDRA KUMAR MEENA,2,N,B
12,2012CS10210,ADITYA SHAKYA,2,N,B
13,2014CS10238,MUKUND RUNGTA,2,N,B
14,2011CH70162,KUNJI LAL MEENA,3,N,B
15,2011ME20775,JOGENDER KUMAR DEVDA,3,N,B
16,2012BB50006,ADITI MISHRA,3,N,B
17,2013CE10372,PAURUSH MITTAL,3,N,B
18,2013CH10095,PARAKH AGARWAL,3,N,B
19,2013CH10105,RISHABH JAIN,3,N,B
20,2013MT60607,ONKAR SIYAG,3,N,B
21,2014CS10254,SHRISTI GOYAL,3,N,B
22,2009TT10844,RAJ KUMAR,4,N,B
23,2011CH70143,AKSHAT SINGHAL,4,N,B
24,2011EE50547,GAURAV KALYAN,4,N,B
25,2012CH70155,DEVILAL,4,N,B
26,2013TT10962,SAUBHAGYA SONAL,4,N,B
27,2014CS50289,PRACHI SINGH,4,N,B
