List of students registered in (IInd Semester 20162017)
Course Code : ASL734
Course Description : DYNAMICS OF THE ATMOSPHERE
Serial No., Entry Number, Student Name, Course Group, Audit Withdrawal, Course Slot
1,2013CH10087,MADHAV AGRAWAL,1,N,H
2,2013CH70163,NAKUL BAHMANIA,1,N,H
3,2013ME20792,PRABUDDH RAI,1,N,H
4,2015CHE2418,DAVID IMMANUEL ARTHUR D,1,N,H
5,2016ASZ8368,ANUSHREE  BISWAS,1,N,H
6,2016ASZ8369,SHASHI  TIWARI,1,N,H
7,2016CEZ8151,FAHIMAH SHAD SV,1,N,H
8,2012CE10349,DHROOVAL VERMA,2,N,H
9,2013ME10681,KAUSHAL JHA,2,N,H
10,2013ME10716,ROHIT PURWAR,2,N,H
11,2014CH10126,SALUMURI LALITH SAI AKHILESH,2,N,H
12,2013CH10105,RISHABH JAIN,3,N,H
13,2013TT10937,KARAN YADAV,3,N,H
14,2012TT10941,PRABHAV SHUKLA,4,N,H
