List of students registered in (IInd Semester 20162017)
Course Code : ASV866
Course Description : SPECIAL MODULE IN ATMOSPHERE AND OCEAN
Serial No., Entry Number, Student Name, Course Group, Audit Withdrawal, Course Slot
1,2013TT10944,NEERAJ MEENA,0,N,P
2,2015AST2878,PRADEEP ARORA,0,N,P
3,2012CS10236,MUKESH KUMAR,1,N,P
4,2015AST2061,ASHOCHYA AGNIHOTRI,1,N,P
5,2015AST2064,ISHANT SINGHAL,1,N,P
6,2015AST2068,SHIWANSHA MISHRA,1,N,P
7,2016AST2153,AZAD SINGH RAJPOOT,1,N,P
8,2016AST2156,SHOBHIT RAJSINGH DEORI,1,N,P
9,2016AST2157,SHREYA  SINGH,1,N,P
10,2016AST2158,SURADIP  BARUAH,1,N,P
11,2016AST2159,FAIZAN  KHAN,1,N,P
12,2016AST2161,NARAYAN PRASAD KESHRI,1,N,P
13,2016AST2162,DEEPAK  CHAND,1,N,P
14,2016AST2939,AGRIM  RATTAN,1,N,P
15,2013TT10904,ARCHIT AGARWAL,2,N,P
16,2011ME10735,T ABHILASH,3,N,P
17,2011CH70143,AKSHAT SINGHAL,4,N,P
