List of students registered in (IInd Semester 20162017)
Course Code : BBL432
Course Description : FLUID SOLID SYSTEMS
Serial No., Entry Number, Student Name, Course Group, Audit Withdrawal, Course Slot
1,2013BB50011,DHRITIRAJ DAS,3,N,H
2,2014BB10021,ABHAY KAROL,3,N,H
3,2014BB10023,ADITI AGRAWAL,3,N,H
4,2014BB10025,ANKIT KUMAR KASWAN,3,N,H
5,2014BB10029,ARCHIT KUMAR,3,N,H
6,2014BB10031,BARATH KUMAR S,3,N,H
7,2014BB10033,BHAVE CHAITANYA VIDYADHAR,3,N,H
8,2014BB10035,GAJRAJ SINGH YADAV,3,N,H
9,2014BB10040,JATIN MITTAL,3,N,H
10,2014BB10042,K VINAY,3,N,H
11,2014BB10047,PANKAJ YADAV,3,N,H
12,2014BB10050,RANDHEER KUMAR,3,N,H
13,2014BB10052,RASHMI YADAV,3,N,H
14,2014BB10054,SAUMYA GOYAL,3,N,H
15,2014BB10056,SAURABH PARIKH,3,N,H
16,2014BB10058,SHASHANK GARG,3,N,H
17,2014BB10061,SONAKSHI BHATIA,3,N,H
18,2014BB10063,VARSHA SESHADRI,3,N,H
19,2014BB10065,VIJAYANT PRATAP,3,N,H
20,2014BB50001,ABHINAV KUMAR SHUKLA,3,N,H
21,2014BB50003,ASHIM GARG,3,N,H
22,2014BB50005,KANISHK,3,N,H
23,2014BB50008,NEHA MEENA,3,N,H
24,2014BB50010,PARAS AGRAWAL,3,N,H
25,2014BB50012,SAMARTH,3,N,H
26,2014BB10022,ABHI JAIN,4,N,H
27,2014BB10026,ANKIT KUMAR,4,N,H
28,2014BB10028,ANURAG DANI,4,N,H
29,2014BB10030,AYUSHI AGRAWAL,4,N,H
30,2014BB10036,GANJI UMESH CHANDAN,4,N,H
31,2014BB10041,JATIN KOHAR,4,N,H
32,2014BB10043,KARTIKEYA SINGH,4,N,H
33,2014BB10048,PRADHAN SIDDHANT SAMEER,4,N,H
34,2014BB10051,NEHA RANGARI,4,N,H
35,2014BB10055,SAURABH SRIVASTAVA,4,N,H
36,2014BB10057,SHANTANU MATHANKAR,4,N,H
37,2014BB10059,SHAURYA MALHOTRA,4,N,H
38,2014BB10064,VATAN GOYAL,4,N,H
39,2014BB50002,AKASH KAKANWAR,4,N,H
40,2014BB50009,NISHA BHATT,4,N,H
41,2014BB50011,S KAUSHIK YADAV,4,N,H
42,2014BB50013,SHUBHAM GOEL,4,N,H
43,2014BB50015,VINEET KUMAR,4,N,H
