List of students registered in (IInd Semester 20162017)
Course Code : BBL431
Course Description : BIOPROCESS TECHNOLOGY
Serial No., Entry Number, Student Name, Course Group, Audit Withdrawal, Course Slot
1,2015BB10033,EASH SHARMA,0,N,J
2,2011BB50049,ABHISHEK RATHOD,1,N,J
3,2012BB50021,RAMESH CHAND MEENA,3,N,J
4,2013BB50044,TISHYA KAPOOR,3,N,J
5,2013CH10095,PARAKH AGARWAL,3,N,J
6,2014BB10021,ABHAY KAROL,3,N,J
7,2014BB10023,ADITI AGRAWAL,3,N,J
8,2014BB10025,ANKIT KUMAR KASWAN,3,N,J
9,2014BB10029,ARCHIT KUMAR,3,N,J
10,2014BB10033,BHAVE CHAITANYA VIDYADHAR,3,N,J
11,2014BB10035,GAJRAJ SINGH YADAV,3,N,J
12,2014BB10040,JATIN MITTAL,3,N,J
13,2014BB10042,K VINAY,3,N,J
14,2014BB10047,PANKAJ YADAV,3,N,J
15,2014BB10050,RANDHEER KUMAR,3,N,J
16,2014BB10052,RASHMI YADAV,3,N,J
17,2014BB10054,SAUMYA GOYAL,3,N,J
18,2014BB10056,SAURABH PARIKH,3,N,J
19,2014BB10058,SHASHANK GARG,3,N,J
20,2014BB10061,SONAKSHI BHATIA,3,N,J
21,2014BB10063,VARSHA SESHADRI,3,N,J
22,2014BB10065,VIJAYANT PRATAP,3,N,J
23,2014BB50001,ABHINAV KUMAR SHUKLA,3,N,J
24,2014BB50003,ASHIM GARG,3,N,J
25,2014BB50005,KANISHK,3,N,J
26,2014BB50008,NEHA MEENA,3,N,J
27,2014BB50010,PARAS AGRAWAL,3,N,J
28,2014BB50012,SAMARTH,3,N,J
29,2015BB10021,ABHINAV ARORA,3,N,J
30,2015BB10023,ADHHAYAN,3,N,J
31,2015BB10029,ARNAV KARAN,3,N,J
32,2015BB10041,KUMAR KOMALESHWARI RANI NARESH,3,N,J
33,2015BB10043,MALLIKA SINGLA,3,N,J
34,2015BB10047,PALLAVI MISRA,3,N,J
35,2015BB10053,RAHUL KHETAN,3,N,J
36,2015BB10057,SAMYAK JAIN,3,N,J
37,2013BB50001,ABHISHEK PANDEY,4,N,J
38,2013BB50039,SHUBHAM CHAWLA,4,N,J
39,2013CH10089,MANISH KRISHNA BHAT,4,N,J
40,2014BB10022,ABHI JAIN,4,N,J
41,2014BB10026,ANKIT KUMAR,4,N,J
42,2014BB10028,ANURAG DANI,4,N,J
43,2014BB10030,AYUSHI AGRAWAL,4,N,J
44,2014BB10034,DEEPAK KUMAR,4,N,J
45,2014BB10036,GANJI UMESH CHANDAN,4,N,J
46,2014BB10043,KARTIKEYA SINGH,4,N,J
47,2014BB10048,PRADHAN SIDDHANT SAMEER,4,N,J
48,2014BB10051,NEHA RANGARI,4,N,J
49,2014BB10053,SATYAJEET KUMAR,4,N,J
50,2014BB10057,SHANTANU MATHANKAR,4,N,J
51,2014BB10059,SHAURYA MALHOTRA,4,N,J
52,2014BB10064,VATAN GOYAL,4,N,J
53,2014BB50002,AKASH KAKANWAR,4,N,J
54,2014BB50009,NISHA BHATT,4,N,J
55,2014BB50011,S KAUSHIK YADAV,4,N,J
56,2014BB50013,SHUBHAM GOEL,4,N,J
57,2014BB50015,VINEET KUMAR,4,N,J
58,2015BB10038,MIHIR CHANDRASHEKHAR JAIN,4,N,J
59,2015BB10046,PAHADE ASMITA KAMALKUMAR,4,N,J
60,2015BB50004,DIVYA GARG,4,N,J
61,2015BB50010,NITESH CHAUDHARY,4,N,J
