List of students registered in (IInd Semester 20162017)
Course Code : BBL742
Course Description : BIOLOGICAL WASTE TREATMENT
Serial No., Entry Number, Student Name, Course Group, Audit Withdrawal, Course Slot
1,2011BB50049,ABHISHEK RATHOD,1,N,D
2,2012BB50007,ANANT PREET,1,N,D
3,2015CEZ8493,Maneesh N,1,N,D
4,2015CHZ8435,SHARANDEEP SINGH,1,N,D
5,2011BB50020,JASMEET SINGH,2,N,D
6,2012BB50002,AAYUSHI SINGHAL,2,N,D
7,2012BB50035,RISHABH MATHUR,2,N,D
8,2012BB50041,NIKHIL KANOJIA,2,N,D
9,2012BB50047,VIVEK,2,N,D
10,2010BB50042,TALABATHULA RAVALI KANAKA SARAN,3,N,D
11,2011BB50051,JAIPRAKASH,3,N,D
12,2011ME20763,AMAN BHAGERIA,3,N,D
13,2012BB50021,RAMESH CHAND MEENA,3,N,D
14,2012BB50024,MANEESH KUMAR DHAVAN,3,N,D
15,2012BB50033,RAGHAV KUMAR,3,N,D
16,2013BB50002,AJAY SINGH DHAYAL,3,N,D
17,2013BB50004,AROGYA RAJKUMAR GUMMADI,3,N,D
18,2013BB50006,BINTU KUMAR MEENA,3,N,D
19,2013BB50009,DEEPAK KUMAR JAT,3,N,D
20,2013BB50011,DHRITIRAJ DAS,3,N,D
21,2013BB50013,DIVYA CHAUDHARY,3,N,D
22,2013BB50017,KALURAM NINAMA,3,N,D
23,2013BB50021,MALLA PARAMESH,3,N,D
24,2013BB50023,NARESH KUMAR MEENA,3,N,D
25,2013BB50025,PRIYANKA JALWAN,3,N,D
26,2013BB50027,RAJ KUMAR,3,N,D
27,2013BB50029,RISHI DAYANAND,3,N,D
28,2013BB50031,ROBIN CHAUDHARY,3,N,D
29,2013BB50034,SATYARTH GUPTA,3,N,D
30,2013BB50036,SHAILLY DHARAWAT,3,N,D
31,2013BB50040,SHUBHAM MADDHESHIYA,3,N,D
32,2013BB50048,PALASH GUPTA,3,N,D
33,2013CE10322,AKSHIT CHANDRA,3,N,D
34,2013BB50003,ANIRUDDH YADAV,4,N,D
35,2013BB50005,BIJJIGA JAYARAM,4,N,D
36,2013BB50010,DEVENDRA SINGH,4,N,D
37,2013BB50016,JAYANT NAHATA,4,N,D
38,2013BB50018,KSHITIJ RAI,4,N,D
39,2013BB50020,KUNAL CHAUDHARY,4,N,D
40,2013BB50024,PRASHANT PANDEY,4,N,D
41,2013BB50026,PRIYANSHU AGARWAL,4,N,D
42,2013BB50035,SAURABH SHARMA,4,N,D
43,2013BB50037,SHILPA KAMBOJ,4,N,D
44,2013BB50043,SWATI AGRAWAL,4,N,D
45,2013BB50047,YATISH AGRAWAL,4,N,D
46,2013CE10407,VEDANT SHANKAR,4,N,D
