List of students registered in (IInd Semester 20162017)
Course Code : BBQ301
Course Description : SEMINAR COURSE - I
Serial No., Entry Number, Student Name, Course Group, Audit Withdrawal, Course Slot
1,2013BB50031,ROBIN CHAUDHARY,0,N,P
2,2014EE30505,DEEPAK KORKU,0,N,P
3,2014ME20754,RICKSHESH MANCHANDA,0,N,P
4,2013CE10344,HANZALA SHAFI,1,N,P
5,2013CH10062,ABHINESH MEENA,1,N,P
6,2013CH10131,OM PRAKASH CHOUDHARY,1,N,P
7,2013PH10849,KEDAM VENKATESHWARGOUD,1,N,P
8,2014ME20731,HARSHVARDHAN SINGH,1,N,P
9,2014ME20734,JITENDRA CHOUDHARY,1,N,P
10,2014PH10815,RASHMI RAJEEV PANTAWANE,1,N,P
11,2013CS10210,ANKUSH SINGHAL,2,N,P
12,2013ME10700,PARAS GARG,2,N,P
13,2014CH70173,NAHUSH GOLAIT,2,N,P
14,2014CH70178,PRATEEK KALESHWARWAR,2,N,P
15,2013CE10326,AMIR TOPHEL,3,N,P
16,2013CE10340,DIVYANSHU SUNDRIYAL,3,N,P
17,2013EE10518,YASHWANT MEENA,3,N,P
18,2014BB10037,GULSHAN VERMA,3,N,P
19,2014BB50005,KANISHK,3,N,P
20,2014BB50012,SAMARTH,3,N,P
21,2014CH10130,SAURABH PANDEY,3,N,P
22,2014CS10263,VALLURI SRI RAM,3,N,P
23,2015BB10021,ABHINAV ARORA,3,N,P
24,2015BB10023,ADHHAYAN,3,N,P
25,2015BB10025,AKASHI NEGI,3,N,P
26,2015BB10029,ARNAV KARAN,3,N,P
27,2015BB10043,MALLIKA SINGLA,3,N,P
28,2015BB10047,PALLAVI MISRA,3,N,P
29,2015BB10051,PRINCE AGRAWAL,3,N,P
30,2015BB10053,RAHUL KHETAN,3,N,P
31,2015BB10057,SAMYAK JAIN,3,N,P
32,2015BB50003,BHARTI MEENA,3,N,P
33,2015BB50007,KANCHARANA PREETI RAJ,3,N,P
34,2015CH10093,CHANCHAL MEENA,3,N,P
35,2015EE30533,SACHIN KUMAWAT,3,N,P
36,2013CE10327,ANAGHA SASIKUMAR,4,N,P
37,2013CE10371,PANKAJ KUMAR,4,N,P
38,2013CH10112,SAGAR MITTAL,4,N,P
39,2013CH10120,SHANKHABRATA NAG,4,N,P
40,2013EE30547,AMAN KUMAR SRIVASTAV,4,N,P
41,2014BB10024,AMIT KUMAR,4,N,P
42,2014BB10028,ANURAG DANI,4,N,P
43,2014BB10039,J SHANKAR,4,N,P
44,2014BB10053,SATYAJEET KUMAR,4,N,P
45,2014BB10055,SAURABH SRIVASTAVA,4,N,P
46,2014CH10087,ARYAN GUPTA,4,N,P
47,2014TT10856,ABHINAV SAHARAN,4,N,P
48,2015BB10022,ABHISHEK KUMAR SAHU,4,N,P
49,2015BB10024,AISHVI JAIN,4,N,P
50,2015BB10026,AMRITANSHU,4,N,P
51,2015BB10030,ASHWIN GARG,4,N,P
52,2015BB10038,MIHIR CHANDRASHEKHAR JAIN,4,N,P
53,2015BB10046,PAHADE ASMITA KAMALKUMAR,4,N,P
54,2015BB10050,PRAJJWAL SIHAG,4,N,P
55,2015BB10052,PUNEET LAGOO,4,N,P
56,2015BB10060,SHRADHA SAINI,4,N,P
57,2015BB50004,DIVYA GARG,4,N,P
58,2015BB50010,NITESH CHAUDHARY,4,N,P
