List of students registered in (IInd Semester 20162017)
Course Code : BBQ303
Course Description : SEMINAR COURSE - III
Serial No., Entry Number, Student Name, Course Group, Audit Withdrawal, Course Slot
1,2014EE30535,SHIVAM ASATI,0,N,P
2,2013CH10131,OM PRAKASH CHOUDHARY,1,N,P
3,2013PH10849,KEDAM VENKATESHWARGOUD,1,N,P
4,2015ME10899,JASLEEN  KAUR,1,N,P
5,2015BB10025,AKASHI NEGI,3,N,P
6,2015BB10043,MALLIKA SINGLA,3,N,P
7,2015BB10047,PALLAVI MISRA,3,N,P
8,2015BB10057,SAMYAK JAIN,3,N,P
9,2015BB50003,BHARTI MEENA,3,N,P
10,2015BB50007,KANCHARANA PREETI RAJ,3,N,P
11,2015BB50011,PATNANA MOUNICA,3,N,P
12,2015BB10024,AISHVI JAIN,4,N,P
13,2015BB10038,MIHIR CHANDRASHEKHAR JAIN,4,N,P
14,2015BB10046,PAHADE ASMITA KAMALKUMAR,4,N,P
15,2015BB10056,ROSHINEE P,4,N,P
16,2015BB10060,SHRADHA SAINI,4,N,P
17,2015BB10062,SWAPNIL SINHA,4,N,P
18,2015BB50004,DIVYA GARG,4,N,P
19,2015BB50006,JASHAN SINGH SURI,4,N,P
20,2015BB50010,NITESH CHAUDHARY,4,N,P
