List of students registered in (IInd Semester 20162017)
Course Code : BED854
Course Description : MAJOR PROJECT PART 2 (BB)
Serial No., Entry Number, Student Name, Course Group, Audit Withdrawal, Course Slot
1,2012BB50001,AASHIKA SEKAR,1,N,P
2,2012BB50013,AYAN AGRAWAL,1,N,P
3,2012BB50016,DWARAKANATH RAGIRE,1,N,P
4,2012BB50019,G VIJAY KUMAR,1,N,P
5,2012BB50025,MAYANK KUMAR SAHU,1,N,P
6,2012BB50028,NIKHIL PATIDAR,1,N,P
7,2012BB50037,ROSHI RAINA,1,N,P
8,2012BB50040,SHENOY RUTHA RATNAKAR,1,N,P
9,2012BB50002,AAYUSHI SINGHAL,2,N,P
10,2012BB50008,DEEPENDRA KUSHWAH,2,N,P
11,2012BB50017,GAURAV SINGH CHOUDHARY,2,N,P
12,2012BB50020,KARISHMA DAGAL,2,N,P
13,2012BB50023,MALAY SHAH,2,N,P
14,2012BB50026,MEENAKSHI SARANGA,2,N,P
15,2012BB50032,PREM KHOJA,2,N,P
16,2012BB50035,RISHABH MATHUR,2,N,P
17,2012BB50044,VASU JAISWAL,2,N,P
18,2012BB50009,AASHIMA GOYAL,3,N,P
19,2012BB50015,DIVYANSH APURVA,3,N,P
20,2012BB50036,ROHIT KUMAR AGARWAL,3,N,P
21,2012BB50039,SHASHANK YADAV,3,N,P
22,2012BB50048,YASH KUMAR BHATI,3,N,P
