List of students registered in (IInd Semester 20162017)
Course Code : BED852
Course Description : MAJOR PROJECT PART 2 (BB)
Serial No., Entry Number, Student Name, Course Group, Audit Withdrawal, Course Slot
1,2012BB50034,RAHUL KUMAR,1,N,P
2,2012BB50043,TUSHAR THOTE,1,N,P
3,2012BB50049,CHIRAG MITTAL,1,N,P
4,2012BB50005,ABHINEET SAIN,2,N,P
5,2012BB50011,ANNIE GODARA,2,N,P
6,2012BB50003,ABHAY TANKSALI,3,N,P
7,2012BB50006,ADITI MISHRA,3,N,P
8,2012BB50012,ATUL VERMA,3,N,P
9,2012BB50018,GUNJAN GUPTA,3,N,P
