List of students registered in (IInd Semester 20162017)
Course Code : BML750
Course Description : POINT OF CARE MEDICAL DIAG DEV
Serial No., Entry Number, Student Name, Course Group, Audit Withdrawal, Course Slot
1,2012BB50010,ANKIT DUTT,1,N,J
2,2012BB50043,TUSHAR THOTE,1,N,J
3,2012BB50032,PREM KHOJA,2,N,J
4,2013CH70171,ROHAN TOMAR,2,N,J
5,2013ME20762,ADITYA MAHAJAN,2,N,J
6,2012BB50003,ABHAY TANKSALI,3,N,J
7,2012BB50012,ATUL VERMA,3,N,J
8,2013EE30550,ASHUTOSH KUMAR,3,N,J
9,2013EE30555,KAILASH CHANDRA,3,N,J
10,2012CH70149,ARIDAMAN,4,N,J
11,2012CH70153,DEEPRAJ TITORIA,4,N,J
12,2012CH70157,JITENDRA CHOUDHARY,4,N,J
13,2013EE30544,AKASH GAUTAM,4,N,J
14,2013EE30546,AKSHAY KAROL,4,N,J
