List of students registered in (IInd Semester 20162017)
Course Code : BML710
Course Description : INDUSTRIAL BIOMATERIAL TECHNOLOGY
Serial No., Entry Number, Student Name, Course Group, Audit Withdrawal, Course Slot
1,2013CH70147,ALISHA AGRAWAL,1,N,X
2,2013CH70165,NIKHIL AGRAWAL,1,N,X
3,2015JPT2295,ISHA,1,N,X
4,2015JPT2301,PRANJAL SACHAN,1,N,X
5,2015JPT2303,ROHIT ANTIL,1,N,X
6,2015JPT2304,SAROJ KUMAR,1,N,X
7,2015JPT2306,SURYA KP,1,N,X
8,2016BLY7512,S  SUJITHRA,1,N,X
9,2013CH10116,SARWAR HUSSAIN,2,N,X
10,2014ME20715,ANKUR GOEL,2,N,X
11,2012CH70154,DEVABRATA DAS,3,N,X
12,2012CH70145,AMIT KUMAR,4,N,X
