List of students registered in (IInd Semester 20162017)
Course Code : BML800
Course Description : RESEARCH TECHNIQUES IN BIOMEDICAL ENGINEERING
Serial No., Entry Number, Student Name, Course Group, Audit Withdrawal, Course Slot
1,2013CH10096,PRAKHAR GUPTA,0,N,C
2,2010TT10953,RAVI KUMAR,1,N,C
3,2011ME10701,NEERAJ KUMAR,1,N,C
4,2012ME20787,NIRANJAN MEENA,1,N,C
5,2013CH10102,RAMTEKE RUCHA SIDDHARTH,1,N,C
6,2013EE10441,AVINASH PATEL,1,N,C
7,2013EE10473,MIHIR DHALIA,1,N,C
8,2013ME10693,MANISH MANOHAR,1,N,C
9,2013ME10707,RAHUL MEENA,1,N,C
10,2013ME20779,GRISHMI CHAAND,1,N,C
11,2013ME20784,JYOTI NAYAK,1,N,C
12,2014ME20734,JITENDRA CHOUDHARY,1,N,C
13,2015PHS7133,NARENDER LAMBA,1,N,C
14,2016BMZ8397,ASHUTOSH  TIWARI,1,N,C
15,2012CS10265,RATANLAL,2,N,C
16,2012MT50584,ABHISHEK MISHRA,2,N,C
17,2012MT50627,VINEET KUMAR,2,N,C
18,2013CH70164,NEELAM BILONIYA,2,N,C
19,2013EE10489,SACHIN RINDER,2,N,C
20,2013EE10493,SARTHAK VIJAY,2,N,C
21,2013ME10676,KAILASH MOOND,2,N,C
22,2013ME10692,MANISH KUMAR MEENA,2,N,C
23,2014ME20740,MOHAMMAD OSAID,2,N,C
24,2011CH70166,MOHIT MITTAL,3,N,C
25,2011ME20775,JOGENDER KUMAR DEVDA,3,N,C
26,2012CH70144,AMIN DHRUVIN JATINBHAI,3,N,C
27,2012CH70154,DEVABRATA DAS,3,N,C
28,2012EE10971,SAURABH YADAV,3,N,C
29,2013EE10433,AKASH TANWAR,3,N,C
30,2013EE30184,SUPARN SHARMA,3,N,C
31,2013EE30555,KAILASH CHANDRA,3,N,C
32,2013EE30568,TANYA SABOO,3,N,C
33,2013EE30571,SHIVPAL CHAUDHARY,3,N,C
34,2013ME10674,HITESH CHAUHAN,3,N,C
35,2013ME10703,PRASHANT YADAV,3,N,C
36,2013TT10932,HIMANSHU GOYAL,3,N,C
37,2014EE30505,DEEPAK KORKU,3,N,C
38,2012CH70145,AMIT KUMAR,4,N,C
39,2012CH70173,SAHIL GUPTA,4,N,C
40,2012CH70187,VARUN SOGANI,4,N,C
41,2013EE10497,SHUBHAM SIKKA,4,N,C
42,2013EE10499,SHUBHAM YADAV,4,N,C
43,2013EE30544,AKASH GAUTAM,4,N,C
44,2013EE30545,AKSHAT SRIVASTAVA,4,N,C
45,2013EE30546,AKSHAY KAROL,4,N,C
46,2013EE30549,ARPIT JAIN,4,N,C
47,2013ME10647,ANKIT SHIROMANI,4,N,C
48,2013TT10971,SNIGDHA BHANDARI,4,N,C
49,2014EE10436,DESHANT R. FUSATE,4,N,C
50,2014EE30535,SHIVAM ASATI,4,N,C
