List of students registered in (IInd Semester 20162017)
Course Code : BMV700
Course Description : BIOMECHANICAL DES MEDICAL DEV.
Serial No., Entry Number, Student Name, Course Group, Audit Withdrawal, Course Slot
1,2012BB50047,VIVEK,0,N,P
2,2013CH10113,SAHU AMRIT RAMKRISHNA,0,N,P
3,2013EE30558,MOHD ADIL,0,N,P
4,2010TT10953,RAVI KUMAR,1,N,P
5,2012BB50010,ANKIT DUTT,1,N,P
6,2013CH10102,RAMTEKE RUCHA SIDDHARTH,1,N,P
7,2013ME20765,AMIT BHARGAVA,1,N,P
8,2013TT10897,ABNISH ANAND,1,N,P
9,2015TT10863,MINAAL DEMBLA,1,N,P
10,2010TT10909,ARUN KUMAR,2,N,P
11,2012BB50044,VASU JAISWAL,2,N,P
12,2013PH10883,ZAHEER HASSAN SIDDIQUI,2,N,P
13,2013TT10904,ARCHIT AGARWAL,2,N,P
14,2010CH10087,MAST RAM MEENA,3,N,P
15,2012BB50033,RAGHAV KUMAR,3,N,P
16,2012CS10226,EDUBILLI AVINASH,3,N,P
17,2013CH10094,OJASVI MONGA,3,N,P
18,2013CH10111,SACHIN SAINI,3,N,P
19,2013CH10123,SHRUTI GOYAL,3,N,P
20,2013ME20768,ARUN BHANDARI,3,N,P
21,2013ME20791,POORNIMA VERMA,3,N,P
22,2013ME20806,YASH NALWAYA,3,N,P
23,2013MT60614,RAVEENA RASHMIRAJ KARJODKAR,3,N,P
24,2012CH70149,ARIDAMAN,4,N,P
25,2012TT10941,PRABHAV SHUKLA,4,N,P
26,2013BB50037,SHILPA KAMBOJ,4,N,P
27,2013CH10069,AMAN KHANDELWAL,4,N,P
28,2013CH10120,SHANKHABRATA NAG,4,N,P
29,2013EE30567,ROSHAN KUMAR,4,N,P
