List of students registered in (IInd Semester 20162017)
Course Code : CHL727
Course Description : HETEROGENEOUS CATALYSIS AND CATALYTIC REACTORS
Serial No., Entry Number, Student Name, Course Group, Audit Withdrawal, Course Slot
1,2011CH70170,PALASH KIRAR,3,N,E
2,2012CH70027,NALIN SINGLA,3,N,E
3,2012CH70031,PRABHAS KUMAR,3,N,E
4,2012CH70144,AMIN DHRUVIN JATINBHAI,3,N,E
5,2012CH70148,ANURAG RANJAK,3,N,E
6,2012CH70150,AYUSH AGRAWAL,3,N,E
7,2012CH70154,DEVABRATA DAS,3,N,E
8,2012CH70170,RAVI MALIK,3,N,E
9,2012CH70172,RAVI PRAKASH,3,N,E
10,2012CH70176,SEEMA YADAV,3,N,E
11,2012CH70178,SHUBHAM,3,N,E
12,2012CH70180,SUDHEER CHAUDHARY,3,N,E
13,2012CH70190,PRIYA MEENA,3,N,E
14,2012CH70912,GARVIT GOEL,3,N,E
15,2012CH70141,ABHISHEK MEENA,4,N,E
16,2012CH70147,ANKIT YADAV,4,N,E
17,2012CH70149,ARIDAMAN,4,N,E
18,2012CH70153,DEEPRAJ TITORIA,4,N,E
19,2012CH70155,DEVILAL,4,N,E
20,2012CH70157,JITENDRA CHOUDHARY,4,N,E
21,2012CH70167,PRANJAL SOMANI,4,N,E
22,2012CH70169,RAJESH KUMAR REGAR,4,N,E
23,2012CH70171,RAVINA CHOUDHARY,4,N,E
24,2012CH70177,SHIVAM MISHRA,4,N,E
25,2012CH70185,UJJWAL SINHA,4,N,E
26,2012CH70187,VARUN SOGANI,4,N,E
27,2012CH70191,YOTESH,4,N,E
