List of students registered in (IInd Semester 20162017)
Course Code : CLD353
Course Description : MINOR DESIGN PROJECT - III
Serial No., Entry Number, Student Name, Course Group, Audit Withdrawal, Course Slot
1,2013CH10067,ADITYA KOTIA,1,N,P
2,2013CH10084,KARAN SINGH BHAGORIA,1,N,P
3,2013CH10125,SHUBHAM YADAV,1,N,P
4,2013CH10126,SHUBHAM BADOLA,1,N,P
5,2013CH10131,OM PRAKASH CHOUDHARY,1,N,P
6,2013CH70143,ADESH SHARMA,1,N,P
7,2013CH70149,AMIT RAJU KOTHARI,1,N,P
8,2013CH70176,SARTHAK AJMERA,1,N,P
9,2013CH70178,SHOURYA KHICHARIYA,1,N,P
10,2013CS10254,SAKSHAM GUPTA,1,N,P
11,2013CH10064,ABHISHEK KUMAR,2,N,P
12,2013CH10075,ANURUP DEY,2,N,P
13,2013CH10080,HARDEEP SINGH,2,N,P
14,2013CH10097,PRATEEK SACHAN,2,N,P
15,2013CH10122,SHOURI SRINIVAS CHIKKERUR,2,N,P
16,2013CH10142,ABHISHEK SHARMA,2,N,P
17,2013CH70162,MAYANK DEEP BANSOD,2,N,P
18,2013CH70177,SHIVENDRA SINGH,2,N,P
19,2013CH70179,SHUBHAM KUMAR YADAV,2,N,P
20,2013CH70183,SUDHANSHU SHEKHAR,2,N,P
21,2013CH70369,PALASH NANDWANI,2,N,P
22,2013CH10065,ADITI JAIN,3,N,P
23,2013CH10085,KESHU PRIYADARSHI,3,N,P
24,2013CH10088,MAHENDRA SINGH CHARAN,3,N,P
25,2013CH10098,PRATYUSH GOEL,3,N,P
26,2013CH10099,RAJAT GARG,3,N,P
27,2013CH10105,RISHABH JAIN,3,N,P
28,2013CH10111,SACHIN SAINI,3,N,P
29,2013CH10118,SAURABH MAURYA,3,N,P
30,2013CH10123,SHRUTI GOYAL,3,N,P
31,2013CH10124,SHUBHAM VISHWAKARMA,3,N,P
32,2013CH10072,ANKITA SINGH,4,N,P
33,2013CH10074,ANTRIKSH JOHRI,4,N,P
34,2013CH10081,HIMANSHI GAUTAM,4,N,P
35,2013CH10112,SAGAR MITTAL,4,N,P
