List of students registered in (IInd Semester 20162017)
Course Code : CLD782
Course Description : Major Project - II
Serial No., Entry Number, Student Name, Course Group, Audit Withdrawal, Course Slot
1,2015CHE2415,ANSHUMAN GOSWAMI,1,N,P
2,2015CHE2418,DAVID IMMANUEL ARTHUR D,1,N,P
3,2015CHE2419,DIPAKKUMAR RANABHAI VAS,1,N,P
4,2015CHE2420,DIVAKAR REDDY AIREDDY,1,N,P
5,2015CHE2422,JATIN KUMAR,1,N,P
6,2015CHE2430,PRASAD UDAY BANDODKAR,1,N,P
7,2015CHE2431,PRIYA SINGH,1,N,P
8,2015CHE2433,RAVULURI SAHITHI,1,N,P
9,2015CHE2436,SAMEER PANDEY,1,N,P
10,2015CHE2438,SHAKTI SINGH,1,N,P
11,2015CHE2440,SHUBHAM CHAUHAN,1,N,P
12,2015CHE2448,VINOD KUMAR,1,N,P
