List of students registered in (IInd Semester 20162017)
Course Code : CLD771
Course Description : Minor Project
Serial No., Entry Number, Student Name, Course Group, Audit Withdrawal, Course Slot
1,2013CH10081,HIMANSHI GAUTAM,0,N,P
2,2016CHE2176,IMEE  SINHA,1,N,P
3,2016CHE2179,KAKALI PRIYAM GOSWAMI,1,N,P
4,2016CHE2181,TARUN  JOSHI,1,N,P
5,2016CHE2185,VAIBHAV  SHUKLA,1,N,P
6,2016CHE2187,SURENDRANATH  KILARU,1,N,P
7,2016CHE2188,POOJA  UPRETI,1,N,P
8,2016CHE2189,LAKSHAY  SHARMA,1,N,P
9,2016CHE2190,AYUSHI  PANDEY,1,N,P
10,2016CHE2191,ABHISHEK KUMAR,1,N,P
11,2016CHE2192,AKSHIT  KANSAL,1,N,P
12,2016CHE2194,JOHN P JOHN,1,N,P
13,2016CHE2195,SAUVIK  SAHU,1,N,P
14,2016CHE2197,ANURAG KUMAR MADDHESHIYA,1,N,P
15,2016CHE2199,SATYAM  GANGWAR,1,N,P
16,2016CHE2200,SHAILENDRA  DANGI,1,N,P
17,2016CHE2201,PRIYANSHU  ARYA,1,N,P
18,2016CHE2202,ANOOP KUMAR BATHAM,1,N,P
19,2016CHE2203,KULDEEP KUMAR MAURYA,1,N,P
20,2016CHE2204,AMIT  PRASAD,1,N,P
21,2016CHE2206,CHUKKALA  MADHURI,1,N,P
22,2016CHE2209,SHAILENDRA  KAMAL,1,N,P
23,2016CHE2210,NITIKA  DHIMAN,1,N,P
24,2016CHE2212,VARSHA  MEENA,1,N,P
25,2016CHE2914,HIMANSHU DHARAMDEV MALANI,1,N,P
