List of students registered in (IInd Semester 20162017)
Course Code : CLD880
Course Description : MINOR PROJECT
Serial No., Entry Number, Student Name, Course Group, Audit Withdrawal, Course Slot
1,2013CH70141,ABHIJEET MALHOTRA,1,N,P
2,2013CH70143,ADESH SHARMA,1,N,P
3,2013CH70145,AKARSH KUMAR SAHAY,1,N,P
4,2013CH70147,ALISHA AGRAWAL,1,N,P
5,2013CH70149,AMIT RAJU KOTHARI,1,N,P
6,2013CH70151,ANKIT JATAV,1,N,P
7,2013CH70153,BHUKYA VISHNU NAIK,1,N,P
8,2013CH70155,DEVENDRA KUMAR,1,N,P
9,2013CH70157,DEVESH JAIN,1,N,P
10,2013CH70161,MANOJ KUMAR MEENA,1,N,P
11,2013CH70163,NAKUL BAHMANIA,1,N,P
12,2013CH70165,NIKHIL AGRAWAL,1,N,P
13,2013CH70167,RAUT PAWAN VILAS,1,N,P
14,2013CH70170,ROHAN KHANDELWAL,1,N,P
15,2013CH70174,SAKSHI BABEL,1,N,P
16,2013CH70176,SARTHAK AJMERA,1,N,P
17,2013CH70178,SHOURYA KHICHARIYA,1,N,P
18,2013CH70180,SIDDHARTHA PRADEEP,1,N,P
19,2013CH70182,SUDHANSHU GUPTA,1,N,P
20,2013CH70186,TANMOY PATRA,1,N,P
21,2013CH70188,UNNATI MAHAJAN,1,N,P
22,2013CH70190,VEMA SUNDEEP,1,N,P
23,2013CH70144,AJAY KUMAR SINGH,2,N,P
24,2013CH70146,AKASH SINGH,2,N,P
25,2013CH70148,ALOK SINGH KUSHWAH,2,N,P
26,2013CH70150,ANIL YADAV,2,N,P
27,2013CH70152,ANTESH CHIRAG,2,N,P
28,2013CH70154,DEVASHISH KUMAR,2,N,P
29,2013CH70156,DEVESH PATEL,2,N,P
30,2013CH70158,KUSHAGRA PATHAK,2,N,P
31,2013CH70160,MANIKA NARULA,2,N,P
32,2013CH70162,MAYANK DEEP BANSOD,2,N,P
33,2013CH70164,NEELAM BILONIYA,2,N,P
34,2013CH70166,NISHI KASHYAP,2,N,P
35,2013CH70169,RITTIKA HALDAR,2,N,P
36,2013CH70171,ROHAN TOMAR,2,N,P
37,2013CH70173,SAJAL CHOURASIA,2,N,P
38,2013CH70175,SARTHAK KUMAR,2,N,P
39,2013CH70177,SHIVENDRA SINGH,2,N,P
40,2013CH70179,SHUBHAM KUMAR YADAV,2,N,P
41,2013CH70181,SONI KARTIK MAHESH,2,N,P
42,2013CH70183,SUDHANSHU SHEKHAR,2,N,P
43,2013CH70187,TRISHYA GARODIA,2,N,P
44,2013CH70189,VASU PRADEEP TEKRIWAL,2,N,P
45,2013CH70369,PALASH NANDWANI,2,N,P
46,2013CH70839,APOORVA JAIN,2,N,P
