List of students registered in (IInd Semester 20162017)
Course Code : CLL121
Course Description : CHEMICAL ENGG. THERMODYNAMICS
Serial No., Entry Number, Student Name, Course Group, Audit Withdrawal, Course Slot
1,2011BB50049,ABHISHEK RATHOD,1,N,A
2,2012BB50016,DWARAKANATH RAGIRE,1,N,A
3,2013CH10070,AMAN BHADU,1,N,A
4,2015CH10071,ABHAY KUMAR SAROTHIA,1,N,A
5,2015CH10075,ABHISHEK SINGH,1,N,A
6,2015CH10079,AGAMBEER SINGH BRAR,1,N,A
7,2015CH10083,ANIKET KUMAR,1,N,A
8,2015CH10087,ARNAB MANDAL,1,N,A
9,2015CH10091,BANDISH PARIKH,1,N,A
10,2015CH10095,DHANANJAY MEENA,1,N,A
11,2015CH10099,DIVYANK MITTAL,1,N,A
12,2015CH10103,JATIN SHARMA,1,N,A
13,2015CH10107,LALIT SWAMI,1,N,A
14,2015CH10115,NEELANSHU,1,N,A
15,2015CH10119,PARTH RAJORA,1,N,A
16,2015CH10123,PULKIT LANGAN,1,N,A
17,2015CH10127,SHASHANK GUPTA,1,N,A
18,2015CH10131,SIDDHARTH SACHAN,1,N,A
19,2015CH10135,SUBHANKAR DASH,1,N,A
20,2015CH10139,UDAIVEER,1,N,A
21,2015CH10143,VIKAS SINGH,1,N,A
22,2015CH10945,SURBHI  JAIN,1,N,A
23,2015CH70151,ADITYA CHOUDHARY,1,N,A
24,2015CH70153,ANUJ SAHU,1,N,A
25,2015CH70155,ARCHIT AGGARWAL,1,N,A
26,2015CH70157,DEVANSH AGRAWAL,1,N,A
27,2015CH70159,DEVENDRA DEWANDA,1,N,A
28,2015CH70161,HARILAL KRISHNA,1,N,A
29,2015CH70163,JAYA MEENA,1,N,A
30,2015CH70165,KIRAN JAIN,1,N,A
31,2015CH70167,MOHAMMAD AREEB AFZAL,1,N,A
32,2015CH70169,NAGESH MEENA,1,N,A
33,2015CH70171,NEHA KASWAN,1,N,A
34,2015CH70173,PAL PRAKHAR SINGH,1,N,A
35,2015CH70175,PARTH JINDAL,1,N,A
36,2015CH70177,PRAKASH CHOUDHARY,1,N,A
37,2015CH70179,PULKIT SHARMA,1,N,A
38,2015CH70181,RATHOD RUDRA,1,N,A
39,2015CH70183,SARANSH MAHESHWARI,1,N,A
40,2015CH70185,SAURABH SUBRAMANIAM,1,N,A
41,2015CH70187,SIMAR KAUR MATTEWAL,1,N,A
42,2015CH70189,SUHANI AGARWAL,1,N,A
43,2015CH70191,SWAPNIL S MAVLIKAR,1,N,A
44,2015CH70193,VAIBHAV SHARMA,1,N,A
45,2015CH70195,Y NIKHIL VARMA,1,N,A
46,2012BB50041,NIKHIL KANOJIA,2,N,A
47,2012BB50047,VIVEK,2,N,A
48,2013CH70156,DEVESH PATEL,2,N,A
49,2013CH70169,RITTIKA HALDAR,2,N,A
50,2014CH10095,DEVANSH KUMAR JAIN,2,N,A
51,2014CH70182,SANDEEP YADAV,2,N,A
52,2014CH70184,SHAH SHREYANS SHRENIK,2,N,A
53,2015CH10072,ABHIJEET R GHODAKI,2,N,A
54,2015CH10076,ABHISHREE ARORA,2,N,A
55,2015CH10084,ANISH KUJUR,2,N,A
56,2015CH10088,ARSH SINGH CHAUHAN,2,N,A
57,2015CH10092,BHAVYA DHURIA,2,N,A
58,2015CH10096,DHARAM RAJ MEENA,2,N,A
59,2015CH10100,HARNEET SINGH,2,N,A
60,2015CH10104,KRITIKA SHARMA,2,N,A
61,2015CH10116,NIKHIL KUMAR MEENA,2,N,A
62,2015CH10120,PRABHAT KUMAR,2,N,A
63,2015CH10124,RITIK CHAWLA,2,N,A
64,2015CH10132,SIMRAN MALIK,2,N,A
65,2015CH10136,SUNAJE BHUSHAN,2,N,A
66,2015CH10140,UJJWAL NARWAL,2,N,A
67,2015CH10144,VINAYAK GUPTA,2,N,A
68,2015CH10190,SUKANT  KOUL,2,N,A
69,2015CH70154,ANURAG RATHORE,2,N,A
70,2015CH70156,BANSOD YASH RAJU,2,N,A
71,2015CH70158,DEVENDRA,2,N,A
72,2015CH70160,DIGVIJAY DAS,2,N,A
73,2015CH70162,HERALE ANUSHKA ANANTHRAJ,2,N,A
74,2015CH70164,KAUSTUBH SAXENA,2,N,A
75,2015CH70166,MILAN GOSWAMI,2,N,A
76,2015CH70168,MUKUL MITTAL,2,N,A
77,2015CH70170,NAZISH AMBER,2,N,A
78,2015CH70172,ONAM SINHA,2,N,A
79,2015CH70174,PARIDHI GUPTA,2,N,A
80,2015CH70176,PRAJVAL KUMAR,2,N,A
81,2015CH70178,PRASHANT CHOHLA,2,N,A
82,2015CH70180,RAHUL,2,N,A
83,2015CH70184,SARTHAK KALA,2,N,A
84,2015CH70186,SHIVANSHU VERMA,2,N,A
85,2015CH70188,SOURABH GOLE,2,N,A
86,2015CH70194,VASHISTHA ANURAG MAHESHCHANDRA,2,N,A
87,2012BB50024,MANEESH KUMAR DHAVAN,3,N,A
88,2012BB50033,RAGHAV KUMAR,3,N,A
89,2014CH10121,RATNESH NATH,3,N,A
90,2015BB10061,SUSHANT KHARE,3,N,A
91,2015CH10073,ABHIPRAI MISRA,3,N,A
92,2015CH10077,ADARSH SAINI,3,N,A
93,2015CH10081,AMAN VERMA,3,N,A
94,2015CH10085,ANSHIL CHANDRA,3,N,A
95,2015CH10089,ARYAMAN BANSAL,3,N,A
96,2015CH10093,CHANCHAL MEENA,3,N,A
97,2015CH10097,DIKSHANT MAKHIJA,3,N,A
98,2015CH10105,KSHITIJ GOEL,3,N,A
99,2015CH10109,MILIND DHANRAJ ZODE,3,N,A
100,2015CH10117,NISHA SINGH,3,N,A
101,2015CH10125,SAKSHAM GUPTA,3,N,A
102,2015CH10129,SHRABAN DAS,3,N,A
103,2015CH10133,SMARTH VEER SIDANA,3,N,A
104,2015CH10137,SUNINT SINGH KHURANA,3,N,A
105,2015CH10141,URVASHI GUPTA,3,N,A
106,2015CH10145,VISHESH GOYAL,3,N,A
107,2011CS50290,PAWAN KUMAR RAJOTIYA,4,N,A
108,2014CH10080,AKHILESH MEENA,4,N,A
109,2015CH10002,ADITI  MAHAJAN,4,N,A
110,2015CH10074,ABHISHEK GARG,4,N,A
111,2015CH10078,ADITYA JAGRAT,4,N,A
112,2015CH10082,AMITESH RATHI,4,N,A
113,2015CH10086,ANURAG DEEDWANIYA,4,N,A
114,2015CH10090,ATUL YADAV,4,N,A
115,2015CH10094,DEVANDRA GODARA,4,N,A
116,2015CH10098,DIVYA SINGH,4,N,A
117,2015CH10106,KUMAR UTKARSH,4,N,A
118,2015CH10118,PAIDI KRISHNA PRADEEP,4,N,A
119,2015CH10122,PULKIT SRIVASTAVA,4,N,A
120,2015CH10126,SHALINI GUPTA,4,N,A
121,2015CH10130,SHUBHAM,4,N,A
122,2015CH10134,SOUMYA PRAKASH BEHERA,4,N,A
123,2015CH10138,SUSHREE JAGRITI SAHOO,4,N,A
124,2015CH10142,VATSAL SHARMA,4,N,A
125,2015CH10385,SHUBHIKA  JAIN,4,N,A
