List of students registered in (IInd Semester 20162017)
Course Code : CLL271
Course Description : INTRO TO INDUSTRIAL BIOTECH.
Serial No., Entry Number, Student Name, Course Group, Audit Withdrawal, Course Slot
1,2012CH70173,SAHIL GUPTA,0,N,D
2,2013CH10087,MADHAV AGRAWAL,1,N,D
3,2013CH70174,SAKSHI BABEL,1,N,D
4,2013CH70188,UNNATI MAHAJAN,1,N,D
5,2014CH10097,GANVIR PRANIT KIRAN,1,N,D
6,2014CH10100,HETRAM,1,N,D
7,2014CH10103,JAHANAVI BANSAL,1,N,D
8,2014CH10110,MEHUL KAMRA,1,N,D
9,2014CH10113,NAMAN BANSAL,1,N,D
10,2014CH10122,RICHA PANTHI,1,N,D
11,2014CH10125,SAKSHAM SHARMA,1,N,D
12,2014CH10128,SANKALP KUMAR MAURYA,1,N,D
13,2014CH10135,SHRESTHA ANUPAM,1,N,D
14,2014CH10139,SHUBHAM CHANANA,1,N,D
15,2014CH10143,SWAPNIL AGRAWAL,1,N,D
16,2014CH10146,YASH DAVE,1,N,D
17,2014CH10718,ASHUTOSH AGGARWAL,1,N,D
18,2014CH10933,SANJANA GARG,1,N,D
19,2014CH70049,PRAGYA GUPTA,1,N,D
20,2014CH70153,ADITYA JAIN,1,N,D
21,2014CH70155,AKASH RANJAN,1,N,D
22,2014CH70159,ANSHU KUMAR,1,N,D
23,2014CH70162,AYUSHI AGARWAL,1,N,D
24,2014CH70166,HARDE NEERAJ,1,N,D
25,2014CH70170,KASHISH JALAN,1,N,D
26,2014CH70172,MILAN ROY,1,N,D
27,2014CH70174,NARENDRA KUMAR KANERIYA,1,N,D
28,2014CH70177,NILADRI SEKHAR MANDAL,1,N,D
29,2014CH70179,PRIYANKA KHOIWAL,1,N,D
30,2014CH70181,RAJA VISHNU HARI,1,N,D
31,2014CH70183,SANTOSH KUMAR GOND,1,N,D
32,2014CH70186,SHIVAM SAXENA,1,N,D
33,2014CH70187,SHRIMALI JONIT BHARATBHAI,1,N,D
34,2014CH70190,SUMIT CHOUDHARY,1,N,D
35,2014CH70192,SUMIT KUMAR,1,N,D
36,2014CH70194,UDIT S BEHL,1,N,D
37,2014CH70196,VAIBHAV SRIVASTAVA,1,N,D
38,2014CH70198,YOGESHWARI CHANDRAWAT,1,N,D
39,2016me19019,JOANNA SITARZ,1,N,D
40,2013CH10122,SHOURI SRINIVAS CHIKKERUR,2,N,D
41,2013CH10129,SURBHI SINGLA,2,N,D
42,2013CH70162,MAYANK DEEP BANSOD,2,N,D
43,2013CH70169,RITTIKA HALDAR,2,N,D
44,2013CH70173,SAJAL CHOURASIA,2,N,D
45,2014CH10088,ASHUTOSH CHUGH,2,N,D
46,2014CH10095,DEVANSH KUMAR JAIN,2,N,D
47,2014CH10098,GOURAV JAIN,2,N,D
48,2014CH10101,HIMANSHU SINGH PARIHAR,2,N,D
49,2014CH10104,JITENDRA MEGHWAL,2,N,D
50,2014CH10108,KOMAL ARYA,2,N,D
51,2014CH10111,MRIGANK DHABI,2,N,D
52,2014CH10114,NAVNEET BIHANI,2,N,D
53,2014CH10117,PRASHANT JAIN,2,N,D
54,2014CH10120,RAJAN KUMAR,2,N,D
55,2014CH10123,ROOPDIP BARGI,2,N,D
56,2014CH10126,SALUMURI LALITH SAI AKHILESH,2,N,D
57,2014CH10129,SANKET CHAUDHARY,2,N,D
58,2014CH10132,SHEFALI KHUNNU,2,N,D
59,2014CH10136,SHUBHAM KASHYAP,2,N,D
60,2014CH10140,SOMYA KHANDELWAL,2,N,D
61,2014CH10144,UTKARSH GARG,2,N,D
62,2014CH10786,ARNEISH PRATEEK,2,N,D
63,2014CH70151,ABHIGYAN RAMAN,2,N,D
64,2014CH70154,AKANKSHA PUWAR,2,N,D
65,2014CH70156,ANIKET SAHA,2,N,D
66,2014CH70161,AYUSHI CHAUDHARY,2,N,D
67,2014CH70163,BIKASH GUPTA,2,N,D
68,2014CH70165,DULERA AVIRAT DIPAK,2,N,D
69,2014CH70171,MAYANK TANWAR,2,N,D
70,2014CH70173,NAHUSH GOLAIT,2,N,D
71,2014CH70175,NEELOTPAL NAG,2,N,D
72,2014CH70180,PRIYANSHU ANAND,2,N,D
73,2014CH70182,SANDEEP YADAV,2,N,D
74,2014CH70189,SOUHARDYA ROY,2,N,D
75,2014CH70191,SUMIT,2,N,D
76,2014CH70193,SWAPNIL SHARMA,2,N,D
77,2014CH70195,UTKARSH SINHA,2,N,D
78,2014CH70197,YASH CHOUDHARY,2,N,D
79,2014CH70834,V. BALASAISUBRAHMANYESWARA REDDY,2,N,D
80,2011CH70162,KUNJI LAL MEENA,3,N,D
81,2012CH70180,SUDHEER CHAUDHARY,3,N,D
82,2013CH10065,ADITI JAIN,3,N,D
83,2013CH10082,ISHANI JAIN,3,N,D
84,2013CH10105,RISHABH JAIN,3,N,D
85,2014CH10096,DIVYANSHI YADAV,3,N,D
86,2014CH10099,HAMESH YADAV,3,N,D
87,2014CH10102,HIMANSHU KUMAR,3,N,D
88,2014CH10105,KANHA BATRA,3,N,D
89,2014CH10109,KUNAL AGGARWAL,3,N,D
90,2014CH10112,NAMAN AGRAWAL,3,N,D
91,2014CH10118,PRASHANT KUMAR,3,N,D
92,2014CH10124,RUSHIL SINGH,3,N,D
93,2014CH10127,SAMARTH JAISWAL,3,N,D
94,2014CH10130,SAURABH PANDEY,3,N,D
95,2014CH10133,SHIVAM BATRA,3,N,D
96,2014CH10138,SHUBHAM JAIN,3,N,D
97,2014CH10142,SORTE JANHAVI RAJENDRA,3,N,D
98,2014CH10176,NIKHIL SETHIA,3,N,D
99,2014CH10882,GUNJAN,3,N,D
100,2011CH70143,AKSHAT SINGHAL,4,N,D
101,2013CH10069,AMAN KHANDELWAL,4,N,D
102,2013CH10078,BURUJULA HARISH KUMAR,4,N,D
103,2013CH10083,JITENDRA GADHWAL,4,N,D
104,2013CH10120,SHANKHABRATA NAG,4,N,D
105,2013CH10121,SHASHWAT VERMA,4,N,D
106,2013CH10130,VINKUSH DHAMIJA,4,N,D
107,2013CH10972,SRISHTI GUPTA,4,N,D
108,2014CH10044,NAIR ABHILESH GIREESAN,4,N,D
109,2014CH10071,ABHIJEET SAHERAWAT,4,N,D
110,2014CH10072,ABHIMANYU BALYAN,4,N,D
111,2014CH10073,ABHINAV AGGARWAL,4,N,D
112,2014CH10074,ABHISHEK AGGARWAL,4,N,D
113,2014CH10075,ADVAIT SUHAS HOLKAR,4,N,D
114,2014CH10076,AISHWARYA SMRITI,4,N,D
115,2014CH10077,AJAY PRAKASH SRIVATSA,4,N,D
116,2014CH10078,AKASH YADAV,4,N,D
117,2014CH10079,AKASH KUMAR,4,N,D
118,2014CH10081,AMAN KUMAR RAI,4,N,D
119,2014CH10082,AMIR AZAD,4,N,D
120,2014CH10083,AMIT KUMAR,4,N,D
121,2014CH10085,APURV KAUSHAL,4,N,D
122,2014CH10086,ARUSHI GOEL,4,N,D
123,2014CH10087,ARYAN GUPTA,4,N,D
124,2014CH10089,ASHUTOSH DHEWAL,4,N,D
125,2014CH10090,ASHWIN BHOLA,4,N,D
