List of students registered in (IInd Semester 20162017)
Course Code : CLL352
Course Description : MASS TRANSFER II
Serial No., Entry Number, Student Name, Course Group, Audit Withdrawal, Course Slot
1,2013CH10126,SHUBHAM BADOLA,1,N,B
2,2013CH10329,ANJALI MITTAL,1,N,B
3,2013CH10902,APOORVA JOSHI,1,N,B
4,2014CH10097,GANVIR PRANIT KIRAN,1,N,B
5,2014CH10100,HETRAM,1,N,B
6,2014CH10103,JAHANAVI BANSAL,1,N,B
7,2014CH10110,MEHUL KAMRA,1,N,B
8,2014CH10113,NAMAN BANSAL,1,N,B
9,2014CH10116,PRASHANT ARYA,1,N,B
10,2014CH10122,RICHA PANTHI,1,N,B
11,2014CH10125,SAKSHAM SHARMA,1,N,B
12,2014CH10128,SANKALP KUMAR MAURYA,1,N,B
13,2014CH10135,SHRESTHA ANUPAM,1,N,B
14,2014CH10139,SHUBHAM CHANANA,1,N,B
15,2014CH10143,SWAPNIL AGRAWAL,1,N,B
16,2014CH10146,YASH DAVE,1,N,B
17,2014CH10718,ASHUTOSH AGGARWAL,1,N,B
18,2014CH10933,SANJANA GARG,1,N,B
19,2014CH70049,PRAGYA GUPTA,1,N,B
20,2014CH70153,ADITYA JAIN,1,N,B
21,2014CH70155,AKASH RANJAN,1,N,B
22,2014CH70159,ANSHU KUMAR,1,N,B
23,2014CH70162,AYUSHI AGARWAL,1,N,B
24,2014CH70164,DEVESH MAHALA,1,N,B
25,2014CH70166,HARDE NEERAJ,1,N,B
26,2014CH70170,KASHISH JALAN,1,N,B
27,2014CH70172,MILAN ROY,1,N,B
28,2014CH70174,NARENDRA KUMAR KANERIYA,1,N,B
29,2014CH70177,NILADRI SEKHAR MANDAL,1,N,B
30,2014CH70179,PRIYANKA KHOIWAL,1,N,B
31,2014CH70181,RAJA VISHNU HARI,1,N,B
32,2014CH70183,SANTOSH KUMAR GOND,1,N,B
33,2014CH70186,SHIVAM SAXENA,1,N,B
34,2014CH70187,SHRIMALI JONIT BHARATBHAI,1,N,B
35,2014CH70190,SUMIT CHOUDHARY,1,N,B
36,2014CH70192,SUMIT KUMAR,1,N,B
37,2014CH70194,UDIT S BEHL,1,N,B
38,2014CH70196,VAIBHAV SRIVASTAVA,1,N,B
39,2014CH70198,YOGESHWARI CHANDRAWAT,1,N,B
40,2013CH10119,SAURABH DOGRA,2,N,B
41,2013CH10969,SHUBHAM BAGESHWAR,2,N,B
42,2014CH10092,BHARGAVA BHAT,2,N,B
43,2014CH10095,DEVANSH KUMAR JAIN,2,N,B
44,2014CH10098,GOURAV JAIN,2,N,B
45,2014CH10101,HIMANSHU SINGH PARIHAR,2,N,B
46,2014CH10104,JITENDRA MEGHWAL,2,N,B
47,2014CH10108,KOMAL ARYA,2,N,B
48,2014CH10111,MRIGANK DHABI,2,N,B
49,2014CH10114,NAVNEET BIHANI,2,N,B
50,2014CH10117,PRASHANT JAIN,2,N,B
51,2014CH10120,RAJAN KUMAR,2,N,B
52,2014CH10123,ROOPDIP BARGI,2,N,B
53,2014CH10129,SANKET CHAUDHARY,2,N,B
54,2014CH10132,SHEFALI KHUNNU,2,N,B
55,2014CH10136,SHUBHAM KASHYAP,2,N,B
56,2014CH10140,SOMYA KHANDELWAL,2,N,B
57,2014CH10144,UTKARSH GARG,2,N,B
58,2014CH10786,ARNEISH PRATEEK,2,N,B
59,2014CH70151,ABHIGYAN RAMAN,2,N,B
60,2014CH70154,AKANKSHA PUWAR,2,N,B
61,2014CH70156,ANIKET SAHA,2,N,B
62,2014CH70161,AYUSHI CHAUDHARY,2,N,B
63,2014CH70163,BIKASH GUPTA,2,N,B
64,2014CH70165,DULERA AVIRAT DIPAK,2,N,B
65,2014CH70171,MAYANK TANWAR,2,N,B
66,2014CH70173,NAHUSH GOLAIT,2,N,B
67,2014CH70175,NEELOTPAL NAG,2,N,B
68,2014CH70180,PRIYANSHU ANAND,2,N,B
69,2014CH70182,SANDEEP YADAV,2,N,B
70,2014CH70191,SUMIT,2,N,B
71,2014CH70195,UTKARSH SINHA,2,N,B
72,2014CH70197,YASH CHOUDHARY,2,N,B
73,2014CH70834,V. BALASAISUBRAHMANYESWARA REDDY,2,N,B
74,2014CH10093,DEEVANSHU GOYAL,3,N,B
75,2014CH10096,DIVYANSHI YADAV,3,N,B
76,2014CH10099,HAMESH YADAV,3,N,B
77,2014CH10102,HIMANSHU KUMAR,3,N,B
78,2014CH10105,KANHA BATRA,3,N,B
79,2014CH10109,KUNAL AGGARWAL,3,N,B
80,2014CH10112,NAMAN AGRAWAL,3,N,B
81,2014CH10118,PRASHANT KUMAR,3,N,B
82,2014CH10124,RUSHIL SINGH,3,N,B
83,2014CH10127,SAMARTH JAISWAL,3,N,B
84,2014CH10130,SAURABH PANDEY,3,N,B
85,2014CH10133,SHIVAM BATRA,3,N,B
86,2014CH10138,SHUBHAM JAIN,3,N,B
87,2014CH10142,SORTE JANHAVI RAJENDRA,3,N,B
88,2014CH10882,GUNJAN,3,N,B
89,2014CH10044,NAIR ABHILESH GIREESAN,4,N,B
90,2014CH10071,ABHIJEET SAHERAWAT,4,N,B
91,2014CH10072,ABHIMANYU BALYAN,4,N,B
92,2014CH10073,ABHINAV AGGARWAL,4,N,B
93,2014CH10074,ABHISHEK AGGARWAL,4,N,B
94,2014CH10075,ADVAIT SUHAS HOLKAR,4,N,B
95,2014CH10076,AISHWARYA SMRITI,4,N,B
96,2014CH10077,AJAY PRAKASH SRIVATSA,4,N,B
97,2014CH10078,AKASH YADAV,4,N,B
98,2014CH10079,AKASH KUMAR,4,N,B
99,2014CH10080,AKHILESH MEENA,4,N,B
100,2014CH10081,AMAN KUMAR RAI,4,N,B
101,2014CH10082,AMIR AZAD,4,N,B
102,2014CH10083,AMIT KUMAR,4,N,B
103,2014CH10084,APOORV KATIYAR,4,N,B
104,2014CH10085,APURV KAUSHAL,4,N,B
105,2014CH10086,ARUSHI GOEL,4,N,B
106,2014CH10087,ARYAN GUPTA,4,N,B
107,2014CH10089,ASHUTOSH DHEWAL,4,N,B
108,2014CH10090,ASHWIN BHOLA,4,N,B
