List of students registered in (IInd Semester 20162017)
Course Code : CLL782
Course Description : PROCESS OPTIMIZATION
Serial No., Entry Number, Student Name, Course Group, Audit Withdrawal, Course Slot
1,2013CH10082,ISHANI JAIN,0,N,E
2,2013CH70141,ABHIJEET MALHOTRA,1,N,E
3,2015CEP2089,BALARKO BANERJEE,1,N,E
4,2015CEP2096,MOHIT KOHLI,1,N,E
5,2015CEP2100,SAI REVANTH PULAVARTHY,1,N,E
6,2015CEP2101,TANMOY DAS,1,N,E
7,2016CEZ8439,RANADEEP  BASU,1,N,E
8,2016CHE2185,VAIBHAV  SHUKLA,1,N,E
9,2016CHE2194,JOHN P JOHN,1,N,E
10,2016CHE2195,SAUVIK  SAHU,1,N,E
11,2016CHE2206,CHUKKALA  MADHURI,1,N,E
12,2016CHZ8195,FELEKE BAYU BATI,1,N,E
13,2016CHZ8286,ALI SHOEB MOON,1,N,E
14,2016CHZ8296,NITESH  DOBHAL,1,N,E
15,2016CHZ8300,HIMANGSHU JYOTI GOGOI,1,N,E
16,2016CHZ8302,PRASHANT RAM JADHAO,1,N,E
17,2013CH70171,ROHAN TOMAR,2,N,E
18,2013CH70189,VASU PRADEEP TEKRIWAL,2,N,E
19,2012CH70186,UTSAV YADAV,3,N,E
20,2013CH10120,SHANKHABRATA NAG,4,N,E
