List of students registered in (IInd Semester 20162017)
Course Code : CLL767
Course Description : STRUCTURES & PROP. OF POLYMERS
Serial No., Entry Number, Student Name, Course Group, Audit Withdrawal, Course Slot
1,2013CH10066,ADITYA SARASWAT,1,N,B
2,2013CH10102,RAMTEKE RUCHA SIDDHARTH,1,N,B
3,2013CH70172,ROSY PAINKRA,1,N,B
4,2013CH70180,SIDDHARTHA PRADEEP,1,N,B
5,2016CHE2200,SHAILENDRA  DANGI,1,N,B
6,2016CHZ8289,MOHIT  TIWARI,1,N,B
7,2016CHZ8313,MANU  GARG,1,N,B
8,2016CHZ8522,JULIE  BORAH,1,N,B
9,2016TTZ8471,SUMIT  SHARMA,1,N,B
10,2013CH10114,SAKSHAM KHANDA,2,N,B
11,2013CH70148,ALOK SINGH KUSHWAH,2,N,B
12,2013CH70164,NEELAM BILONIYA,2,N,B
13,2013CH70166,NISHI KASHYAP,2,N,B
14,2013CH70175,SARTHAK KUMAR,2,N,B
15,2013CH70183,SUDHANSHU SHEKHAR,2,N,B
16,2012CH70168,PREM PRAKASH,3,N,B
17,2012CH70912,GARVIT GOEL,3,N,B
18,2013CH10123,SHRUTI GOYAL,3,N,B
19,2012CH70163,MAYANK JAIN,4,N,B
20,2012CH70181,SUNIL KUMAR RAWAT,4,N,B
