List of students registered in (IInd Semester 20162017)
Course Code : CLL793
Course Description : MEMBRANE SCIENCE & ENGINEERING
Serial No., Entry Number, Student Name, Course Group, Audit Withdrawal, Course Slot
1,2013CH10067,ADITYA KOTIA,1,N,F
2,2013CH10071,ANKIT KUMAR DAS,1,N,F
3,2013CH10106,RISHIKESH MEENA,1,N,F
4,2013CH10241,NIKHIL SURESH CHIMURKAR,1,N,F
5,2013CH70141,ABHIJEET MALHOTRA,1,N,F
6,2013CH70149,AMIT RAJU KOTHARI,1,N,F
7,2013CH70153,BHUKYA VISHNU NAIK,1,N,F
8,2013CH70167,RAUT PAWAN VILAS,1,N,F
9,2014CH10122,RICHA PANTHI,1,N,F
10,2014CH10135,SHRESTHA ANUPAM,1,N,F
11,2014CH10933,SANJANA GARG,1,N,F
12,2014CH70166,HARDE NEERAJ,1,N,F
13,2014CH70187,SHRIMALI JONIT BHARATBHAI,1,N,F
14,2016CHE2204,AMIT  PRASAD,1,N,F
15,2016CHZ8293,MANINDERJEET  SINGH,1,N,F
16,2016CHZ8313,MANU  GARG,1,N,F
17,2016CHZ8524,AMRISH  KUMAR,1,N,F
18,2013CH10075,ANURUP DEY,2,N,F
19,2013CH10077,BHATRAJU CHAITANYA,2,N,F
20,2013CH10097,PRATEEK SACHAN,2,N,F
21,2013CH10119,SAURABH DOGRA,2,N,F
22,2013CH10129,SURBHI SINGLA,2,N,F
23,2013CH70144,AJAY KUMAR SINGH,2,N,F
24,2013CH70148,ALOK SINGH KUSHWAH,2,N,F
25,2013CH70152,ANTESH CHIRAG,2,N,F
26,2013CH70177,SHIVENDRA SINGH,2,N,F
27,2013CH70189,VASU PRADEEP TEKRIWAL,2,N,F
28,2014CH10098,GOURAV JAIN,2,N,F
29,2014CH10117,PRASHANT JAIN,2,N,F
30,2014CH10144,UTKARSH GARG,2,N,F
31,2014CH70173,NAHUSH GOLAIT,2,N,F
32,2014CH70197,YASH CHOUDHARY,2,N,F
33,2012CH10127,SUMIT KUMAR SINGH,3,N,F
34,2012CH70144,AMIN DHRUVIN JATINBHAI,3,N,F
35,2012CH70168,PREM PRAKASH,3,N,F
36,2012CH70170,RAVI MALIK,3,N,F
37,2012CH70172,RAVI PRAKASH,3,N,F
38,2012CH70174,SALIL SHARMA,3,N,F
39,2012CH70912,GARVIT GOEL,3,N,F
40,2013CH10101,RAKESH KUMAR,3,N,F
41,2013CH10105,RISHABH JAIN,3,N,F
42,2014CH10105,KANHA BATRA,3,N,F
43,2012CH70149,ARIDAMAN,4,N,F
44,2012CH70153,DEEPRAJ TITORIA,4,N,F
45,2012CH70157,JITENDRA CHOUDHARY,4,N,F
46,2012CH70161,KUMAR SHANU,4,N,F
47,2012CH70163,MAYANK JAIN,4,N,F
48,2012CH70169,RAJESH KUMAR REGAR,4,N,F
49,2012CH70177,SHIVAM MISHRA,4,N,F
50,2012CH70187,VARUN SOGANI,4,N,F
51,2013CH10073,ANSHUL KUMAR YADAV,4,N,F
52,2013CH10089,MANISH KRISHNA BHAT,4,N,F
53,2013CH10110,ROHIT KUMAR,4,N,F
54,2014CH10075,ADVAIT SUHAS HOLKAR,4,N,F
55,2014CH10078,AKASH YADAV,4,N,F
56,2014CH10079,AKASH KUMAR,4,N,F
57,2014CH10084,APOORV KATIYAR,4,N,F
58,2014CH10086,ARUSHI GOEL,4,N,F
59,2014CH10087,ARYAN GUPTA,4,N,F
60,2014CH10090,ASHWIN BHOLA,4,N,F
