List of students registered in (IInd Semester 20162017)
Course Code : CLL766
Course Description : INTERFACIAL ENGINEERING
Serial No., Entry Number, Student Name, Course Group, Audit Withdrawal, Course Slot
1,2011CH10127,VISHNU KUMAR MEENA,1,N,H
2,2015CHE2420,DIVAKAR REDDY AIREDDY,1,N,H
3,2016CHE2179,KAKALI PRIYAM GOSWAMI,1,N,H
4,2016CHE2185,VAIBHAV  SHUKLA,1,N,H
5,2016CHE2188,POOJA  UPRETI,1,N,H
6,2016CHE2189,LAKSHAY  SHARMA,1,N,H
7,2016CHE2192,AKSHIT  KANSAL,1,N,H
8,2016CHE2197,ANURAG KUMAR MADDHESHIYA,1,N,H
9,2016CHE2200,SHAILENDRA  DANGI,1,N,H
10,2016CHE2202,ANOOP KUMAR BATHAM,1,N,H
11,2016CHE2203,KULDEEP KUMAR MAURYA,1,N,H
12,2016CHE2206,CHUKKALA  MADHURI,1,N,H
13,2016CHE2210,NITIKA  DHIMAN,1,N,H
14,2016CHE2212,VARSHA  MEENA,1,N,H
15,2016CHZ8293,MANINDERJEET  SINGH,1,N,H
16,2016CHZ8294,SATIRTHA KUMAR SARMA,1,N,H
17,2016CHZ8295,PRAGATI  GUPTA,1,N,H
18,2016CHZ8298,HASSAM  MAZHAR,1,N,H
19,2016CHZ8299,POOJA  JANGIR,1,N,H
20,2016CHZ8304,VAISHALI  SHARMA,1,N,H
21,2016CHZ8310,SANJEEV  KUMAR,1,N,H
22,2016CHZ8516,ASHISH  KUMAR,1,N,H
23,2016CHZ8518,MISTI  DAS,1,N,H
24,2016CHZ8520,SHIKHA  SHARMA,1,N,H
25,2016CHZ8523,NEELAM  CHOUDHARY,1,N,H
26,2016CHZ8524,AMRISH  KUMAR,1,N,H
27,2016CHZ8526,BHAWANI SINGH SOLANKI,1,N,H
28,2016CHZ8573,SONY,1,N,H
29,2013CH70156,DEVESH PATEL,2,N,H
30,2012CH10127,SUMIT KUMAR SINGH,3,N,H
31,2012CH70168,PREM PRAKASH,3,N,H
32,2012CH70174,SALIL SHARMA,3,N,H
33,2012CH70176,SEEMA YADAV,3,N,H
34,2012CH70180,SUDHEER CHAUDHARY,3,N,H
35,2012CH70186,UTSAV YADAV,3,N,H
36,2012CH70190,PRIYA MEENA,3,N,H
37,2012CH70912,GARVIT GOEL,3,N,H
38,2012CH10067,AMAN TAMTA,4,N,H
39,2012CH70141,ABHISHEK MEENA,4,N,H
40,2012CH70145,AMIT KUMAR,4,N,H
41,2012CH70163,MAYANK JAIN,4,N,H
42,2012CH70173,SAHIL GUPTA,4,N,H
43,2012CH70181,SUNIL KUMAR RAWAT,4,N,H
44,2012CH70185,UJJWAL SINHA,4,N,H
