List of students registered in (IInd Semester 20162017)
Course Code : CLL786
Course Description : FINE CHEMICALS TECHNOLOGY
Serial No., Entry Number, Student Name, Course Group, Audit Withdrawal, Course Slot
1,2012CH10089,HARISH PATIDAR,1,N,E
2,2013CH10061,AASTHA DHIMAN,1,N,E
3,2013CH10062,ABHINESH MEENA,1,N,E
4,2013CH10063,ABHISHEK CHOUDHARY,1,N,E
5,2013CH10066,ADITYA SARASWAT,1,N,E
6,2013CH10070,AMAN BHADU,1,N,E
7,2013CH10086,LALIT PANWAR,1,N,E
8,2013CH10087,MADHAV AGRAWAL,1,N,E
9,2013CH10102,RAMTEKE RUCHA SIDDHARTH,1,N,E
10,2013CH10106,RISHIKESH MEENA,1,N,E
11,2013CH10128,SURAJ KUMAR,1,N,E
12,2013CH10241,NIKHIL SURESH CHIMURKAR,1,N,E
13,2013CH10902,APOORVA JOSHI,1,N,E
14,2015CHE2440,SHUBHAM CHAUHAN,1,N,E
15,2015CHE2448,VINOD KUMAR,1,N,E
16,2016CHZ8313,MANU  GARG,1,N,E
17,2011CH10080,DHARAVATH MOHANLAL,2,N,E
18,2013CH10064,ABHISHEK KUMAR,2,N,E
19,2013CH10075,ANURUP DEY,2,N,E
20,2013CH10077,BHATRAJU CHAITANYA,2,N,E
21,2013CH10080,HARDEEP SINGH,2,N,E
22,2013CH10107,RITESH KUMAR VERMA,2,N,E
23,2013CH10114,SAKSHAM KHANDA,2,N,E
24,2013CH10119,SAURABH DOGRA,2,N,E
25,2013CH10122,SHOURI SRINIVAS CHIKKERUR,2,N,E
26,2013CH10129,SURBHI SINGLA,2,N,E
27,2012CH70184,UDIT AGRAWAL,3,N,E
28,2013CH10065,ADITI JAIN,3,N,E
29,2013CH10085,KESHU PRIYADARSHI,3,N,E
30,2013CH10088,MAHENDRA SINGH CHARAN,3,N,E
31,2013CH10094,OJASVI MONGA,3,N,E
32,2013CH10098,PRATYUSH GOEL,3,N,E
33,2013CH10099,RAJAT GARG,3,N,E
34,2013CH10103,RAVI KUMAR,3,N,E
35,2013CH10105,RISHABH JAIN,3,N,E
36,2013CH10111,SACHIN SAINI,3,N,E
37,2013CH10118,SAURABH MAURYA,3,N,E
38,2013CH10123,SHRUTI GOYAL,3,N,E
39,2013CH10124,SHUBHAM VISHWAKARMA,3,N,E
40,2011CH70143,AKSHAT SINGHAL,4,N,E
41,2012CH70143,AMAN WAGADRE,4,N,E
42,2012CH70145,AMIT KUMAR,4,N,E
43,2012CH70151,BHANU MITTAL,4,N,E
44,2012CH70161,KUMAR SHANU,4,N,E
45,2012CH70165,PARSHANT MANGLA,4,N,E
46,2012CH70175,SANYA NIKITA KACHHAP,4,N,E
47,2012CH70179,SHUBHAM GROVER,4,N,E
48,2012CH70181,SUNIL KUMAR RAWAT,4,N,E
49,2013CH10072,ANKITA SINGH,4,N,E
50,2013CH10074,ANTRIKSH JOHRI,4,N,E
51,2013CH10081,HIMANSHI GAUTAM,4,N,E
52,2013CH10083,JITENDRA GADHWAL,4,N,E
53,2013CH10093,NAMRAN PAN,4,N,E
54,2013CH10108,RIYA MEGHWAL,4,N,E
55,2013CH10110,ROHIT KUMAR,4,N,E
56,2013CH10112,SAGAR MITTAL,4,N,E
57,2013CH10113,SAHU AMRIT RAMKRISHNA,4,N,E
58,2013CH10115,SARTHAK SAINI,4,N,E
59,2013CH10972,SRISHTI GUPTA,4,N,E
