List of students registered in (IInd Semester 20162017)
Course Code : CLP302
Course Description : CHEMICAL ENGINEERING LAB - II
Serial No., Entry Number, Student Name, Course Group, Audit Withdrawal, Course Slot
1,2014CH10097,GANVIR PRANIT KIRAN,1,N,E
2,2014CH10100,HETRAM,1,N,E
3,2014CH10103,JAHANAVI BANSAL,1,N,E
4,2014CH10110,MEHUL KAMRA,1,N,E
5,2014CH10113,NAMAN BANSAL,1,N,E
6,2014CH10116,PRASHANT ARYA,1,N,E
7,2014CH10122,RICHA PANTHI,1,N,E
8,2014CH10125,SAKSHAM SHARMA,1,N,E
9,2014CH10128,SANKALP KUMAR MAURYA,1,N,E
10,2014CH10135,SHRESTHA ANUPAM,1,N,E
11,2014CH10143,SWAPNIL AGRAWAL,1,N,E
12,2014CH10146,YASH DAVE,1,N,E
13,2014CH10718,ASHUTOSH AGGARWAL,1,N,E
14,2014CH10933,SANJANA GARG,1,N,E
15,2014CH70049,PRAGYA GUPTA,1,N,E
16,2014CH70153,ADITYA JAIN,1,N,E
17,2014CH70155,AKASH RANJAN,1,N,E
18,2014CH70159,ANSHU KUMAR,1,N,E
19,2014CH70162,AYUSHI AGARWAL,1,N,E
20,2014CH70164,DEVESH MAHALA,1,N,E
21,2014CH70166,HARDE NEERAJ,1,N,E
22,2014CH70170,KASHISH JALAN,1,N,E
23,2014CH70172,MILAN ROY,1,N,E
24,2014CH70174,NARENDRA KUMAR KANERIYA,1,N,E
25,2014CH70177,NILADRI SEKHAR MANDAL,1,N,E
26,2014CH70179,PRIYANKA KHOIWAL,1,N,E
27,2014CH70181,RAJA VISHNU HARI,1,N,E
28,2014CH70183,SANTOSH KUMAR GOND,1,N,E
29,2014CH70186,SHIVAM SAXENA,1,N,E
30,2014CH70187,SHRIMALI JONIT BHARATBHAI,1,N,E
31,2014CH70190,SUMIT CHOUDHARY,1,N,E
32,2014CH70192,SUMIT KUMAR,1,N,E
33,2014CH70194,UDIT S BEHL,1,N,E
34,2014CH70196,VAIBHAV SRIVASTAVA,1,N,E
35,2014CH70198,YOGESHWARI CHANDRAWAT,1,N,E
36,2013CH70169,RITTIKA HALDAR,2,N,E
37,2014CH10092,BHARGAVA BHAT,2,N,E
38,2014CH10095,DEVANSH KUMAR JAIN,2,N,E
39,2014CH10098,GOURAV JAIN,2,N,E
40,2014CH10101,HIMANSHU SINGH PARIHAR,2,N,E
41,2014CH10104,JITENDRA MEGHWAL,2,N,E
42,2014CH10108,KOMAL ARYA,2,N,E
43,2014CH10111,MRIGANK DHABI,2,N,E
44,2014CH10114,NAVNEET BIHANI,2,N,E
45,2014CH10117,PRASHANT JAIN,2,N,E
46,2014CH10120,RAJAN KUMAR,2,N,E
47,2014CH10123,ROOPDIP BARGI,2,N,E
48,2014CH10126,SALUMURI LALITH SAI AKHILESH,2,N,E
49,2014CH10129,SANKET CHAUDHARY,2,N,E
50,2014CH10132,SHEFALI KHUNNU,2,N,E
51,2014CH10136,SHUBHAM KASHYAP,2,N,E
52,2014CH10140,SOMYA KHANDELWAL,2,N,E
53,2014CH10144,UTKARSH GARG,2,N,E
54,2014CH10786,ARNEISH PRATEEK,2,N,E
55,2014CH70151,ABHIGYAN RAMAN,2,N,E
56,2014CH70154,AKANKSHA PUWAR,2,N,E
57,2014CH70156,ANIKET SAHA,2,N,E
58,2014CH70161,AYUSHI CHAUDHARY,2,N,E
59,2014CH70163,BIKASH GUPTA,2,N,E
60,2014CH70165,DULERA AVIRAT DIPAK,2,N,E
61,2014CH70171,MAYANK TANWAR,2,N,E
62,2014CH70173,NAHUSH GOLAIT,2,N,E
63,2014CH70175,NEELOTPAL NAG,2,N,E
64,2014CH70178,PRATEEK KALESHWARWAR,2,N,E
65,2014CH70180,PRIYANSHU ANAND,2,N,E
66,2014CH70182,SANDEEP YADAV,2,N,E
67,2014CH70191,SUMIT,2,N,E
68,2014CH70195,UTKARSH SINHA,2,N,E
69,2014CH70197,YASH CHOUDHARY,2,N,E
70,2014CH70834,V. BALASAISUBRAHMANYESWARA REDDY,2,N,E
71,2013BB50044,TISHYA KAPOOR,3,N,E
72,2014BB10021,ABHAY KAROL,3,N,E
73,2014BB10023,ADITI AGRAWAL,3,N,E
74,2014BB10025,ANKIT KUMAR KASWAN,3,N,E
75,2014BB10029,ARCHIT KUMAR,3,N,E
76,2014BB10031,BARATH KUMAR S,3,N,E
77,2014BB10033,BHAVE CHAITANYA VIDYADHAR,3,N,E
78,2014BB10035,GAJRAJ SINGH YADAV,3,N,E
79,2014BB10040,JATIN MITTAL,3,N,E
80,2014BB10042,K VINAY,3,N,E
81,2014BB10047,PANKAJ YADAV,3,N,E
82,2014BB10050,RANDHEER KUMAR,3,N,E
83,2014BB10052,RASHMI YADAV,3,N,E
84,2014BB10054,SAUMYA GOYAL,3,N,E
85,2014BB10056,SAURABH PARIKH,3,N,E
86,2014BB10058,SHASHANK GARG,3,N,E
87,2014BB10061,SONAKSHI BHATIA,3,N,E
88,2014BB10063,VARSHA SESHADRI,3,N,E
89,2014BB10065,VIJAYANT PRATAP,3,N,E
90,2014BB50001,ABHINAV KUMAR SHUKLA,3,N,E
91,2014BB50003,ASHIM GARG,3,N,E
92,2014BB50005,KANISHK,3,N,E
93,2014BB50008,NEHA MEENA,3,N,E
94,2014BB50010,PARAS AGRAWAL,3,N,E
95,2014BB50012,SAMARTH,3,N,E
96,2014CH10093,DEEVANSHU GOYAL,3,N,E
97,2014CH10096,DIVYANSHI YADAV,3,N,E
98,2014CH10099,HAMESH YADAV,3,N,E
99,2014CH10102,HIMANSHU KUMAR,3,N,E
100,2014CH10105,KANHA BATRA,3,N,E
101,2014CH10109,KUNAL AGGARWAL,3,N,E
102,2014CH10112,NAMAN AGRAWAL,3,N,E
103,2014CH10118,PRASHANT KUMAR,3,N,E
104,2014CH10124,RUSHIL SINGH,3,N,E
105,2014CH10127,SAMARTH JAISWAL,3,N,E
106,2014CH10130,SAURABH PANDEY,3,N,E
107,2014CH10133,SHIVAM BATRA,3,N,E
108,2014CH10138,SHUBHAM JAIN,3,N,E
109,2014CH10142,SORTE JANHAVI RAJENDRA,3,N,E
110,2014CH10882,GUNJAN,3,N,E
111,2012CH10067,AMAN TAMTA,4,N,E
112,2013BB50001,ABHISHEK PANDEY,4,N,E
113,2013BB50039,SHUBHAM CHAWLA,4,N,E
114,2013CH10078,BURUJULA HARISH KUMAR,4,N,E
115,2014BB10022,ABHI JAIN,4,N,E
116,2014BB10026,ANKIT KUMAR,4,N,E
117,2014BB10028,ANURAG DANI,4,N,E
118,2014BB10030,AYUSHI AGRAWAL,4,N,E
119,2014BB10034,DEEPAK KUMAR,4,N,E
120,2014BB10036,GANJI UMESH CHANDAN,4,N,E
121,2014BB10041,JATIN KOHAR,4,N,E
122,2014BB10043,KARTIKEYA SINGH,4,N,E
123,2014BB10048,PRADHAN SIDDHANT SAMEER,4,N,E
124,2014BB10051,NEHA RANGARI,4,N,E
125,2014BB10055,SAURABH SRIVASTAVA,4,N,E
126,2014BB10057,SHANTANU MATHANKAR,4,N,E
127,2014BB10059,SHAURYA MALHOTRA,4,N,E
128,2014BB10064,VATAN GOYAL,4,N,E
129,2014BB50002,AKASH KAKANWAR,4,N,E
130,2014BB50009,NISHA BHATT,4,N,E
131,2014BB50011,S KAUSHIK YADAV,4,N,E
132,2014BB50013,SHUBHAM GOEL,4,N,E
133,2014BB50015,VINEET KUMAR,4,N,E
134,2014CH10044,NAIR ABHILESH GIREESAN,4,N,E
135,2014CH10071,ABHIJEET SAHERAWAT,4,N,E
136,2014CH10072,ABHIMANYU BALYAN,4,N,E
137,2014CH10073,ABHINAV AGGARWAL,4,N,E
138,2014CH10074,ABHISHEK AGGARWAL,4,N,E
139,2014CH10075,ADVAIT SUHAS HOLKAR,4,N,E
140,2014CH10076,AISHWARYA SMRITI,4,N,E
141,2014CH10077,AJAY PRAKASH SRIVATSA,4,N,E
142,2014CH10078,AKASH YADAV,4,N,E
143,2014CH10079,AKASH KUMAR,4,N,E
144,2014CH10080,AKHILESH MEENA,4,N,E
145,2014CH10081,AMAN KUMAR RAI,4,N,E
146,2014CH10082,AMIR AZAD,4,N,E
147,2014CH10083,AMIT KUMAR,4,N,E
148,2014CH10084,APOORV KATIYAR,4,N,E
149,2014CH10085,APURV KAUSHAL,4,N,E
150,2014CH10086,ARUSHI GOEL,4,N,E
151,2014CH10087,ARYAN GUPTA,4,N,E
152,2014CH10089,ASHUTOSH DHEWAL,4,N,E
153,2014CH10090,ASHWIN BHOLA,4,N,E
