List of students registered in (IInd Semester 20162017)
Course Code : CLQ301
Course Description : SEMINAR COURSE - I
Serial No., Entry Number, Student Name, Course Group, Audit Withdrawal, Course Slot
1,2013CE10397,SUGAM BANSAL,1,N,P
2,2013CE10398,SUKRIT KUMAR DE,1,N,P
3,2013CH10070,AMAN BHADU,1,N,P
4,2013CH10106,RISHIKESH MEENA,1,N,P
5,2014CH10100,HETRAM,1,N,P
6,2014CH10103,JAHANAVI BANSAL,1,N,P
7,2014CH10110,MEHUL KAMRA,1,N,P
8,2014CH10116,PRASHANT ARYA,1,N,P
9,2014CH10718,ASHUTOSH AGGARWAL,1,N,P
10,2014CH70187,SHRIMALI JONIT BHARATBHAI,1,N,P
11,2015CH10075,ABHISHEK SINGH,1,N,P
12,2015CH10083,ANIKET KUMAR,1,N,P
13,2015CH70189,SUHANI AGARWAL,1,N,P
14,2013CH70169,RITTIKA HALDAR,2,N,P
15,2014CH10132,SHEFALI KHUNNU,2,N,P
16,2014CH70165,DULERA AVIRAT DIPAK,2,N,P
17,2014CH70180,PRIYANSHU ANAND,2,N,P
18,2014CH70182,SANDEEP YADAV,2,N,P
19,2015CH10104,KRITIKA SHARMA,2,N,P
20,2015CH10136,SUNAJE BHUSHAN,2,N,P
21,2015CH70178,PRASHANT CHOHLA,2,N,P
22,2011CH70162,KUNJI LAL MEENA,3,N,P
23,2013CE10340,DIVYANSHU SUNDRIYAL,3,N,P
24,2014CH10882,GUNJAN,3,N,P
25,2015CH10081,AMAN VERMA,3,N,P
26,2015CH10117,NISHA SINGH,3,N,P
27,2013CH10110,ROHIT KUMAR,4,N,P
28,2013ME10651,AVDHESH MEENA,4,N,P
29,2014CH10073,ABHINAV AGGARWAL,4,N,P
30,2014CH10075,ADVAIT SUHAS HOLKAR,4,N,P
31,2014CH10082,AMIR AZAD,4,N,P
32,2015CH10002,ADITI  MAHAJAN,4,N,P
33,2015CH10082,AMITESH RATHI,4,N,P
34,2015CH10118,PAIDI KRISHNA PRADEEP,4,N,P
35,2015CH10126,SHALINI GUPTA,4,N,P
