List of students registered in (IInd Semester 20162017)
Course Code : CLQ302
Course Description : SEMINAR COURSE - II
Serial No., Entry Number, Student Name, Course Group, Audit Withdrawal, Course Slot
1,2013CH10241,NIKHIL SURESH CHIMURKAR,1,N,P
2,2014CH10097,GANVIR PRANIT KIRAN,1,N,P
3,2014CH10146,YASH DAVE,1,N,P
4,2014CH70164,DEVESH MAHALA,1,N,P
5,2014CH70172,MILAN ROY,1,N,P
6,2014CH70183,SANTOSH KUMAR GOND,1,N,P
7,2014CH70194,UDIT S BEHL,1,N,P
8,2015CH10091,BANDISH PARIKH,1,N,P
9,2015CH10099,DIVYANK MITTAL,1,N,P
10,2015CH10131,SIDDHARTH SACHAN,1,N,P
11,2015CH10143,VIKAS SINGH,1,N,P
12,2015CH10945,SURBHI  JAIN,1,N,P
13,2014CH10101,HIMANSHU SINGH PARIHAR,2,N,P
14,2014CH10104,JITENDRA MEGHWAL,2,N,P
15,2014CH10111,MRIGANK DHABI,2,N,P
16,2014CH10114,NAVNEET BIHANI,2,N,P
17,2014CH10129,SANKET CHAUDHARY,2,N,P
18,2015CH10088,ARSH SINGH CHAUHAN,2,N,P
19,2015CH10104,KRITIKA SHARMA,2,N,P
20,2015CH10144,VINAYAK GUPTA,2,N,P
21,2015CH70168,MUKUL MITTAL,2,N,P
22,2015CH70184,SARTHAK KALA,2,N,P
23,2014CH10112,NAMAN AGRAWAL,3,N,P
24,2014CH10882,GUNJAN,3,N,P
25,2015CH10073,ABHIPRAI MISRA,3,N,P
26,2015CH10089,ARYAMAN BANSAL,3,N,P
27,2015CH10125,SAKSHAM GUPTA,3,N,P
28,2015CH10133,SMARTH VEER SIDANA,3,N,P
29,2015CH10137,SUNINT SINGH KHURANA,3,N,P
30,2015CH10141,URVASHI GUPTA,3,N,P
31,2014CH10072,ABHIMANYU BALYAN,4,N,P
32,2014CH10078,AKASH YADAV,4,N,P
33,2014CH10080,AKHILESH MEENA,4,N,P
34,2015CH10082,AMITESH RATHI,4,N,P
35,2015CH10385,SHUBHIKA  JAIN,4,N,P
