List of students registered in (IInd Semester 20162017)
Course Code : CMD807
Course Description : MAJOR  PROJECT PART - II
Serial No., Entry Number, Student Name, Course Group, Audit Withdrawal, Course Slot
1,2015CYM2224,AARTI MANCHANDA,1,N,P
2,2015CYM2226,AKANKSHA AGGARWAL,1,N,P
3,2015CYM2227,BEENA SONI,1,N,P
4,2015CYM2229,GIRIJA PATEL,1,N,P
5,2015CYM2230,ISHA JAIN,1,N,P
6,2015CYM2232,PRAMOD KUMAR,1,N,P
7,2015CYM2233,PRASHANT KUMAR PANDEY,1,N,P
8,2015CYM2234,PREETI MISHRA,1,N,P
9,2015CYM2236,SANDEEP KUMAR,1,N,P
10,2015CYM2237,SEEMA,1,N,P
11,2015CYM2238,SONAM AGARWAL,1,N,P
