List of students registered in (IInd Semester 20162017)
Course Code : CML695
Course Description : Applied Biocatalysis
Serial No., Entry Number, Student Name, Course Group, Audit Withdrawal, Course Slot
1,2015CYS7001,ABHINAV HEMROM,1,N,K
2,2015CYS7002,ABHIRUP GUHA,1,N,K
3,2015CYS7005,AJEET SINGH,1,N,K
4,2015CYS7011,DEEPAK,1,N,K
5,2015CYS7012,DINESH KUMAR KAKRAN,1,N,K
6,2015CYS7017,JAWAD ABID,1,N,K
7,2015CYS7018,JAYANT,1,N,K
8,2015CYS7019,KUNVAR OM PANDEY,1,N,K
9,2015CYS7021,MANSU KUMARI,1,N,K
10,2015CYS7022,MOHIT SAINI,1,N,K
11,2015CYS7023,NEERAJ YADAV,1,N,K
12,2015CYS7026,POOJA RAWAT,1,N,K
13,2015CYS7028,PRASHANT GUPTA,1,N,K
14,2015CYS7031,RAKI MANDAL,1,N,K
15,2015CYS7032,RAKTIM SEN,1,N,K
16,2015CYS7034,RUCHIKA BHATGHARE,1,N,K
17,2015CYS7048,TAMANNA,1,N,K
18,2015CYS7054,VIKAS KUMAR GAUTAM,1,N,K
19,2016CYM2702,VADDADI SAI SOWMYA,1,N,K
20,2016RDZ8343,SHREYA TRIPATHI,1,N,K
21,2016RDZ8366,SMRITI  KALA,1,N,K
