List of students registered in (IInd Semester 20162017)
Course Code : COD351
Course Description : MINOR DESIGN PROJECT - I
Serial No., Entry Number, Student Name, Course Group, Audit Withdrawal, Course Slot
1,2013CS10254,SAKSHAM GUPTA,0,N,P
2,2013ME10686,KUNAL JAIN,0,N,P
3,2013CS10205,AKSHIT TREHAN,1,N,P
4,2013CS10208,ANANYA GOEL,1,N,P
5,2013CS10212,ANUPAM KHANDELWAL,1,N,P
6,2013CS10243,NITESH SINGH,1,N,P
7,2013CS10246,PRATEEK KUMAR VERMA,1,N,P
8,2013CS10248,PRIYAM AGRAWAL,1,N,P
9,2013CS10255,SANMUKHANI RISHIT GOPAL,1,N,P
10,2013CS10260,SUMIT KHURANA,1,N,P
11,2014CS10231,KSHITIJ CHOUDHARY,1,N,P
12,2014CS10565,SHIVANK GOEL,1,N,P
13,2013CS10202,ABHISHEK KUMAR BARNWAL,2,N,P
14,2013CS10232,KOPPURAVURI SUMANTH,2,N,P
15,2013CS10236,MILIND JAIN,2,N,P
16,2013CS10302,YASH GUPTA,2,N,P
17,2013CS10203,ADITYA SWAROOP,3,N,P
18,2013CS10209,ANIKET KHANDELWAL,3,N,P
19,2013CS10258,SHUBHAM RAWAT,3,N,P
20,2014BB10029,ARCHIT KUMAR,3,N,P
21,2014BB10028,ANURAG DANI,4,N,P
22,2014BB10048,PRADHAN SIDDHANT SAMEER,4,N,P
