List of students registered in (IInd Semester 20162017)
Course Code : COD310
Course Description : MINI PROJECT
Serial No., Entry Number, Student Name, Course Group, Audit Withdrawal, Course Slot
1,2014CS10213,AYUSHYA RAJ,0,N,P
2,2014CE10397,TINISH GUPTA,1,N,P
3,2015CS10210,AMAN AGRAWAL,1,N,P
4,2013CS10224,HARMAN KUMAR,2,N,P
5,2014CE10343,JAYESH ATREYA,2,N,P
6,2014CS10250,SACHIN,2,N,P
7,2014PH10822,SANKALP PATEL,2,N,P
8,2015CS10262,SUYASH AGRAWAL,2,N,P
9,2013CS10220,FARAN AHMAD,3,N,P
10,2014CS10230,KRITARTH,3,N,P
11,2015BB10027,ANJALI CHOURDIA,3,N,P
12,2013BB50028,RISHABH SETHI,4,N,P
13,2013CS50276,AMEYA DUBEY,4,N,P
