List of students registered in (IInd Semester 20162017)
Course Code : COL331
Course Description : OPERATING SYSTEMS
Serial No., Entry Number, Student Name, Course Group, Audit Withdrawal, Course Slot
1,2012CS10236,MUKESH KUMAR,1,N,E
2,2012PH10839,DHEERAJ SINGH,1,N,E
3,2013CS10233,KOTA VENKATA HEMANTH,1,N,E
4,2013EE10477,NITISH AGARWAL,1,N,E
5,2013TT10905,ARPIT JAIN,1,N,E
6,2013TT10970,SILKY JAIN,1,N,E
7,2014CS10091,AYUSH BHARDWAJ,1,N,E
8,2014CS10201,AAYAN KUMAR,1,N,E
9,2014CS10204,ABHISHEK SANGWAN,1,N,E
10,2014CS10207,AGRAWAL PRAKHAR YOGESH,1,N,E
11,2014CS10210,ANIL KUMAR MEENA,1,N,E
12,2014CS10213,AYUSHYA RAJ,1,N,E
13,2014CS10219,GANGASANI SAI SRIMANTH,1,N,E
14,2014CS10222,HARSHIL R MEENA,1,N,E
15,2014CS10225,JATIN YADAV,1,N,E
16,2014CS10231,KSHITIJ CHOUDHARY,1,N,E
17,2014CS10234,MAYANK SHARAN,1,N,E
18,2014CS10237,MOHIT BAJAJ,1,N,E
19,2014CS10240,NAGARAJAN HARISH,1,N,E
20,2014CS10246,PRAGNESH JOGADIYA,1,N,E
21,2014CS10249,RANGA SURENDRA,1,N,E
22,2014CS10252,SAURABH KUMAR,1,N,E
23,2014CS10255,SHUBH CHAURASIA,1,N,E
24,2014CS10258,SOURAV DAS,1,N,E
25,2014CS10261,UJJWAL KUMAR,1,N,E
26,2014CS10264,VIKAS CHOUHAN,1,N,E
27,2014CS10267,VISHNU BHALAKI,1,N,E
28,2014CS10425,AMARESH KUMAR,1,N,E
29,2014CS10565,SHIVANK GOEL,1,N,E
30,2013EE10436,AMANDEEP ARORA,2,N,E
31,2013EE10479,PAWAN KUMAR SHARMA,2,N,E
32,2013EE10505,TARUN AGARWAL,2,N,E
33,2013EE10509,TIRUMANI BALA PAVAN VARMA,2,N,E
34,2013TT10947,PARICHAY JINDAL,2,N,E
35,2014CS10158,ANKIT SHUBHAM,2,N,E
36,2014CS10202,ABHIJEET ANAND,2,N,E
37,2014CS10205,ADITI,2,N,E
38,2014CS10208,AJMEERA NAGARAJU,2,N,E
39,2014CS10211,ARKAPRAVA SAHA,2,N,E
40,2014CS10214,BALIVADA VENKATA SAIKIRANPATNAIK,2,N,E
41,2014CS10217,DHAIRYA SANDHYANA,2,N,E
42,2014CS10220,GURTEJ SINGH SOHI,2,N,E
43,2014CS10223,HIMANSHU SINGH,2,N,E
44,2014CS10226,KALLA VENKAT NIKHIL KUMAR,2,N,E
45,2014CS10229,KISHALAY RAJ,2,N,E
46,2014CS10232,KUSHAGRA MADAN,2,N,E
47,2014CS10235,MICKLE GILL,2,N,E
48,2014CS10238,MUKUND RUNGTA,2,N,E
49,2014CS10244,NITIN RATHOR,2,N,E
50,2014CS10247,PRASHANT MITTAL,2,N,E
51,2014CS10250,SACHIN,2,N,E
52,2014CS10253,SHARDUL TRIPATHI,2,N,E
53,2014CS10256,SHUBHAM RATHI,2,N,E
54,2014CS10259,TANTATI AVINASH,2,N,E
55,2014CS10262,UPPALAM VENKATA MUKESH KUMAR,2,N,E
56,2014CS10265,VINEETH PATIBANDLA,2,N,E
57,2014CS10268,WAGHMARE SAURABH MILIND,2,N,E
58,2014CS10485,SHREYAN GUPTA,2,N,E
59,2011CS10260,VISWA TEJA GAJULAVARTHY,3,N,E
60,2012CS10226,EDUBILLI AVINASH,3,N,E
61,2013CS10214,ASHISH KUMAR SINGH,3,N,E
62,2013CS10250,RAKSHAK SATSANGI,3,N,E
63,2013CS10293,PRASOON PATIDAR,3,N,E
64,2013EE10687,LAKSHAY SAPRA,3,N,E
65,2013ME20785,KULDEEP SHARMA,3,N,E
66,2014CS10203,ABHILASH RAMTEKE,3,N,E
67,2014CS10206,ADITYA KUMAR,3,N,E
68,2014CS10209,ANIKET AMBAR BAJPAI,3,N,E
69,2014CS10212,ARYAN GARG,3,N,E
70,2014CS10215,CHADA NIKHIL REDDY,3,N,E
71,2014CS10218,DIVYANSH,3,N,E
72,2014CS10221,HARSH ARYA,3,N,E
73,2014CS10224,JARUPLA ROHIT NAIK,3,N,E
74,2014CS10227,KARAN DWIVEDI,3,N,E
75,2014CS10230,KRITARTH,3,N,E
76,2014CS10233,MAYANK RAJORIA,3,N,E
77,2014CS10236,MOHAMMAD AKRAM KHAN,3,N,E
78,2014CS10239,MUPPIDI SAI VIVEK REDDY,3,N,E
79,2014CS10242,NEERAJ SABHARWAL,3,N,E
80,2014CS10245,PANKAJ KUMAR,3,N,E
81,2014CS10248,RAHUL KUMAR,3,N,E
82,2014CS10251,SARVESH CHANDOLIYA,3,N,E
83,2014CS10254,SHRISTI GOYAL,3,N,E
84,2014CS10257,SOUDAGAR AFZAL SHAMA,3,N,E
85,2014CS10263,VALLURI SRI RAM,3,N,E
86,2014CS10266,VIPPARTHY SAI ESVAR,3,N,E
87,2014CS10290,PRAKHAR GUPTA,3,N,E
88,2014CS10423,AKSHANSH CHAHAL,3,N,E
89,2014CS10598,PRANAV PRATAP SINGH,3,N,E
90,2014EE10710,AKSHIT TYAGI,3,N,E
91,2014EE30188,SHWETANK GUPTA,3,N,E
92,2014EE30528,PRABUDDH BAIID,3,N,E
93,2011CS50290,PAWAN KUMAR RAJOTIYA,4,N,E
94,2012CS50277,AMAR AGNIHOTRI,4,N,E
95,2013CS50271,ABHISHEK KUMAR,4,N,E
96,2013CS50274,ABHISHEK KHUNTWAL,4,N,E
97,2013CS50280,AYUSH VERMA,4,N,E
98,2013CS50283,DHARMBIR YADAV,4,N,E
99,2013CS50285,GOPI SWAMY VEERENDRA,4,N,E
100,2013CS50286,HIRULKAR ANKET PRAKASH,4,N,E
101,2013CS50288,KANDLIKAR SUJAY MADHUSUDAN,4,N,E
102,2013CS50296,SACHIN MEENA,4,N,E
103,2013CS50301,SOURABH RANA,4,N,E
104,2013CS50702,PRANJAL MAHESHWARI,4,N,E
105,2013CS50799,SHASHANK YADAV,4,N,E
106,2013EE30561,PANKAJ KUMAR,4,N,E
107,2013EE30567,ROSHAN KUMAR,4,N,E
108,2013TT10953,RAJAT KUMAR SURANA,4,N,E
109,2014CS50276,ABHINAV YADAV,4,N,E
110,2014CS50277,ADITI SINGLA,4,N,E
111,2014CS50278,AKSHIT GOYAL,4,N,E
112,2014CS50279,ANKUSH PHULIA,4,N,E
113,2014CS50280,ASHLEY JAIN,4,N,E
114,2014CS50281,AYUSH GUPTA,4,N,E
115,2014CS50282,BIPUL KUMAR,4,N,E
116,2014CS50283,DEEPAK BHATT,4,N,E
117,2014CS50284,GOLLAPALLI APOORVA,4,N,E
118,2014CS50285,GULSHAN KUMAR JANGID,4,N,E
119,2014CS50286,KARTAR SINGH,4,N,E
120,2014CS50288,MOMIN MAHDIHUSAIN,4,N,E
121,2014CS50289,PRACHI SINGH,4,N,E
122,2014CS50292,RACHIT ARORA,4,N,E
123,2014CS50296,UDAYIN BISWAS,4,N,E
124,2014CS50297,VAIBHAV BHAGEE,4,N,E
125,2014CS50435,DEEPAK BANSAL,4,N,E
126,2014CS50462,NIKHIL GUPTA,4,N,E
127,2014CS50599,PRAVEEN P KULKARNI,4,N,E
128,2014CS50736,KAPIL KUMAR,4,N,E
129,2014EE10141,SOMYA ARORA,4,N,E
130,2014EE10424,AKSHUNN JINDAL,4,N,E
