List of students registered in (IInd Semester 20162017)
Course Code : COL352
Course Description : INTRO TO AUTOMATA & TH. OF CO.
Serial No., Entry Number, Student Name, Course Group, Audit Withdrawal, Course Slot
1,2011ANZ8221,MRS. ARUNA BANSAL.,1,N,H
2,2013CS10237,MOHIT CHOUDHARY,1,N,H
3,2013CS10246,PRATEEK KUMAR VERMA,1,N,H
4,2014CS10091,AYUSH BHARDWAJ,1,N,H
5,2014CS10201,AAYAN KUMAR,1,N,H
6,2014CS10204,ABHISHEK SANGWAN,1,N,H
7,2014CS10210,ANIL KUMAR MEENA,1,N,H
8,2014CS10213,AYUSHYA RAJ,1,N,H
9,2014CS10219,GANGASANI SAI SRIMANTH,1,N,H
10,2014CS10225,JATIN YADAV,1,N,H
11,2014CS10231,KSHITIJ CHOUDHARY,1,N,H
12,2014CS10234,MAYANK SHARAN,1,N,H
13,2014CS10237,MOHIT BAJAJ,1,N,H
14,2014CS10240,NAGARAJAN HARISH,1,N,H
15,2014CS10246,PRAGNESH JOGADIYA,1,N,H
16,2014CS10249,RANGA SURENDRA,1,N,H
17,2014CS10252,SAURABH KUMAR,1,N,H
18,2014CS10255,SHUBH CHAURASIA,1,N,H
19,2014CS10258,SOURAV DAS,1,N,H
20,2014CS10261,UJJWAL KUMAR,1,N,H
21,2014CS10264,VIKAS CHOUHAN,1,N,H
22,2014CS10267,VISHNU BHALAKI,1,N,H
23,2014CS10425,AMARESH KUMAR,1,N,H
24,2014CS10565,SHIVANK GOEL,1,N,H
25,2014CSZ8383,RAJESH KEDIA,1,N,H
26,2015CS10207,ADITYA SAHDEV,1,N,H
27,2015CS10225,DHOLE SHREYAS KIRAN,1,N,H
28,2015CS10461,MANJEET  KUMAR,1,N,H
29,2013CS10201,AAYUSH GAUTAM,2,N,H
30,2013CS10207,AMAN BHATIA,2,N,H
31,2013CS10210,ANKUSH SINGHAL,2,N,H
32,2013CS10240,NANUMASA MANOJ DEVENDER GOUD,2,N,H
33,2014CS10158,ANKIT SHUBHAM,2,N,H
34,2014CS10202,ABHIJEET ANAND,2,N,H
35,2014CS10208,AJMEERA NAGARAJU,2,N,H
36,2014CS10211,ARKAPRAVA SAHA,2,N,H
37,2014CS10214,BALIVADA VENKATA SAIKIRANPATNAIK,2,N,H
38,2014CS10217,DHAIRYA SANDHYANA,2,N,H
39,2014CS10220,GURTEJ SINGH SOHI,2,N,H
40,2014CS10223,HIMANSHU SINGH,2,N,H
41,2014CS10226,KALLA VENKAT NIKHIL KUMAR,2,N,H
42,2014CS10229,KISHALAY RAJ,2,N,H
43,2014CS10232,KUSHAGRA MADAN,2,N,H
44,2014CS10235,MICKLE GILL,2,N,H
45,2014CS10238,MUKUND RUNGTA,2,N,H
46,2014CS10244,NITIN RATHOR,2,N,H
47,2014CS10247,PRASHANT MITTAL,2,N,H
48,2014CS10250,SACHIN,2,N,H
49,2014CS10253,SHARDUL TRIPATHI,2,N,H
50,2014CS10256,SHUBHAM RATHI,2,N,H
51,2014CS10262,UPPALAM VENKATA MUKESH KUMAR,2,N,H
52,2014CS10265,VINEETH PATIBANDLA,2,N,H
53,2014CS10268,WAGHMARE SAURABH MILIND,2,N,H
54,2014CS10485,SHREYAN GUPTA,2,N,H
55,2015CS10226,DIVGIAN SINGH SIDHU,2,N,H
56,2013CS10220,FARAN AHMAD,3,N,H
57,2013CS10221,GAURAV JARWAL,3,N,H
58,2013CS10227,JATIN CHOPRA,3,N,H
59,2013CS10249,RAJNISH KUMAR,3,N,H
60,2013CS10362,NIKHIL PRATAP,3,N,H
61,2014CS10203,ABHILASH RAMTEKE,3,N,H
62,2014CS10206,ADITYA KUMAR,3,N,H
63,2014CS10212,ARYAN GARG,3,N,H
64,2014CS10215,CHADA NIKHIL REDDY,3,N,H
65,2014CS10218,DIVYANSH,3,N,H
66,2014CS10224,JARUPLA ROHIT NAIK,3,N,H
67,2014CS10227,KARAN DWIVEDI,3,N,H
68,2014CS10230,KRITARTH,3,N,H
69,2014CS10236,MOHAMMAD AKRAM KHAN,3,N,H
70,2014CS10239,MUPPIDI SAI VIVEK REDDY,3,N,H
71,2014CS10242,NEERAJ SABHARWAL,3,N,H
72,2014CS10245,PANKAJ KUMAR,3,N,H
73,2014CS10248,RAHUL KUMAR,3,N,H
74,2014CS10251,SARVESH CHANDOLIYA,3,N,H
75,2014CS10254,SHRISTI GOYAL,3,N,H
76,2014CS10260,TUHINANKSU DAS,3,N,H
77,2014CS10263,VALLURI SRI RAM,3,N,H
78,2014CS10266,VIPPARTHY SAI ESVAR,3,N,H
79,2014CS10423,AKSHANSH CHAHAL,3,N,H
80,2014CS10598,PRANAV PRATAP SINGH,3,N,H
81,2015CS10435,ANKESH  GUPTA,3,N,H
82,2015CS50459,MAKKUNDA  SHARMA,3,N,H
83,2012CS50293,PATEL DHRUVIN UDAYAN,4,N,H
84,2013CS50274,ABHISHEK KHUNTWAL,4,N,H
85,2013CS50275,AKSHAY KUMAR GUPTA,4,N,H
86,2013CS50283,DHARMBIR YADAV,4,N,H
87,2013CS50288,KANDLIKAR SUJAY MADHUSUDAN,4,N,H
88,2013CS50294,ROHIT,4,N,H
89,2013CS50295,RONAK KHANDELWAL,4,N,H
90,2013CS50300,SONI AKHIL DHARAMPRAKASH,4,N,H
91,2013CS50301,SOURABH RANA,4,N,H
92,2013CS50799,SHASHANK YADAV,4,N,H
93,2013EE30557,KARAN VARSHNEY,4,N,H
94,2014CH10077,AJAY PRAKASH SRIVATSA,4,N,H
95,2014CS50276,ABHINAV YADAV,4,N,H
96,2014CS50277,ADITI SINGLA,4,N,H
97,2014CS50278,AKSHIT GOYAL,4,N,H
98,2014CS50279,ANKUSH PHULIA,4,N,H
99,2014CS50280,ASHLEY JAIN,4,N,H
100,2014CS50281,AYUSH GUPTA,4,N,H
101,2014CS50282,BIPUL KUMAR,4,N,H
102,2014CS50283,DEEPAK BHATT,4,N,H
103,2014CS50284,GOLLAPALLI APOORVA,4,N,H
104,2014CS50286,KARTAR SINGH,4,N,H
105,2014CS50288,MOMIN MAHDIHUSAIN,4,N,H
106,2014CS50289,PRACHI SINGH,4,N,H
107,2014CS50291,PUNIT TIGGA,4,N,H
108,2014CS50292,RACHIT ARORA,4,N,H
109,2014CS50293,RISHUBH SINGH,4,N,H
110,2014CS50294,SHOVAN PAUL,4,N,H
111,2014CS50296,UDAYIN BISWAS,4,N,H
112,2014CS50297,VAIBHAV BHAGEE,4,N,H
113,2014CS50462,NIKHIL GUPTA,4,N,H
114,2014CS50736,KAPIL KUMAR,4,N,H
115,2014TT10934,SARISHT WADHWA,4,N,H
116,2015CS50292,SARANSH GOYAL,4,N,H
117,2015CS50295,SUDEEP AGARWAL,4,N,H
118,2015CS50480,SIDDHANT  ARORA,4,N,H
119,2015MT10560,HULLAS  JINDAL,4,N,H
