List of students registered in (IInd Semester 20162017)
Course Code : COL781
Course Description : COMPUTER GRAPHICS
Serial No., Entry Number, Student Name, Course Group, Audit Withdrawal, Course Slot
1,2012CS50297,SANJAY BENIWAL,0,N,K
2,2013CS50282,DEEPANKER MISHRA,0,N,K
3,2014MT10591,GURKIRAT SINGH BAJWA,0,N,K
4,2010CHZ8819,VINOD KUMAR TANEJA,1,N,K
5,2012CS10221,BHAVESH CHOUHAN,1,N,K
6,2012CS10236,MUKESH KUMAR,1,N,K
7,2012MT50611,PRAVEEN KUMAR,1,N,K
8,2013CS10205,AKSHIT TREHAN,1,N,K
9,2013CS10212,ANUPAM KHANDELWAL,1,N,K
10,2013CS10223,HARISHCHANDRA PATIDAR,1,N,K
11,2013CS10245,PRAKHAR GUPTA,1,N,K
12,2013CS10246,PRATEEK KUMAR VERMA,1,N,K
13,2013ME10859,PRABHU PRASAD PANDA,1,N,K
14,2014CS10201,AAYAN KUMAR,1,N,K
15,2014CS10264,VIKAS CHOUHAN,1,N,K
16,2014CS10425,AMARESH KUMAR,1,N,K
17,2014EE10494,VIJAY RAGHAV GOYAL,1,N,K
18,2011MT50588,AMIT KUMAR GUPTA,2,N,K
19,2011MT50600,GAURAV SINGH,2,N,K
20,2012CS10210,ADITYA SHAKYA,2,N,K
21,2012CS10213,AKSHAY SURESH BHAT,2,N,K
22,2012MT50621,SOURABH SINGH DHYANIA,2,N,K
23,2012MT50627,VINEET KUMAR,2,N,K
24,2013CS10202,ABHISHEK KUMAR BARNWAL,2,N,K
25,2013CS10207,AMAN BHATIA,2,N,K
26,2013CS10210,ANKUSH SINGHAL,2,N,K
27,2013CS10231,KARTIKEYA GUPTA,2,N,K
28,2013CS10247,PREM RANJAN,2,N,K
29,2013CS10252,SAHIL YADAV,2,N,K
30,2013CS10257,SHUBHAM SAGAR,2,N,K
31,2014CS10205,ADITI,2,N,K
32,2014CS10485,SHREYAN GUPTA,2,N,K
33,2011CS10215,GAMPALA NAVEEN,3,N,K
34,2012CS10226,EDUBILLI AVINASH,3,N,K
35,2012MT50595,HIMANSHU BIBYAN,3,N,K
36,2012MT50598,KRISHNKANT MEENA,3,N,K
37,2012MT50601,LOKESH RAKAWAT,3,N,K
38,2012MT50607,NAVENDU SHEKHAR,3,N,K
39,2012MT50610,PRAKASH GUPTA,3,N,K
40,2012MT50616,SANJAY KARELA,3,N,K
41,2013CS10215,AVIRAL JAIN,3,N,K
42,2013CS10218,CHANDAN YADAV,3,N,K
43,2013CS10220,FARAN AHMAD,3,N,K
44,2013CS10225,HAROUN HABEEB,3,N,K
45,2013CS10234,LAXMAN JANGLEY,3,N,K
46,2013CS10249,RAJNISH KUMAR,3,N,K
47,2013CS10253,SAHIL JINDAL,3,N,K
48,2013CS10258,SHUBHAM RAWAT,3,N,K
49,2013EE10482,PULKIT SHARMA,3,N,K
50,2013EE10687,LAKSHAY SAPRA,3,N,K
51,2013ME10686,KUNAL JAIN,3,N,K
52,2013ME10742,YASH KUMAR BANSAL,3,N,K
53,2014CS10230,KRITARTH,3,N,K
54,2014CS10598,PRANAV PRATAP SINGH,3,N,K
55,2014EE10493,VIBHOR DODEJA,3,N,K
56,2014MT10603,RISHUBH PARIHAR,3,N,K
57,2014MT10607,SAHIL AGGARWAL,3,N,K
58,2014MT60555,GAUTAM KUMAR,3,N,K
59,2014MT60663,KAPIL AHUJA,3,N,K
60,2015MT60567,SIDDHARTH KHERA,3,N,K
61,2010CS50286,MANOTEJA BOYAPATI,4,N,K
62,2011CS50297,SHIVANI SEN,4,N,K
63,2012CS50275,AJAY KUMAR,4,N,K
64,2012CS50276,AKASH KAILAS BAVISKAR,4,N,K
65,2012CS50278,ANAND AGRAWAL,4,N,K
66,2012CS50281,ASHISH KUMAR,4,N,K
67,2012CS50285,CHIRAG AGRAWAL,4,N,K
68,2012CS50290,KSHITIJ MORODIA,4,N,K
69,2012CS50292,NITIN AGARWAL,4,N,K
70,2012CS50295,RAJAT THAKUR,4,N,K
71,2012CS50298,SAURABH NAKRA,4,N,K
72,2013CS50272,ABHISHEK GUPTA,4,N,K
73,2013CS50273,ABHISHEK PRATAP SINGH,4,N,K
74,2013CS50275,AKSHAY KUMAR GUPTA,4,N,K
75,2013CS50284,GARVIT JAIN,4,N,K
76,2013CS50287,KABIR CHHABRA,4,N,K
77,2013CS50289,MAKADIA DHRUVANG NAVINBHAI,4,N,K
78,2013CS50291,NIKHIL CHATURVEDI,4,N,K
79,2013CS50292,PRANEET KHANDELWAL,4,N,K
80,2013CS50295,RONAK KHANDELWAL,4,N,K
81,2013CS50297,SACHIN KUMAR,4,N,K
82,2013EE10435,AKSHAY SINGLA,4,N,K
83,2013ME10117,SAUHARD GUPTA,4,N,K
84,2014CS50279,ANKUSH PHULIA,4,N,K
85,2014CS50297,VAIBHAV BHAGEE,4,N,K
86,2014CS50599,PRAVEEN P KULKARNI,4,N,K
87,2014EE10434,DASHPUTE ANIKET SANJAY,4,N,K
88,2014MT10616,VISHAL,4,N,K
89,2015MT10560,HULLAS  JINDAL,4,N,K
