List of students registered in (IInd Semester 20162017)
Course Code : COL756
Course Description : MATHEMATICAL PROGRAMMING
Serial No., Entry Number, Student Name, Course Group, Audit Withdrawal, Course Slot
1,2012CSZ8277,JATIN BATRA,1,N,C
2,2013CS10205,AKSHIT TREHAN,1,N,C
3,2013CS10235,MANOJ KATARIA,1,N,C
4,2013CS10248,PRIYAM AGRAWAL,1,N,C
5,2015CSY7510,AOUNON KUMAR,1,N,C
6,2015CSY7512,SUBHAJIT CHATTERJEE,1,N,C
7,2015CSY7533,SUDIPTA ROY,1,N,C
8,2015EEY2675,AASHI JINDAL,1,N,C
9,2015EEY2691,PRASHANT GUPTA,1,N,C
10,2015MCS2328,AJITA SHREE,1,N,C
11,2015MCS2331,ARUN SHANKAR S,1,N,C
12,2015MCS2354,SURAJ TRIPATHI,1,N,C
13,2015SIY7549,GEETA,1,N,C
14,2016ANZ8047,VARUN  KUMAR,1,N,C
15,2016ANZ8048,KUNAL  DAHIYA,1,N,C
16,2016ANZ8050,DILLIP KUMAR SAHOO,1,N,C
17,2016CSY7526,SIDDHARTHA  SARKAR,1,N,C
18,2016CSZ8119,VISHAL  SHARMA,1,N,C
19,2016CSZ8121,INDU  JOSHI,1,N,C
20,2016EEY7520,MANOJ SINGH RATHOR,1,N,C
21,2016MAZ8189,JUHI  CHAUDHARY,1,N,C
22,2016MCS2649,ANKITA  JAIN,1,N,C
23,2016MCS2650,MOIN ULISLAM ASMI,1,N,C
24,2016MCS2657,SHRUTI  GOEL,1,N,C
25,2016MCS2664,ANKITA  SAHA,1,N,C
26,2013CS10228,JEETU RAJ,2,N,C
27,2013CS10244,NOMAN AHMED SHEIKH,2,N,C
28,2013CS10261,SURYAKANT PANDEY,2,N,C
29,2013CS10203,ADITYA SWAROOP,3,N,C
30,2013CS10209,ANIKET KHANDELWAL,3,N,C
31,2013CS10242,NISHANT YADAV,3,N,C
32,2013EE10437,ANMOL GUPTA,3,N,C
33,2013CS50295,RONAK KHANDELWAL,4,N,C
34,2013ME10015,GAGAN MADAN,4,N,C
