List of students registered in (IInd Semester 20162017)
Course Code : COL812
Course Description : SYSTEM LEVEL DESIGN& MODELLING
Serial No., Entry Number, Student Name, Course Group, Audit Withdrawal, Course Slot
1,2013CSZ8302,NEETU JINDAL,1,N,C
2,2015ANZ8497,ANUPAM SOBTI,1,N,C
3,2015EET2693,RINKU TAKKAR,1,N,C
4,2015EEY7545,PARMEET SINGH,1,N,C
5,2015JVL2551,PRATEEK JAIN,1,N,C
6,2015JVL2553,SAURABH SURESH AGRAWAL,1,N,C
7,2015SIY7524,SUMAN MURALIKRISHNAN ADHEPALLI,1,N,C
8,2016ANZ8046,SHUBHANI,1,N,C
9,2016ANZ8513,AGASTYA  NANDA,1,N,C
10,2016CSZ8113,SHUBHANKAR SUMAN SINGH,1,N,C
11,2016EEY7521,SAKSHI  ARORA,1,N,C
12,2016JVL2106,SACHINDERNATH  SINGH,1,N,C
13,2016JVL2107,NAVKAMAL  RAKRA,1,N,C
14,2016JVL2108,JITIN  JACOB,1,N,C
15,2016JVL2109,SHARATH B K,1,N,C
16,2016JVL2112,SHIKHA  GOEL,1,N,C
17,2016JVL2113,SAIKIRAN REDDY DWARAMPUDI,1,N,C
18,2016MCS2684,ASHWIN DINESH SINGH,1,N,C
19,2016SIY7533,VIKRANT  KAPILA,1,N,C
