List of students registered in (IInd Semester 20162017)
Course Code : COL863
Course Description : SPL. TOPICS IN THEO. COMP. SC.
Serial No., Entry Number, Student Name, Course Group, Audit Withdrawal, Course Slot
1,2014TT10866,ANKIT,0,N,H
2,2012MT50608,NUPUR KUMARI,1,N,H
3,2013CS10235,MANOJ KATARIA,1,N,H
4,2015CSY7510,AOUNON KUMAR,1,N,H
5,2015CSY7533,SUDIPTA ROY,1,N,H
6,2016CSY7526,SIDDHARTHA  SARKAR,1,N,H
7,2016MCS2663,ABHISHEK KIRTIBHAI PATEL,1,N,H
8,2013CS10225,HAROUN HABEEB,3,N,H
9,2013EE10437,ANMOL GUPTA,3,N,H
10,2013MT60622,SOMANSHU DHINGRA,3,N,H
11,2012CS50279,ANSHUL BAWA,4,N,H
12,2013CS50290,MANAV JINGER,4,N,H
13,2013MT60585,ANIMEK SAHU,4,N,H
