List of students registered in (IInd Semester 20162017)
Course Code : COP290
Course Description : DESIGN PRACTICES
Serial No., Entry Number, Student Name, Course Group, Audit Withdrawal, Course Slot
1,2013ME10654,BANDI SRI RAMA CHANDRA MURTHY,0,N,P
2,2014EE30509,DHARAMSARE PRANAY KASHIRAM,0,N,P
3,2014TT10895,KRITTAM KEERTIMAN KOTHARI,0,N,P
4,2013PH10864,RISHABH MALLIK,1,N,P
5,2013PH10877,TARIQUE ANWAR,1,N,P
6,2014CS10243,NETHALA BILVA TEJA BALA TATAJI RAO,1,N,P
7,2015CS10201,AAKASH AGARWAL,1,N,P
8,2015CS10204,ABHISHEK YADAV,1,N,P
9,2015CS10207,ADITYA SAHDEV,1,N,P
10,2015CS10210,AMAN AGRAWAL,1,N,P
11,2015CS10213,ANUJ DHAWAN,1,N,P
12,2015CS10216,ASHWANI KUMAR VERMA,1,N,P
13,2015CS10219,BALLA REVANTH BABU,1,N,P
14,2015CS10225,DHOLE SHREYAS KIRAN,1,N,P
15,2015CS10231,KANDUKURI KARTHIK,1,N,P
16,2015CS10234,KARTIKEYA SHARMA,1,N,P
17,2015CS10237,MAYANK ANEJA,1,N,P
18,2015CS10240,MUSKAAN,1,N,P
19,2015CS10246,RAGHAV GARG,1,N,P
20,2015CS10249,RAVURI HEMA CHANDAR,1,N,P
21,2015CS10252,RONAK AGARWAL,1,N,P
22,2015CS10255,SANKET SANJAY DHAKATE,1,N,P
23,2015CS10258,SHIV KUMAR MARKAM,1,N,P
24,2015CS10261,SUMAN KUMAR,1,N,P
25,2015CS10264,TANMAY BANSAL,1,N,P
26,2015CS10267,VIPIN RAO,1,N,P
27,2015CS10341,MOHAMMAD  WASIH,1,N,P
28,2015CS10461,MANJEET  KUMAR,1,N,P
29,2015EE10111,MOHIT  GOYAL,1,N,P
30,2015EE10421,AAKASH AGRAWAL,1,N,P
31,2015EE10493,VIVEK ARORA,1,N,P
32,2012CS10265,RATANLAL,2,N,P
33,2013EE10456,GAURAV NAMA,2,N,P
34,2014CS10247,PRASHANT MITTAL,2,N,P
35,2014ME10671,NOOKALA UDAY SAI KUMAR,2,N,P
36,2014TT10914,PRATEEK KUMAR,2,N,P
37,2015CS10202,AAKASH SINHA,2,N,P
38,2015CS10205,ABHISHEK SINGH,2,N,P
39,2015CS10208,AKASH MITTAL,2,N,P
40,2015CS10214,ANUJ CHOUDHURY,2,N,P
41,2015CS10217,AYUSH RANJAN,2,N,P
42,2015CS10220,BANTUPALLI SOWMITH,2,N,P
43,2015CS10223,DEEPAK PATANKAR,2,N,P
44,2015CS10226,DIVGIAN SINGH SIDHU,2,N,P
45,2015CS10229,J ROSHAN NAIK,2,N,P
46,2015CS10232,KANIKARAM DWIZOTMAN,2,N,P
47,2015CS10235,MADHUR SINGHAL,2,N,P
48,2015CS10238,MEHAK PREET DHALIWAL,2,N,P
49,2015CS10241,OM PATEL,2,N,P
50,2015CS10244,POLAKAM KAMALNATH,2,N,P
51,2015CS10247,RAHUL AGARWAL,2,N,P
52,2015CS10253,SAGAR GOYAL,2,N,P
53,2015CS10256,SARTHAK MISHRA,2,N,P
54,2015CS10259,SHOBHIT GUPTA,2,N,P
55,2015CS10262,SUYASH AGRAWAL,2,N,P
56,2015CS10265,V ANOOP,2,N,P
57,2015CS10268,YASH GAUTAM,2,N,P
58,2015EE10490,UDIT SINGLA,2,N,P
59,2015EE10908,MADHUR  SINGAL,2,N,P
60,2013ME20778,DHRUV GUPTA,3,N,P
61,2014MT10601,RAHUL PANWAR,3,N,P
62,2014MT60557,KISHAN SAHU,3,N,P
63,2014TT10873,AYUSH GUPTA,3,N,P
64,2015CS10203,ABHINAV CHOUDHARY,3,N,P
65,2015CS10206,ADITYA SHEKHAR,3,N,P
66,2015CS10209,AKSHAY GAHLOT,3,N,P
67,2015CS10212,ANSHUL T. DALAL,3,N,P
68,2015CS10215,ANUPAM SINGH,3,N,P
69,2015CS10218,B SOURABH,3,N,P
70,2015CS10224,DHARMENDRA KUMAR SHILA,3,N,P
71,2015CS10230,JAI MOONDRA,3,N,P
72,2015CS10233,KARRA AKHILESH,3,N,P
73,2015CS10236,MANU MITRAAN K,3,N,P
74,2015CS10239,MUKUND MUNDHRA,3,N,P
75,2015CS10242,PARTH SINGH,3,N,P
76,2015CS10245,PRAKHAR GANESH,3,N,P
77,2015CS10251,ROHIT RAJ,3,N,P
78,2015CS10254,SAKET DINGLIWAL,3,N,P
79,2015CS10257,SEELAM LAKSHMI SAI KRISHNA,3,N,P
80,2015CS10260,SHUBHAM SINGH TANWAR,3,N,P
81,2015CS10263,SWAPNIL DAS,3,N,P
82,2015CS10266,VINNAKOTA SAJIT GUPTA,3,N,P
83,2015CS10435,ANKESH  GUPTA,3,N,P
84,2015CS10667,PRAKHAR  KUMAR,3,N,P
85,2015CS50459,MAKKUNDA  SHARMA,3,N,P
86,2015EE10467,RAUNAK GAUTAM,3,N,P
87,2015EE30517,HARSH MAHESHWARI,3,N,P
88,2015EE30649,HARSH HEMANT  MALARA,3,N,P
89,2015ME20726,AYUSH JINDAL,3,N,P
90,2015MT10319,AVINASH  KUMAR,3,N,P
91,2015MT10375,SAURABH  PAL,3,N,P
92,2015MT10585,ABHISHEK YADAV,3,N,P
93,2015MT10593,AYUSH GARG,3,N,P
94,2013EE10461,JAVED ALI,4,N,P
95,2013EE10486,RAHUL SINGH DANGI,4,N,P
96,2014CS50287,MALOTHU RAVI KIRAN,4,N,P
97,2014MT60562,RISHABH RAJ,4,N,P
98,2014TT10934,SARISHT WADHWA,4,N,P
99,2015CS10291,SANGNIE  BHARDWAJ,4,N,P
100,2015CS10424,ABHISHEK  PATHAK,4,N,P
101,2015CS10460,MANISH  YADAV,4,N,P
102,2015CS10600,KACHAM  PRANEETH,4,N,P
103,2015CS50102,HARSH VARDHAN  JAIN,4,N,P
104,2015CS50276,ABHISHEK YADAV,4,N,P
105,2015CS50277,AMOL MUKESH BAMBODE,4,N,P
106,2015CS50278,ANKUR SHARMA,4,N,P
107,2015CS50279,BANOTH HASWEE,4,N,P
108,2015CS50280,CHAKSHU GOYAL,4,N,P
109,2015CS50281,CHHAJWANI ANANT DEEPAK,4,N,P
110,2015CS50282,DISHANT SINGLA,4,N,P
111,2015CS50283,GAURAV YADAV,4,N,P
112,2015CS50284,HARSIMRAT SINGH,4,N,P
113,2015CS50285,KASHISH BANSAL,4,N,P
114,2015CS50286,LOVISH MADAAN,4,N,P
115,2015CS50287,NIKHIL GOYAL,4,N,P
116,2015CS50288,PALLA SAI BHARATH,4,N,P
117,2015CS50289,PANKAJ SAINI,4,N,P
118,2015CS50290,SAMBANA ROHITH,4,N,P
119,2015CS50292,SARANSH GOYAL,4,N,P
120,2015CS50293,SHREYAS D BETAL,4,N,P
121,2015CS50294,SHUBHAM YADAV,4,N,P
122,2015CS50295,SUDEEP AGARWAL,4,N,P
123,2015CS50296,SURYA CHANDRA KALIA,4,N,P
124,2015CS50297,TWINKAL MEENA,4,N,P
125,2015CS50480,SIDDHANT  ARORA,4,N,P
126,2015MT10584,ABHISHEK KUMAR YADAV,4,N,P
127,2015MT10594,BARINDERPREET SINGH,4,N,P
128,2015MT10616,VANGALA NAVEEN REDDY,4,N,P
129,2015MT60568,TARUN GUPTA,4,N,P
