List of students registered in (IInd Semester 20162017)
Course Code : COP315
Course Description : EMBEDDED SYSTEM DESIGN PROJECT
Serial No., Entry Number, Student Name, Course Group, Audit Withdrawal, Course Slot
1,2013CE10420,YATHARTH SETH,1,N,P
2,2013CS10254,SAKSHAM GUPTA,1,N,P
3,2013EE10517,YASH VERMA,1,N,P
4,2013ME10667,HANDAL RUSHIKESH ARUNRAO,1,N,P
5,2013ME20790,PARAS GUPTA,1,N,P
6,2014CS10222,HARSHIL R MEENA,1,N,P
7,2014EE10447,KATTUMURI ENOCH,1,N,P
8,2014EE10456,MENDU RAGHU SRAVAN KUMAR,1,N,P
9,2014EE10478,RAHUL KUMAR,1,N,P
10,2015CS10204,ABHISHEK YADAV,1,N,P
11,2015EE10421,AAKASH AGRAWAL,1,N,P
12,2015EE10449,HIMANSHU SINGH,1,N,P
13,2015EE10465,RAJAN GOYAL,1,N,P
14,2015EE10469,ROHIT,1,N,P
15,2015EE10473,SARVESH KHANDELWAL,1,N,P
16,2015EE10730,BINDAL ASHUTOSH  ARUN,1,N,P
17,2015ME10390,SUMIT  MAHLAWAT,1,N,P
18,2015ME10629,AKASH PARDASANI,1,N,P
19,2012MT50628,MANSI VERMA,2,N,P
20,2013CS10239,NANAVATH BHARATH NAYAK,2,N,P
21,2013PH10848,ISHAN TYAGI,2,N,P
22,2014CH10114,NAVNEET BIHANI,2,N,P
23,2014CH10129,SANKET CHAUDHARY,2,N,P
24,2014CS10232,KUSHAGRA MADAN,2,N,P
25,2014EE10442,INDERJOT SINGH SAGGU,2,N,P
26,2014EE10470,PRASHANTH M,2,N,P
27,2014PH10810,PRAKHAR BANSAL,2,N,P
28,2015CS10202,AAKASH SINHA,2,N,P
29,2015EE10470,RUPESH KASHYAP,2,N,P
30,2015ME10639,AYUSH SINGH,2,N,P
31,2015ME10645,DHANANJAY GUPTA,2,N,P
32,2012CS10238,NIKHIL KUMAR,3,N,P
33,2013ME10694,MANOJ BAJAJ,3,N,P
34,2014CS10221,HARSH ARYA,3,N,P
35,2014CS10263,VALLURI SRI RAM,3,N,P
36,2014CS10290,PRAKHAR GUPTA,3,N,P
37,2014EE10452,MANAS GUPTA,3,N,P
38,2015CS10203,ABHINAV CHOUDHARY,3,N,P
39,2015CS10209,AKSHAY GAHLOT,3,N,P
40,2015EE10463,NIMISH GOEL,3,N,P
41,2015EE10735,ISHAN  TEWARI,3,N,P
42,2015EE30121,PRAKHAR  AGRAWAL,3,N,P
43,2015EE30537,SARTHAK TYAGI,3,N,P
44,2015MT60545,YOGESH  GUPTA,3,N,P
45,2010CS50286,MANOTEJA BOYAPATI,4,N,P
46,2012CS50271,AASHISH NAGPAL,4,N,P
47,2012CS50273,ABHIJIT KAWALE,4,N,P
48,2012CS50275,AJAY KUMAR,4,N,P
49,2012CS50280,ARVIND BHURIYA,4,N,P
50,2012CS50285,CHIRAG AGRAWAL,4,N,P
51,2012CS50288,KHUSHBOO GUPTA,4,N,P
52,2012CS50290,KSHITIJ MORODIA,4,N,P
53,2012CS50294,PRERIT KUMAR PATIDAR,4,N,P
54,2012CS50295,RAJAT THAKUR,4,N,P
55,2012CS50296,ROHIT PRUTHI,4,N,P
56,2012CS50298,SAURABH NAKRA,4,N,P
57,2012EE50561,UTKARSH,4,N,P
58,2013CH10093,NAMRAN PAN,4,N,P
59,2013CS50286,HIRULKAR ANKET PRAKASH,4,N,P
60,2014CS50276,ABHINAV YADAV,4,N,P
61,2014CS50278,AKSHIT GOYAL,4,N,P
62,2014CS50283,DEEPAK BHATT,4,N,P
63,2014CS50284,GOLLAPALLI APOORVA,4,N,P
64,2014CS50289,PRACHI SINGH,4,N,P
65,2014CS50293,RISHUBH SINGH,4,N,P
66,2014TT10889,JAY NAULAKHA,4,N,P
67,2015EE10114,NATASHA  MEENA,4,N,P
68,2015EE10534,SAKSHAM  SONI,4,N,P
69,2015EE30528,PRANAV VERMA,4,N,P
70,2015EE30540,SUGHOSH MODEM,4,N,P
71,2015EE30542,TANMAY THAREJA,4,N,P
