List of students registered in (IInd Semester 20162017)
Course Code : COQ302
Course Description : SEMINAR COURSE - II
Serial No., Entry Number, Student Name, Course Group, Audit Withdrawal, Course Slot
1,2013CS10208,ANANYA GOEL,1,N,P
2,2013CS10245,PRAKHAR GUPTA,1,N,P
3,2013CS10251,ROHAN DAS,1,N,P
4,2013CS10260,SUMIT KHURANA,1,N,P
5,2013CS10773,BARUN PATRA,1,N,P
6,2014CS10210,ANIL KUMAR MEENA,1,N,P
7,2014CS10213,AYUSHYA RAJ,1,N,P
8,2014CS10237,MOHIT BAJAJ,1,N,P
9,2014CS10258,SOURAV DAS,1,N,P
10,2014CS10264,VIKAS CHOUHAN,1,N,P
11,2015CS10255,SANKET SANJAY DHAKATE,1,N,P
12,2013CS10232,KOPPURAVURI SUMANTH,2,N,P
13,2014CS10220,GURTEJ SINGH SOHI,2,N,P
14,2014CS10247,PRASHANT MITTAL,2,N,P
15,2014CS10250,SACHIN,2,N,P
16,2014CS10256,SHUBHAM RATHI,2,N,P
17,2014CS10259,TANTATI AVINASH,2,N,P
18,2013CS10209,ANIKET KHANDELWAL,3,N,P
19,2013CS10215,AVIRAL JAIN,3,N,P
20,2013CS10221,GAURAV JARWAL,3,N,P
21,2013CS10253,SAHIL JINDAL,3,N,P
22,2013CS10258,SHUBHAM RAWAT,3,N,P
23,2014CS10212,ARYAN GARG,3,N,P
24,2014CS10230,KRITARTH,3,N,P
25,2014CS10233,MAYANK RAJORIA,3,N,P
26,2013CS50287,KABIR CHHABRA,4,N,P
27,2013CS50291,NIKHIL CHATURVEDI,4,N,P
28,2014CS50286,KARTAR SINGH,4,N,P
29,2014CS50288,MOMIN MAHDIHUSAIN,4,N,P
30,2014CS50292,RACHIT ARORA,4,N,P
