List of students registered in (IInd Semester 20162017)
Course Code : COQ301
Course Description : SEMINAR COURSE - I
Serial No., Entry Number, Student Name, Course Group, Audit Withdrawal, Course Slot
1,2013CS10205,AKSHIT TREHAN,1,N,P
2,2013CS10254,SAKSHAM GUPTA,1,N,P
3,2013CS10255,SANMUKHANI RISHIT GOPAL,1,N,P
4,2014CS10234,MAYANK SHARAN,1,N,P
5,2014CS10240,NAGARAJAN HARISH,1,N,P
6,2014CS10252,SAURABH KUMAR,1,N,P
7,2014CS10565,SHIVANK GOEL,1,N,P
8,2012CS10213,AKSHAY SURESH BHAT,2,N,P
9,2013CS10228,JEETU RAJ,2,N,P
10,2013CS10302,YASH GUPTA,2,N,P
11,2014CS10205,ADITI,2,N,P
12,2014CS10214,BALIVADA VENKATA SAIKIRANPATNAIK,2,N,P
13,2014CS10217,DHAIRYA SANDHYANA,2,N,P
14,2014CS10226,KALLA VENKAT NIKHIL KUMAR,2,N,P
15,2014CS10253,SHARDUL TRIPATHI,2,N,P
16,2014CS10485,SHREYAN GUPTA,2,N,P
17,2013CS10242,NISHANT YADAV,3,N,P
18,2014CS10209,ANIKET AMBAR BAJPAI,3,N,P
19,2014CS10215,CHADA NIKHIL REDDY,3,N,P
20,2014CS10221,HARSH ARYA,3,N,P
21,2014CS10236,MOHAMMAD AKRAM KHAN,3,N,P
22,2013CS50168,RISHABH SANGHI,4,N,P
23,2013CS50277,ANAGH PRASAD,4,N,P
24,2013CS50280,AYUSH VERMA,4,N,P
25,2013CS50288,KANDLIKAR SUJAY MADHUSUDAN,4,N,P
26,2013CS50294,ROHIT,4,N,P
27,2014CS50279,ANKUSH PHULIA,4,N,P
28,2014CS50281,AYUSH GUPTA,4,N,P
29,2014CS50297,VAIBHAV BHAGEE,4,N,P
30,2014MT10587,BANOTHU SRINIKESH NAIK,4,N,P
