List of students registered in (IInd Semester 20162017)
Course Code : COV888
Course Description : SPL. MODULE IN DATABASE SYST.
Serial No., Entry Number, Student Name, Course Group, Audit Withdrawal, Course Slot
1,2013CS10205,AKSHIT TREHAN,1,N,X2
2,2013CS10217,CH YUVA NAGA SAI AVINASH KARTHIK,1,N,X2
3,2013CS10229,KALLEPALLI GOUTHAM,1,N,X2
4,2013CS10263,VIVEK KUMAR KANOJIYA,1,N,X2
5,2015MCS2330,APOORVA ANAND TEMURNIKAR,1,N,X2
6,2015MCS2336,BHUMIKA SINGH,1,N,X2
7,2015MCS2353,SAKSHI GOEL,1,N,X2
8,2015MCS2355,SWARNADEEP SAHA,1,N,X2
9,2015MCS2358,VAMSI YALAVARTHI,1,N,X2
10,2016MCS2649,ANKITA  JAIN,1,N,X2
11,2016MCS2651,POOJA  AGGARWAL,1,N,X2
12,2016MCS2657,SHRUTI  GOEL,1,N,X2
13,2016MCS2661,SHANTANU  AGARWAL,1,N,X2
14,2016MCS2662,PRIYA,1,N,X2
15,2016MCS2663,ABHISHEK KIRTIBHAI PATEL,1,N,X2
16,2016MCS2664,ANKITA  SAHA,1,N,X2
17,2016MCS2665,AMIT  JAIN,1,N,X2
18,2016MCS2666,GAURI  CHITALE,1,N,X2
19,2016MCS2667,SHAILI DURGESH SHAH,1,N,X2
20,2016MCS2668,ROHIT  JINDAL,1,N,X2
21,2016MCS2677,KARTIK  MITTAL,1,N,X2
22,2016MCS2681,SHALINI  PANWAR,1,N,X2
23,2016MCS2913,SHANTWANA,1,N,X2
24,2016MCS2936,ANUSHKA  GOYAL,1,N,X2
25,2013CS10228,JEETU RAJ,2,N,X2
26,2011CS10215,GAMPALA NAVEEN,3,N,X2
27,2011CS10260,VISWA TEJA GAJULAVARTHY,3,N,X2
28,2012CS10226,EDUBILLI AVINASH,3,N,X2
29,2012PH10850,MOHD SAOOD SHAKEEL,3,N,X2
30,2013CS10227,JATIN CHOPRA,3,N,X2
31,2013CS10242,NISHANT YADAV,3,N,X2
32,2013CS10250,RAKSHAK SATSANGI,3,N,X2
33,2013MT60626,YASH KEERTI,3,N,X2
34,2012CS50276,AKASH KAILAS BAVISKAR,4,N,X2
35,2012CS50278,ANAND AGRAWAL,4,N,X2
36,2012CS50279,ANSHUL BAWA,4,N,X2
37,2012CS50280,ARVIND BHURIYA,4,N,X2
38,2012CS50301,VARAKANTHAM BHARGAV REDDY,4,N,X2
39,2013CS50272,ABHISHEK GUPTA,4,N,X2
40,2013CS50290,MANAV JINGER,4,N,X2
