List of students registered in (IInd Semester 20162017)
Course Code : CRD812
Course Description : MAJOR PROJECT PART 2
Serial No., Entry Number, Student Name, Course Group, Audit Withdrawal, Course Slot
1,2014CRF2352,KRISHN KUMAR RAMANUJ,1,N,P
2,2014CRF2355,PRASANTH BL,1,N,P
3,2015CRF2211,ABHINIT KUMAR,1,N,P
4,2015CRF2212,ANKITA RANI,1,N,P
5,2015CRF2213,AVANI VIVEK KULKARNI,1,N,P
6,2015CRF2215,KANHAIYA LAL AKODIYA,1,N,P
7,2015CRF2217,MOHD SALEEM PASHA,1,N,P
8,2015CRF2218,NIKHIL KUMAR,1,N,P
9,2015CRF2219,PRATIK KISHOR SARODE,1,N,P
10,2015CRF2221,SAURABH SINGH,1,N,P
11,2015CRF2223,SWETA KANDPAL,1,N,P
12,2015CRF2450,KSHITIJ SAXENA,1,N,P
13,2015CRF2451,PRIYANSHA KAURAV,1,N,P
14,2015CRF2749,AKSHAY DEEPAK POTUWAR,1,N,P
15,2015CRF2777,SHREESH DANDEKAR,1,N,P
16,2015CRF2780,PRASHANT MISHRA,1,N,P
17,2015CRF2786,ATULYA MAHAJAN,1,N,P
18,2015CRF2787,LOKESH DHYANI,1,N,P
19,2015CRF2788,VIJAY KAMBALI,1,N,P
20,2015CRF2789,AKHILENDRA KRISHNA,1,N,P
21,2015CRF2790,SUDHIR KUMAR,1,N,P
22,2015CRF2791,SOURABH JAISWAL,1,N,P
23,2015CRF2792,ASHOK KUMAR,1,N,P
24,2015CRF2793,ABHISHEK BHATNAGAR,1,N,P
25,2015CRF2795,PUNIT RAVI RAJ MANCHANDAN,1,N,P
26,2015CRF2796,DEVENDRA YADAV,1,N,P
27,2015CRF2797,MANU MOWAR,1,N,P
28,2015CRF2798,NAVEEN PARKASH SHRIVASTAVA,1,N,P
