List of students registered in (IInd Semester 20162017)
Course Code : CRL712
Course Description : RF AND MICROWAVE ACTIVE CIRCUITS
Serial No., Entry Number, Student Name, Course Group, Audit Withdrawal, Course Slot
1,2016CRF2534,RAKESH KUMAR,1,N,A
2,2016CRF2538,SAHIL VERMA,1,N,A
3,2016CRF2540,CHAITANYA MAHAJAN,1,N,A
4,2016CRF2554,RAHUL CHAUDHARY,1,N,A
5,2016CRF2852,RAJIV  RANJAN,1,N,A
6,2016CRF2863,AMIT  KUMAR,1,N,A
7,2016CRF2873,NAVEEN KUMAR VISHWAKARMA,1,N,A
8,2016CRF2874,SAURABH SHUKLA,1,N,A
9,2016CRZ8012,SRIPARNA  DE,1,N,A
10,2016CRZ8562,KARTHIKEYA G S,1,N,A
11,2016CRZ8563,AAKANKSHA  MISHRA,1,N,A
12,2016CRZ8564,PRAGYEY KUMAR KAUSHIK,1,N,A
13,2016CRZ8567,SHRADDHA  PAL,1,N,A
14,2016CRZ8569,SANJEEV  KUMAR,1,N,A
