List of students registered in (IInd Semester 20162017)
Course Code : CRL702
Course Description : ARCHITECTURES AND ALGORITHMS FOR DSP SYSTEMS
Serial No., Entry Number, Student Name, Course Group, Audit Withdrawal, Course Slot
1,2014JVL2690,DHARMARAJAN SANKARAN,1,N,E
2,2014JVL2693,MOHIE POKHRIYAL,1,N,E
3,2016CRF2531,RAJ KUMAR SHUKLA,1,N,E
4,2016CRF2532,KARTIK  UPPAL,1,N,E
5,2016CRF2533,SUHAS RAO,1,N,E
6,2016CRF2534,RAKESH KUMAR,1,N,E
7,2016CRF2538,SAHIL VERMA,1,N,E
8,2016CRF2540,CHAITANYA MAHAJAN,1,N,E
9,2016CRF2545,PRINCE MATTA,1,N,E
10,2016CRF2546,SANDEEP TANWAR,1,N,E
11,2016CRF2554,RAHUL CHAUDHARY,1,N,E
12,2016CRF2852,RAJIV  RANJAN,1,N,E
13,2016CRF2853,MOHIT  KHAJURIA,1,N,E
14,2016CRF2854,ABHISHEK  CHAUHAN,1,N,E
15,2016CRF2855,AAYUSH  SAXENA,1,N,E
16,2016CRF2856,RADHIKA NAVNATH MORE,1,N,E
17,2016CRF2858,AJAY VIKRAM SINGH,1,N,E
18,2016CRF2859,VISHAL,1,N,E
19,2016CRF2860,DEEPAK  SHARMA,1,N,E
20,2016CRF2861,SAKET SAURABH,1,N,E
21,2016CRF2862,VANDNA KUMARI PUSPAD,1,N,E
22,2016CRF2863,AMIT  KUMAR,1,N,E
23,2016CRF2864,ANKIT  SINGH,1,N,E
24,2016CRF2873,NAVEEN KUMAR VISHWAKARMA,1,N,E
25,2016CRF2874,SAURABH SHUKLA,1,N,E
26,2016CRF2923,SAHIL  SONEJA,1,N,E
27,2016JVL2112,SHIKHA  GOEL,1,N,E
28,2016JVL2113,SAIKIRAN REDDY DWARAMPUDI,1,N,E
