List of students registered in (IInd Semester 20162017)
Course Code : CVC772
Course Description : SEMINAR IN CONSTRUCTION TECHNO
Serial No., Entry Number, Student Name, Course Group, Audit Withdrawal, Course Slot
1,2016CEC2823,AABHASH TRIPATHI,1,N,R
2,2016CEC2824,ABHIJEET DIXIT,1,N,R
3,2016CEC2825,AMAN KHURANA,1,N,R
4,2016CEC2826,ANKUSH MITRA,1,N,R
5,2016CEC2827,ANSHUL VERMA,1,N,R
6,2016CEC2828,ARJIT SINGH,1,N,R
7,2016CEC2829,ARKA GHOSH,1,N,R
8,2016CEC2830,ARUN KUMAR,1,N,R
9,2016CEC2831,CHIRAG KOTHARI,1,N,R
10,2016CEC2832,DHEERAJ K UBHAYAKAR,1,N,R
11,2016CEC2833,DURGA VARA PRASAD BOKKA,1,N,R
12,2016CEC2834,HASNAIN ALI,1,N,R
13,2016CEC2835,IYER SHRIRAM GANESHAN,1,N,R
14,2016CEC2836,MAYANK UPADHYAY,1,N,R
15,2016CEC2837,NEELU NANDAN VIBHAKAR,1,N,R
16,2016CEC2838,PARTIK KUMAR,1,N,R
17,2016CEC2839,PATIL VIKRANT SHASHIKANT,1,N,R
18,2016CEC2840,RACHIT GUPTA,1,N,R
19,2016CEC2841,RAGULA RAMESH,1,N,R
20,2016CEC2842,REEMA AGARWAL,1,N,R
21,2016CEC2843,SHUBHAM JAIN,1,N,R
22,2016CEC2844,SRISHTI BAFNA,1,N,R
23,2016CEC2845,SUMAN SAURAV,1,N,R
24,2016CEC2846,VISHAL KUMAR,1,N,R
25,2016CEC2847,VISWANATH M S,1,N,R
26,2016CEC2848,ABUZAR KHAN,1,N,R
27,2016CEC2849,TUSHAR GUPTA,1,N,R
28,2016CEC2850,MADHAV VARSHNEY,1,N,R
29,2016CEC2875,SHIVAM CHUGH,1,N,R
30,2016CEC2876,KONA VEERENDRANATHA REDDY,1,N,R
