List of students registered in (IInd Semester 20162017)
Course Code : CVD351
Course Description : MINOR DESIGN PROJECT - I
Serial No., Entry Number, Student Name, Course Group, Audit Withdrawal, Course Slot
1,2014CE10375,SANYAM GUPTA,2,N,P
2,2013CE10323,AMAN,3,N,P
3,2013CE10951,PRIYAL MOTWANI,3,N,P
4,2014BB10025,ANKIT KUMAR KASWAN,3,N,P
5,2014BB10035,GAJRAJ SINGH YADAV,3,N,P
6,2014BB10065,VIJAYANT PRATAP,3,N,P
7,2013CE10385,RISHAV RAJ,4,N,P
8,2013CS50281,DEEPAK SAINI,4,N,P
9,2014BB10026,ANKIT KUMAR,4,N,P
10,2015BB10034,GUDDU KUMAR,4,N,P
11,2015BB10040,JEETU SINGH,4,N,P
