List of students registered in (IInd Semester 20162017)
Course Code : CVD854
Course Description : Major Project Part-II
Serial No., Entry Number, Student Name, Course Group, Audit Withdrawal, Course Slot
1,2014CEP2011,ADITYA ARYA,1,N,P
2,2014CEP2013,AMIT GARG,1,N,P
3,2014CEP2014,AMIT KUMAR,1,N,P
4,2014CEP2015,ARVIND SHARMA,1,N,P
5,2014CEP2016,GEETA SHUKLA JINDAL,1,N,P
6,2014CEP2018,MANOJ KUMAR SINGH,1,N,P
7,2014CEP2019,RAGHUVEER SINGH,1,N,P
8,2015CEP2093,IRFAN AJAZ QURASHI,1,N,P
9,2015CEP2094,KIRAN KUMAR BONTHA,1,N,P
10,2015CEP2095,KIRAT KAUR DHANOA,1,N,P
11,2015CEP2098,PRIYANKA JORWAL,1,N,P
12,2015CEP2099,RAMESH KUMAR SHARMA,1,N,P
13,2015CEP2828,Shimelis Mecha Ababulgu,1,N,P
14,2015CEP2868,HEMANT RAJ SHARMA,1,N,P
