List of students registered in (IInd Semester 20162017)
Course Code : CVL313
Course Description : AIR AND NOISE POLLUTION
Serial No., Entry Number, Student Name, Course Group, Audit Withdrawal, Course Slot
1,2011CE10341,BADRESH KUMAR SINGH,1,N,F
2,2013CE10318,ADITYA ASHIRWAD,1,N,F
3,2013CE10321,AKASH KUMAR,1,N,F
4,2013CE10324,AMAN AGARWAL,1,N,F
5,2013CE10333,ANURAG KUMAR,1,N,F
6,2013CE10339,DINESH TANWAR,1,N,F
7,2013CE10344,HANZALA SHAFI,1,N,F
8,2013CE10352,KHUSHI RAM BAIRWA,1,N,F
9,2013CE10374,PRAJAL GOYAL,1,N,F
10,2013CE10408,VIKASH AGARWAL,1,N,F
11,2013CE10409,VIKRAM,1,N,F
12,2013CE10415,VISHAL CHANDRA AZAD,1,N,F
13,2012CE10349,DHROOVAL VERMA,2,N,F
14,2013CE10314,ABHISHEK KALA,2,N,F
15,2013CE10315,ADARSH SAPRE,2,N,F
16,2013CE10320,AJAY BHARGAV ALLI,2,N,F
17,2013CE10355,LALIT KUMAR MEENA,2,N,F
18,2013CE10361,NAVNEET KUMAR,2,N,F
19,2013CE10365,OMKAR ANIL MANGORE,2,N,F
20,2013CE10375,PRAVEEN OSWAL,2,N,F
21,2013CE10379,RAHUL PILLANIA,2,N,F
22,2013CE10383,RAKESH KUMAR YADAV,2,N,F
23,2013CE10387,ROOPESH MITTAL,2,N,F
24,2013CE10390,SAURAV RAJPUT,2,N,F
25,2013CE10394,SOMPALLI VENKATA KRISHNA,2,N,F
26,2013CE10400,SUNDEEP KAUSHAL,2,N,F
27,2013CE10403,SUSHANT GUPTA,2,N,F
28,2013CE10410,VINAY PRAKASH SHARMA,2,N,F
29,2010CE10471,PRAMAY TOSHNIWAL,3,N,F
30,2011CE10353,HEMANTH KUMAR BURALLI,3,N,F
31,2012CE10395,SANDEEP SHEORAN,3,N,F
32,2012CE10975,TANMAY KUMAR SINGH,3,N,F
33,2013CE10322,AKSHIT CHANDRA,3,N,F
34,2013CE10337,BHAVYA ACHARYA,3,N,F
35,2013CE10353,KIRAN SAIEMPU,3,N,F
36,2013CE10360,NAMAN SACHAN,3,N,F
37,2013CE10366,ONKAR NAVANATH GHORPADE,3,N,F
38,2013CE10399,SUMIT BANSAL,3,N,F
39,2013CE10401,SUNIL KUMAR DHANWANTA,3,N,F
40,2013CE10406,VAIBHAV GUPTA,3,N,F
41,2013CE10411,VINEET KUMAR MEENA,3,N,F
42,2010CE10374,NITIN KUMAR MEENA,4,N,F
43,2011CE10299,SHUBHAM GAUR,4,N,F
44,2011CE10354,HEMLATA RAMDAYAL MEENA,4,N,F
45,2013CE10328,ANIL DUDI,4,N,F
46,2013CE10330,ANKIT CHAWLA,4,N,F
47,2013CE10331,ANMOL PAHWA,4,N,F
48,2013CE10335,ATUL KUMAR SINGH,4,N,F
49,2013CE10345,HARIOM MEENA,4,N,F
50,2013CE10347,HEMENDRA,4,N,F
51,2013CE10351,KHEM CHAND GURJAR,4,N,F
52,2013CE10356,MAHENDRA SINGH,4,N,F
53,2013CE10358,MANMOHAN TONGARIA,4,N,F
54,2013CE10380,RAHUL SINGH,4,N,F
55,2013CE10391,SHISHIR SHARMA,4,N,F
56,2013CE10392,SHREYANSH SOMVANSHI,4,N,F
57,2013CE10407,VEDANT SHANKAR,4,N,F
58,2013CE10419,YASH MITTAL,4,N,F
59,2013CE10618,SHIVANI SINGH,4,N,F
