List of students registered in (IInd Semester 20162017)
Course Code : CVL762
Course Description : EARTHQUAKE ANALYSIS AND DESIGN
Serial No., Entry Number, Student Name, Course Group, Audit Withdrawal, Course Slot
1,2013CE10332,ANURAG SINGH,1,N,C
2,2014CES2038,NAGARAJAN ANNADURAI,1,N,C
3,2014CES2050,SUNIL PAREMESWARN PULIKKAL,1,N,C
4,2015CES2108,ANKIT MITTAL,1,N,C
5,2015CES2117,MITHLESH KUMAR RAI,1,N,C
6,2015CES2120,NISHANT SHARMA,1,N,C
7,2015CES2121,PIYUSH AGARWAL,1,N,C
8,2015CES2122,PIYUSH KUMAR SANTHALIA,1,N,C
9,2015CES2126,ROBIN SAMANTA,1,N,C
10,2015CES2132,SUNIL SAH,1,N,C
11,2016CES2171,MOHAMMAD ELHAM KOHISTANI,1,N,C
12,2016CES2172,RANJIT KUMAR CHAUDHARY,1,N,C
13,2016CES2301,DIVYARTH  DIKSHIT,1,N,C
14,2016CES2302,MOHAMMAD FARHAN KHAN,1,N,C
15,2016CES2356,VIVEK  TIWARI,1,N,C
16,2016CES2359,PAYAL  GOYAL,1,N,C
17,2016CES2361,AMAN  GUPTA,1,N,C
18,2016CES2362,DURGA PRASAD CHAINI,1,N,C
19,2016CES2363,HAFIZUR REHMAN KHAN,1,N,C
20,2016CES2365,PUNIT  SINGH,1,N,C
21,2016CES2367,MANGAL  KUMAR,1,N,C
22,2016CES2369,PRASANT  KUMAR,1,N,C
23,2016CES2376,SHWETA  PANWAR,1,N,C
24,2016CES2379,SUPRIYA,1,N,C
25,2016CES2564,PARMOD KUMAR DALAL,1,N,C
26,2016CES2565,SIDHARTHA SINGHAL,1,N,C
27,2016CES2566,AMANJOT SINGH,1,N,C
28,2016CES2949,KARTIKAY GOEL,1,N,C
29,2016CES2951,RAJAT CHHABRA,1,N,C
30,2016CEZ8032,ALI ALRAIE,1,N,C
31,2016CEZ8435,MANISH  KAPIL,1,N,C
32,2013CE10316,ADITYA,2,N,C
33,2013CE10361,NAVNEET KUMAR,2,N,C
34,2013CE10363,NIKOL,2,N,C
35,2013CE10383,RAKESH KUMAR YADAV,2,N,C
