List of students registered in (IInd Semester 20162017)
Course Code : CVL776
Course Description : CONSTRUCTION PRACTICES AND EQ
Serial No., Entry Number, Student Name, Course Group, Audit Withdrawal, Course Slot
1,2015CET2142,DIVIJ SAHANI,1,N,D
2,2015CET2146,MAYANK BAJAJ,1,N,D
3,2016CEC2823,AABHASH TRIPATHI,1,N,D
4,2016CEC2824,ABHIJEET DIXIT,1,N,D
5,2016CEC2825,AMAN KHURANA,1,N,D
6,2016CEC2826,ANKUSH MITRA,1,N,D
7,2016CEC2827,ANSHUL VERMA,1,N,D
8,2016CEC2828,ARJIT SINGH,1,N,D
9,2016CEC2829,ARKA GHOSH,1,N,D
10,2016CEC2830,ARUN KUMAR,1,N,D
11,2016CEC2831,CHIRAG KOTHARI,1,N,D
12,2016CEC2832,DHEERAJ K UBHAYAKAR,1,N,D
13,2016CEC2833,DURGA VARA PRASAD BOKKA,1,N,D
14,2016CEC2834,HASNAIN ALI,1,N,D
15,2016CEC2835,IYER SHRIRAM GANESHAN,1,N,D
16,2016CEC2836,MAYANK UPADHYAY,1,N,D
17,2016CEC2837,NEELU NANDAN VIBHAKAR,1,N,D
18,2016CEC2838,PARTIK KUMAR,1,N,D
19,2016CEC2839,PATIL VIKRANT SHASHIKANT,1,N,D
20,2016CEC2840,RACHIT GUPTA,1,N,D
21,2016CEC2841,RAGULA RAMESH,1,N,D
22,2016CEC2842,REEMA AGARWAL,1,N,D
23,2016CEC2843,SHUBHAM JAIN,1,N,D
24,2016CEC2844,SRISHTI BAFNA,1,N,D
25,2016CEC2845,SUMAN SAURAV,1,N,D
26,2016CEC2846,VISHAL KUMAR,1,N,D
27,2016CEC2847,VISWANATH M S,1,N,D
28,2016CEC2848,ABUZAR KHAN,1,N,D
29,2016CEC2849,TUSHAR GUPTA,1,N,D
30,2016CEC2850,MADHAV VARSHNEY,1,N,D
31,2016CEC2875,SHIVAM CHUGH,1,N,D
32,2016CEC2876,KONA VEERENDRANATHA REDDY,1,N,D
33,2016CET2380,SHUBHAM  AGGARWAL,1,N,D
34,2016CET2381,SUMIT KUMAR BAKSHI,1,N,D
35,2016CET2383,MADHUVRAT  CHAUHAN,1,N,D
36,2016CET2384,SHUBHKARMAN SINGH RANDHAWA,1,N,D
37,2016CET2385,RAJA HARICHANDAR THATIPALLY,1,N,D
38,2016CET2387,KRITARTH  MOHAN,1,N,D
39,2016CET2388,YASH  SHARMA,1,N,D
40,2016CET2389,ABHISHEK  SINGH,1,N,D
41,2016CET2390,PARAS  MALIK,1,N,D
42,2016CET2391,RAVI  RANJAN,1,N,D
43,2016CET2392,BHAVYA  PARASHAR,1,N,D
44,2016CET2393,ASHIS KUMAR PANDA,1,N,D
45,2016CET2394,BANHIMAN  MALLICK,1,N,D
46,2016CET2396,UJJAWAL  KANT,1,N,D
47,2016CET2397,RAHUL  GUPTA,1,N,D
48,2016CET2399,ANAND KUMAR SINGH,1,N,D
49,2016CET2400,RAVI PRAKASH KUMAR,1,N,D
50,2016CET2401,NISHANT  KUMAR,1,N,D
51,2016CET2402,SUJOY  BISWAS,1,N,D
52,2016CET2405,AJAS P FASAL,1,N,D
