List of students registered in (IInd Semester 20162017)
Course Code : CVL713
Course Description : ANALYSIS AND DESIGN OF UNDERGROUND STRUCTURES
Serial No., Entry Number, Student Name, Course Group, Audit Withdrawal, Course Slot
1,2013CE10354,KUMAR RAVI,1,N,E
2,2013CE10389,SAURABH CHAUDHARY,1,N,E
3,2016CEU2406,ARPIT  BOTHRA,1,N,E
4,2016CEU2407,HARSH  SHARMA,1,N,E
5,2016CEU2408,NIDHI  TRIPATHI,1,N,E
6,2016CEU2409,GHULAM  MUSTAFA,1,N,E
7,2016CEU2410,ANURAG  PATHAK,1,N,E
8,2016CEU2411,VIKASH  KUMAR,1,N,E
9,2016CEU2412,AISHWARYA  TOTTEMPUDI,1,N,E
10,2016CEU2413,ANURAG  PANDEY,1,N,E
11,2016CEU2414,MAYANK  DIXIT,1,N,E
12,2016CEU2415,NISHA  JINDAL,1,N,E
13,2016CEU2416,HEMANT  YADAV,1,N,E
14,2016CEU2417,SHWETA  GUPTA,1,N,E
15,2016CEU2418,MOHIT N GHUNE,1,N,E
16,2016CEU2419,PRIYANKA  CHOUDHARY,1,N,E
17,2016CEU2420,DINESH  KUMAWAT,1,N,E
18,2016CEU2421,ANKITA  SINGH,1,N,E
19,2016CEU2422,AMIT KUMAR SINGH,1,N,E
20,2016CEU2567,SATYADEV SINGH,1,N,E
21,2016CEU2568,TRIPURARI SINGH,1,N,E
22,2016CEU2945,AJAY KUMAR,1,N,E
23,2016CEU2952,SHIVAM GUPTA,1,N,E
24,2013CE10361,NAVNEET KUMAR,2,N,E
25,2013CE10347,HEMENDRA,4,N,E
