List of students registered in (IInd Semester 20162017)
Course Code : CVL715
Course Description : EXCAVATION METHODS & UNDERGROUND SPACE TECHNOLOGY
Serial No., Entry Number, Student Name, Course Group, Audit Withdrawal, Course Slot
1,2015CEU2159,ANKUR GARG,1,N,A
2,2016CEU2406,ARPIT  BOTHRA,1,N,A
3,2016CEU2407,HARSH  SHARMA,1,N,A
4,2016CEU2408,NIDHI  TRIPATHI,1,N,A
5,2016CEU2409,GHULAM  MUSTAFA,1,N,A
6,2016CEU2410,ANURAG  PATHAK,1,N,A
7,2016CEU2411,VIKASH  KUMAR,1,N,A
8,2016CEU2412,AISHWARYA  TOTTEMPUDI,1,N,A
9,2016CEU2413,ANURAG  PANDEY,1,N,A
10,2016CEU2414,MAYANK  DIXIT,1,N,A
11,2016CEU2415,NISHA  JINDAL,1,N,A
12,2016CEU2416,HEMANT  YADAV,1,N,A
13,2016CEU2417,SHWETA  GUPTA,1,N,A
14,2016CEU2418,MOHIT N GHUNE,1,N,A
15,2016CEU2419,PRIYANKA  CHOUDHARY,1,N,A
16,2016CEU2420,DINESH  KUMAWAT,1,N,A
17,2016CEU2421,ANKITA  SINGH,1,N,A
18,2016CEU2422,AMIT KUMAR SINGH,1,N,A
19,2016CEU2567,SATYADEV SINGH,1,N,A
20,2016CEU2568,TRIPURARI SINGH,1,N,A
21,2016CEU2945,AJAY KUMAR,1,N,A
22,2016CEU2952,SHIVAM GUPTA,1,N,A
23,2016CEZ8420,NIRBHAY NARAYAN SINGH,1,N,A
24,2016CEZ8434,AMIT  JAIN,1,N,A
25,2016CEZ8435,MANISH  KAPIL,1,N,A
