List of students registered in (IInd Semester 20162017)
Course Code : CVL714
Course Description : FIELD EXPLORATION AND GEOTECHNICAL PROCESSES
Serial No., Entry Number, Student Name, Course Group, Audit Withdrawal, Course Slot
1,2014CE10302,ABHAY KUMAR SONKER,1,N,F
2,2014CE10305,ABHISHEK GOSWAMI,1,N,F
3,2015CEU2158,AKHIL KUMAR SHANDILYA,1,N,F
4,2015CEU2159,ANKUR GARG,1,N,F
5,2016CEU2406,ARPIT  BOTHRA,1,N,F
6,2016CEU2407,HARSH  SHARMA,1,N,F
7,2016CEU2408,NIDHI  TRIPATHI,1,N,F
8,2016CEU2409,GHULAM  MUSTAFA,1,N,F
9,2016CEU2410,ANURAG  PATHAK,1,N,F
10,2016CEU2411,VIKASH  KUMAR,1,N,F
11,2016CEU2412,AISHWARYA  TOTTEMPUDI,1,N,F
12,2016CEU2413,ANURAG  PANDEY,1,N,F
13,2016CEU2414,MAYANK  DIXIT,1,N,F
14,2016CEU2415,NISHA  JINDAL,1,N,F
15,2016CEU2416,HEMANT  YADAV,1,N,F
16,2016CEU2417,SHWETA  GUPTA,1,N,F
17,2016CEU2418,MOHIT N GHUNE,1,N,F
18,2016CEU2419,PRIYANKA  CHOUDHARY,1,N,F
19,2016CEU2420,DINESH  KUMAWAT,1,N,F
20,2016CEU2421,ANKITA  SINGH,1,N,F
21,2016CEU2422,AMIT KUMAR SINGH,1,N,F
22,2016CEU2567,SATYADEV SINGH,1,N,F
23,2016CEU2568,TRIPURARI SINGH,1,N,F
24,2016CEU2945,AJAY KUMAR,1,N,F
25,2016CEU2952,SHIVAM GUPTA,1,N,F
26,2013CE10363,NIKOL,2,N,F
27,2014CE10157,ANIL BASAK,3,N,F
28,2013CE10371,PANKAJ KUMAR,4,N,F
29,2014CE10936,SEEMA SHROTRIYA,4,N,F
