List of students registered in (IInd Semester 20162017)
Course Code : CVL702
Course Description : GROUND IMPROVEMENT AND GEOSYNTHETICS
Serial No., Entry Number, Student Name, Course Group, Audit Withdrawal, Course Slot
1,2014CE10398,TUSHAR GOYAL,1,N,H
2,2016CEG2329,DEBANJANA  GUPTA,1,N,H
3,2016CEG2330,MANDEEP SINGH BASSON,1,N,H
4,2016CEG2331,FIROZ  AHMED,1,N,H
5,2016CEG2332,SIDDHARTH  SHARMA,1,N,H
6,2016CEG2333,SURESH  BISHNOI,1,N,H
7,2016CEG2336,PREETI  SINGH,1,N,H
8,2016CEG2338,ABHILASHA  BHUKAR,1,N,H
9,2016CEG2340,VIVEK  KUMAR,1,N,H
10,2016CEG2342,SANJUKTA  KANJILAL,1,N,H
11,2016CEG2343,MRADUL  SINGH,1,N,H
12,2016CEG2569,ANSHUL SHARMA,1,N,H
