List of students registered in (IInd Semester 20162017)
Course Code : CVL847
Course Description : Transportation Economics 
Serial No., Entry Number, Student Name, Course Group, Audit Withdrawal, Course Slot
1,2013CE10388,SACHIN MISHRA,1,N,A
2,2014CE10321,ARMINDER SINGH,1,N,A
3,2015CEP2096,MOHIT KOHLI,1,N,A
4,2015CEP2100,SAI REVANTH PULAVARTHY,1,N,A
5,2015TRZ8264,SAIBABA DARBAMULLA,1,N,A
6,2016CEP2150,HAZRATULLAH PAKTIN,1,N,A
7,2016CEP2293,AJITESH  GUPTA,1,N,A
8,2016CEP2294,MANOJ  KUMAR,1,N,A
9,2016CEP2295,ASHIF  HUSSAIN,1,N,A
10,2016CEP2296,AMBER  GUPTA,1,N,A
11,2016CEP2297,SAQIB  GULZAR,1,N,A
12,2016CEP2298,RAJEEV  RANJAN,1,N,A
13,2016CEP2299,VIPUL  MISHRA,1,N,A
14,2016CEP2344,UTKARSH  JAIN,1,N,A
15,2016CEP2345,KUMAR  KAUTILYA,1,N,A
16,2016CEP2346,ANKIT ANAND UPADHYAY,1,N,A
17,2016CEP2347,REETESH  BANSAL,1,N,A
18,2016CEP2348,RAVINDRA  PARIHAR,1,N,A
19,2016CEP2349,GARGI  SINGH,1,N,A
20,2016CEP2350,MAYANK RISHI PANDIT,1,N,A
21,2016CEP2352,NIHARIKA,1,N,A
22,2016CEP2947,VAIBHAV NEGI,1,N,A
23,2016CEP2948,SUNIL KUMAR,1,N,A
24,2016CEP2956,KRISHA,1,N,A
25,2016CEZ8147,NISHANT SINGH,1,N,A
26,2016CEZ8426,LAXMAN SINGH BISHT,1,N,A
27,2016CEZ8429,CHETAN NAGESH DODDAMANI,1,N,A
28,2012CE10606,MOHIT SHARAN SINHA,2,N,A
29,2013CE10377,PUSHPENDRA GEHLOT,2,N,A
30,2014CE10378,SHEIK MOHAMMED YAHYA S,2,N,A
31,2012CE10975,TANMAY KUMAR SINGH,3,N,A
32,2013CE10337,BHAVYA ACHARYA,3,N,A
33,2013CE10331,ANMOL PAHWA,4,N,A
34,2013ME10648,ANURAG ACHARYA,4,N,A
35,2014CE10369,RHYTHM NIKHRA,4,N,A
