List of students registered in (IInd Semester 20162017)
Course Code : CVL849
Course Description : TRAFFIC FLOW MODELLING
Serial No., Entry Number, Student Name, Course Group, Audit Withdrawal, Course Slot
1,2016CEP2294,MANOJ  KUMAR,0,N,M
2,2015CEP2090,BRUSAVA KUMAR SWAIN,1,N,M
3,2016CEP2150,HAZRATULLAH PAKTIN,1,N,M
4,2016CEP2297,SAQIB  GULZAR,1,N,M
5,2016CEP2344,UTKARSH  JAIN,1,N,M
6,2016CEP2345,KUMAR  KAUTILYA,1,N,M
7,2016CEP2346,ANKIT ANAND UPADHYAY,1,N,M
8,2016CEP2347,REETESH  BANSAL,1,N,M
9,2016CEP2348,RAVINDRA  PARIHAR,1,N,M
10,2016CEP2349,GARGI  SINGH,1,N,M
11,2016CEP2350,MAYANK RISHI PANDIT,1,N,M
12,2016CEP2352,NIHARIKA,1,N,M
13,2016CEP2947,VAIBHAV NEGI,1,N,M
14,2016CEP2948,SUNIL KUMAR,1,N,M
15,2016CEP2956,KRISHA,1,N,M
16,2016CEZ8427,DEOTIMA  MUKHERJEE,1,N,M
17,2016TRZ8321,RICHA  AHUJA,1,N,M
18,2013CE10349,KAMLESH LOVEVANSHI,2,N,M
