List of students registered in (IInd Semester 20162017)
Course Code : CVP342
Course Description : STRUCTURES & MATERIAL LAB
Serial No., Entry Number, Student Name, Course Group, Audit Withdrawal, Course Slot
1,2013CE10382,RAJESH KUMAR,1,N,P
2,2013CE10386,RITESH KUMAR,1,N,P
3,2014CE10060,SIDDHARTH CHAUHAN,1,N,P
4,2014CE10302,ABHAY KUMAR SONKER,1,N,P
5,2014CE10305,ABHISHEK GOSWAMI,1,N,P
6,2014CE10313,ANGAJALA SRI NEELESH KUMAR,1,N,P
7,2014CE10316,ANKUSH THALIA,1,N,P
8,2014CE10319,ANSHUL TITORIA,1,N,P
9,2014CE10321,ARMINDER SINGH,1,N,P
10,2014CE10325,ASHUTOSH SHARMA,1,N,P
11,2014CE10326,ASHUTOSH SINGH,1,N,P
12,2014CE10328,AYUSH JAIN,1,N,P
13,2014CE10334,CHIDURALA SUNNY KASHYAP,1,N,P
14,2014CE10342,HIMANSHU SINGH,1,N,P
15,2014CE10345,M AKHIL,1,N,P
16,2014CE10349,NEERAJ MEENA,1,N,P
17,2014CE10354,PRAJWAL LOHAN,1,N,P
18,2014CE10371,ROHIT YADAV,1,N,P
19,2014CE10377,SHASHWAT TRIPURARI,1,N,P
20,2014CE10380,SHIVAM PRAJAPATI,1,N,P
21,2014CE10383,SHUBHAM AGRAWAL,1,N,P
22,2014CE10389,SUDHANSHU SINGH,1,N,P
23,2014CE10394,SURAJ KUMAR,1,N,P
24,2014CE10396,TANUJ SHARMA,1,N,P
25,2014CE10397,TINISH GUPTA,1,N,P
26,2014CE10398,TUSHAR GOYAL,1,N,P
27,2014CE10402,VINAY YADAV,1,N,P
28,2014CE10404,VIVEK DIXIT,1,N,P
29,2012CE10606,MOHIT SHARAN SINHA,2,N,P
30,2013CE10320,AJAY BHARGAV ALLI,2,N,P
31,2014CE10301,AARUSH GUPTA,2,N,P
32,2014CE10310,AMAN GUPTA,2,N,P
33,2014CE10314,ANIRUDH MODI,2,N,P
34,2014CE10320,ANUBHAV SHARMA,2,N,P
35,2014CE10333,BRIJVASI MEENA,2,N,P
36,2014CE10335,DEVESH SHUKLA,2,N,P
37,2014CE10339,GAURAV ATTRI,2,N,P
38,2014CE10340,HARSHA TIWARI,2,N,P
39,2014CE10341,HEMANT JAIN,2,N,P
40,2014CE10346,MANMOHAN SINGH DAGAR,2,N,P
41,2014CE10348,MUSTYALA VARUN,2,N,P
42,2014CE10352,NITISH,2,N,P
43,2014CE10358,RAGHAV RATTAN,2,N,P
44,2014CE10359,RAJEEV KUMAR,2,N,P
45,2014CE10361,RAKESH CHOUDHARY,2,N,P
46,2014CE10363,RAVALIYA RAHUL HASMUKHBHAI,2,N,P
47,2014CE10375,SANYAM GUPTA,2,N,P
48,2014CE10378,SHEIK MOHAMMED YAHYA S,2,N,P
49,2014CE10381,SHIVAM RANA,2,N,P
50,2014CE10382,SHUBHAM AGRAWAL,2,N,P
51,2014CE10386,SHYAM SUNDAR SONI,2,N,P
52,2014CE10400,VAIBHAV MEHTA,2,N,P
53,2014CE10851,A ABHISHEK ARUNACHALAM,2,N,P
54,2015CE10346,NAVEEN CHOUDHARY,2,N,P
55,2013CE10323,AMAN,3,N,P
56,2013CE10364,NUKALA VANYA,3,N,P
57,2013CE10951,PRIYAL MOTWANI,3,N,P
58,2014CE10157,ANIL BASAK,3,N,P
59,2014CE10303,ABHINAV KUMAR,3,N,P
60,2014CE10307,AKHIL GOYAL,3,N,P
61,2014CE10308,AKHILESH KUMAR,3,N,P
62,2014CE10309,ALOK KUMAR,3,N,P
63,2014CE10311,AMAN GUPTA,3,N,P
64,2014CE10317,ANSHU RANJAN,3,N,P
65,2014CE10323,ARUSH VERMA,3,N,P
66,2014CE10329,AYUSH VARSHNEY,3,N,P
67,2014CE10332,BRAJ KANT,3,N,P
68,2014CE10336,DHARAM SINGH MEENA,3,N,P
69,2014CE10347,MOHIT PAHUJA,3,N,P
70,2014CE10350,NIMMA SANTOSH,3,N,P
71,2014CE10356,PREMANJAN SUNA,3,N,P
72,2014CE10370,RIYA AGARWAL,3,N,P
73,2014CE10373,SAMEER TRIPATHI,3,N,P
74,2014CE10374,SANDEEP,3,N,P
75,2014CE10376,SAURAV SUMAN,3,N,P
76,2014CE10387,SIDDHARTH K MISRA,3,N,P
77,2014CE10390,SUMIT SHARMA,3,N,P
78,2014CE10391,SUMIT YADAV,3,N,P
79,2014CE10392,SUNIL KUMAR MEENA,3,N,P
80,2014CE10395,SURAJ KUMAR,3,N,P
81,2014CE10405,YUVRAJ SURYAVANSHI,3,N,P
82,2011CE10299,SHUBHAM GAUR,4,N,P
83,2014CE10304,ABHISHEK PRATAP SINGH,4,N,P
84,2014CE10312,AMOL SINGH,4,N,P
85,2014CE10315,ANKIT KUMAR,4,N,P
86,2014CE10318,ANSHUL PAREEK,4,N,P
87,2014CE10322,ARPIT GUNAWAT,4,N,P
88,2014CE10324,ARVIND KUMAR,4,N,P
89,2014CE10327,ATISH SAURAV,4,N,P
90,2014CE10330,B CHANDRAKANTH,4,N,P
91,2014CE10331,BHARAT KUMAR SHARMA,4,N,P
92,2014CE10337,DHRUV SOOD,4,N,P
93,2014CE10344,KINRA MOHIT LALIT,4,N,P
94,2014CE10351,NITIN KUMAR,4,N,P
95,2014CE10353,PAWAN JOON,4,N,P
96,2014CE10360,RAJESH NARRAVULA,4,N,P
97,2014CE10364,RAVI KUMAR MAHAWAR,4,N,P
98,2014CE10366,RAVI KUMAR MITTAL,4,N,P
99,2014CE10369,RHYTHM NIKHRA,4,N,P
100,2014CE10372,SAMARTH GOYAL,4,N,P
101,2014CE10379,SHIVAM KOUSHAL,4,N,P
102,2014CE10384,SHUBHAM CHAUDHARY,4,N,P
103,2014CE10385,SHUBHAM GUPTA,4,N,P
104,2014CE10388,SOURABH MHASKI,4,N,P
105,2014CE10393,SUNIL YADAV,4,N,P
106,2014CE10403,VISHAL ANAND,4,N,P
107,2014CE10936,SEEMA SHROTRIYA,4,N,P
