List of students registered in (IInd Semester 20162017)
Course Code : CVP731
Course Description : SIMULATION LABORATORY-II
Serial No., Entry Number, Student Name, Course Group, Audit Withdrawal, Course Slot
1,2016CEW2426,PINTU KUMAR GUPTA,1,N,P
2,2016CEW2427,SUGANDH PRATAP SINGH,1,N,P
3,2016CEW2429,ANAND  YADAV,1,N,P
4,2016CEW2430,VIVEK KUMAR SINGH,1,N,P
5,2016CEW2431,UTSAV KUMAR SINGH,1,N,P
6,2016CEW2432,PREETI  SHARMA,1,N,P
7,2016CEW2437,SHALINI  YADAV,1,N,P
8,2016CEW2958,SIDDHANT KUMAR,1,N,P
