List of students registered in (IInd Semester 20162017)
Course Code : CVP756
Course Description : STRUCTURAL ENGINEERING LAB
Serial No., Entry Number, Student Name, Course Group, Audit Withdrawal, Course Slot
1,2013CE10357,MAHENDRA SONI,1,N,P
2,2015CES2108,ANKIT MITTAL,1,N,P
3,2015CES2117,MITHLESH KUMAR RAI,1,N,P
4,2015CES2120,NISHANT SHARMA,1,N,P
5,2015CES2121,PIYUSH AGARWAL,1,N,P
6,2015CES2122,PIYUSH KUMAR SANTHALIA,1,N,P
7,2015CES2126,ROBIN SAMANTA,1,N,P
8,2015CES2132,SUNIL SAH,1,N,P
9,2016CES2171,MOHAMMAD ELHAM KOHISTANI,1,N,P
10,2016CES2172,RANJIT KUMAR CHAUDHARY,1,N,P
11,2016CES2356,VIVEK  TIWARI,1,N,P
12,2016CES2359,PAYAL  GOYAL,1,N,P
13,2016CES2361,AMAN  GUPTA,1,N,P
14,2016CES2362,DURGA PRASAD CHAINI,1,N,P
15,2016CES2363,HAFIZUR REHMAN KHAN,1,N,P
16,2016CES2365,PUNIT  SINGH,1,N,P
17,2016CES2367,MANGAL  KUMAR,1,N,P
18,2016CES2369,PRASANT  KUMAR,1,N,P
19,2016CES2376,SHWETA  PANWAR,1,N,P
20,2016CES2379,SUPRIYA,1,N,P
21,2016CES2564,PARMOD KUMAR DALAL,1,N,P
22,2016CES2565,SIDHARTHA SINGHAL,1,N,P
23,2016CES2566,AMANJOT SINGH,1,N,P
24,2016CES2949,KARTIKAY GOEL,1,N,P
25,2016CES2951,RAJAT CHHABRA,1,N,P
26,2016CEZ8032,ALI ALRAIE,1,N,P
27,2016CEZ8438,ANU  BALA,1,N,P
28,2013CE10390,SAURAV RAJPUT,2,N,P
29,2013CE10372,PAURUSH MITTAL,3,N,P
