List of students registered in (IInd Semester 20162017)
Course Code : DSD892
Course Description : INDUSTRY/ RESEARCH DESIGN PRO.
Serial No., Entry Number, Student Name, Course Group, Audit Withdrawal, Course Slot
1,2015JDS6008,DHRUPAD GUPTA,0,N,P
2,2015JDS6001,ABHAS SINHA,1,N,P
3,2015JDS6002,ABHILASH S,1,N,P
4,2015JDS6004,ABHISHEK,1,N,P
5,2015JDS6005,AMREEK SANYAL,1,N,P
6,2015JDS6006,ANUBHAV KARDAM,1,N,P
7,2015JDS6009,IVAN GOHAIN BORUAH,1,N,P
8,2015JDS6010,MRINAL KUKRETI,1,N,P
9,2015JDS6011,RAHUL SHUBHAM,1,N,P
10,2015JDS6012,ROSHAN UTTAMRAO KOWE,1,N,P
11,2015JDS6013,SHILPA SURESH CHULLIPARAMBIL,1,N,P
12,2015JDS6014,SHREYASI MANDAL,1,N,P
13,2015JDS6015,SIDDHARTHA SINGH,1,N,P
14,2015JDS6016,SWETHA RAJAPPAN,1,N,P
15,2015JDS6017,TUHINA DEV,1,N,P
16,2015JDS6018,ZOTHANKIMI,1,N,P
17,2015JDS6019,GAGAN CHANDRA,1,N,P
18,2015JDS6020,PARTHA PRATIM DAS,1,N,P
19,2015JDS6021,PIYUSH VERMA,1,N,P
