List of students registered in (IInd Semester 20162017)
Course Code : DSL734
Course Description : LASER BASED INSTRUMENTATION
Serial No., Entry Number, Student Name, Course Group, Audit Withdrawal, Course Slot
1,2016IDZ8477,ANGIKA  BULBUL,1,N,H
2,2016IDZ8480,VIVEK RASTOGI,1,N,H
3,2016JID2883,VIJAY  BHADOLA,1,N,H
4,2016JID2886,POOJA  KUMARI,1,N,H
5,2016JID2887,PUVVADA  SRAVAN,1,N,H
6,2016JID2888,ANUJ  GOYAL,1,N,H
7,2016JID2892,DIPAK KUMAR RAY,1,N,H
8,2016JID2893,LAXMI NARAYAN PATEL,1,N,H
9,2016JID2894,SURENDRA  BABOO,1,N,H
10,2016JID2895,NAVDEEP,1,N,H
