List of students registered in (IInd Semester 20162017)
Course Code : DSR761
Course Description : SOCIAL IMMERSION
Serial No., Entry Number, Student Name, Course Group, Audit Withdrawal, Course Slot
1,2016JDS6001,MAINAK  KUNDU,1,N,P
2,2016JDS6002,TAMAL  PATRA,1,N,P
3,2016JDS6003,PARTH YAGNESHBHAI RAVAL,1,N,P
4,2016JDS6004,SHASHANK K GUPTA,1,N,P
5,2016JDS6005,VINEET RAVI SHARMA,1,N,P
6,2016JDS6006,RHICHA  SHUKLA,1,N,P
7,2016JDS6007,RISHABH  BHATIA,1,N,P
8,2016JDS6008,VIVEK VARMA KANTETI,1,N,P
9,2016JDS6009,MIRANDA  THOMAS,1,N,P
10,2016JDS6010,SHREENIVAS,1,N,P
11,2016JDS6011,DAMINI  JAISWAL,1,N,P
12,2016JDS6013,SHAKTHI  PARVATHY,1,N,P
13,2016JDS6014,DELLA HANCE,1,N,P
14,2016JDS6015,VIVEK  NAGAR,1,N,P
15,2016JDS6016,RAJ JANARDAN DINESHBHAI,1,N,P
16,2016JDS6017,VAIBHAV DNYANESHWAR MARATHE,1,N,P
17,2016JDS6018,SHREYA  NIM,1,N,P
18,2016JDS6019,RAVI  TERANG,1,N,P
19,2016JDS6020,KETANKUMAR MATHURBHAI KHAPED,1,N,P
20,2013CE10316,ADITYA,2,N,P
21,2013EE10434,AKASH BAGHEL,3,N,P
22,2013BB50026,PRIYANSHU AGARWAL,4,N,P
