List of students registered in (IInd Semester 20162017)
Course Code : EED843
Course Description : MAJOR PROJECT PART -II
Serial No., Entry Number, Student Name, Course Group, Audit Withdrawal, Course Slot
1,2015EEP2461,NEHA,1,N,P
2,2015EEP2486,AMIT KUMAR KANDI,1,N,P
3,2015EEP2489,HARSHA VARDHAN,1,N,P
4,2015EEP2494,SHUBHAM SUNDEEP,1,N,P
5,2015EEP2495,VINAY KUMAR KURAPATI,1,N,P
6,2015EEP2821,Atish Kumar,1,N,P
7,2015EEP2876,KUCHIPUDI SIREESHA,1,N,P
8,2015EEP2877,CHESHTA JAIN,1,N,P
9,2015EEP2879,SRITAM JENA,1,N,P
10,2015EEP2881,GOWTHAM SP,1,N,P
