List of students registered in (IInd Semester 20162017)
Course Code : EEL861
Course Description : SELECTED TOPICS IN COMMUN.ENGG.-I
Serial No., Entry Number, Student Name, Course Group, Audit Withdrawal, Course Slot
1,2012EE50072,ANSHI,4,N,J
2,2012EE50541,AARUSHI ARORA,4,N,J
3,2012EE50543,ANMOL GUPTA,4,N,J
4,2012EE50545,ASHISH KUMAR,4,N,J
5,2012EE50547,DEEPANKAR ARYA,4,N,J
6,2012EE50548,DHANANJAY GOEL,4,N,J
7,2012EE50554,PRASHANT SINGH MEENA,4,N,J
8,2012EE50556,SHASHANK KUSHWAH,4,N,J
9,2012EE50557,SHOBHIT ZAKHMI,4,N,J
10,2012EE50559,SHUBHANKAR GAUTAM,4,N,J
11,2012EE50560,SIDHANT GOYAL,4,N,J
12,2012EE50561,UTKARSH,4,N,J
13,2012EE50563,VAIBHAV GARG,4,N,J
14,2012EE50566,VINOD KUMAR,4,N,J
