List of students registered in (IInd Semester 20162017)
Course Code : ELD881
Course Description : Major Project Part II
Serial No., Entry Number, Student Name, Course Group, Audit Withdrawal, Course Slot
1,2015EET2676,ABHILASH JANGIR,1,N,P
2,2015EET2680,ASHUTOSH GUPTA,1,N,P
3,2015EET2682,DEERAJ SOMAN,1,N,P
4,2015EET2683,GARIMA CHOUDHARY,1,N,P
5,2015EET2684,HIMANSHU VARSHNEY,1,N,P
6,2015EET2685,INDRAJEET DATTATRAYA DESHMUKH,1,N,P
7,2015EET2687,MD NAQUIB ALAM,1,N,P
8,2015EET2688,NITISH PRAKASH,1,N,P
9,2015EET2689,PARIKSHEET BABASAHEB PINJARI,1,N,P
10,2015EET2690,PARUL JAIN,1,N,P
11,2015EET2692,PRIYA SHREE,1,N,P
12,2015EET2694,SHAHID K I,1,N,P
13,2015EET2695,SNEHITH REDDY LATTUPALLY,1,N,P
14,2015EET2696,SUMAN DEEDWANIYA,1,N,P
15,2015EET2764,REETIKA VATS,1,N,P
16,2015EET2776,ABHIMANYU MAHAJAN,1,N,P
17,2015EET2815,RITESH KUMAR SINGH,1,N,P
18,2015EET2880,NAVNEET CHAUDHARY,1,N,P
19,2015EET2885,RAUSHAN KUMAR,1,N,P
