List of students registered in (IInd Semester 20162017)
Course Code : ELL100
Course Description : INTRO. TO ELECTRICAL ENGG.
Serial No., Entry Number, Student Name, Course Group, Audit Withdrawal, Course Slot
1,2012MT50593,HARSH MAAN,1,N,E
2,2013EE10445,Bhawani Singh,1,N,E
3,2012CH10078,AVINASH SHISHIR KHALKHO,2,N,E
4,2012CH10129,KARTIK KUMAR,2,N,E
5,2011MT50628,MANISHA YADAV,3,N,E
6,2013TT10982,YOGESH YADAV,3,N,E
7,2014TT10941,SIDDHI JARWAL,3,N,E
8,2014BB10053,SATYAJEET KUMAR,4,N,E
9,2016BB10055,VIKAS KUMAR,21,,E
10,2016BB50011,SUDHISH P,21,,E
11,2016CE10227,ANOOP BISHNOI,21,,E
12,2016CE10253,VIKAS FALDOLIYA,21,,E
13,2016CH10106,ADEESH KOLLURU,21,,E
14,2016CH70151,ANUJ AGGARWAL,21,,E
15,2016CH70188,SHEETAL RASGON,21,,E
16,2016CS10365,VADDADI SAI ROHAN,21,,E
17,2016EE10451,TUSHAR CHAUDHARY,21,,E
18,2016EE30493,MIHIR KUMAR,21,,E
19,2016EE30522,SONU KUMAR,21,,E
20,2016ME10688,KUSHAAL SINGH,21,,E
21,2016ME20749,PRIYAM SODHIYA,21,,E
22,2016ME20751,VAIBHAV SAXENA,21,,E
23,2016ME20797,LOKESH DADORIYA,21,,E
24,2016MT60646,UPADHYAYULA SETHU MADHAV,21,,E
25,2016PH10568,RITWIK SAIN,21,,E
26,2016PH10594,SHIVAIY ARORA,21,,E
27,2016TT10827,PRAKHAR GUPTA,21,,E
28,2016TT10875,MAMTA JAT,21,,E
29,2016TT10894,RAJKUMAR DHAKAD,21,,E
30,2016TT10910,AKANKSHA KANWAL,21,,E
31,2009ME10626,SIRRA SAI PRAKASH,22,,E
32,2015BB10031,BHARTI NAKWAL,22,,E
33,2016BB10063,GHANSHYAM MEENA,22,,E
34,2016BB50015,BABU LAL MEENA,22,,E
35,2016CE10228,MADHAV KUMAR JHA,22,,E
36,2016CE10282,LOKESH HARIOUDH,22,,E
37,2016CH10070,ABHIGYA PARASHAR,22,,E
38,2016CH10116,BHUWNESH CHAUDHARY,22,,E
39,2016CH70152,NIKITA AGRAWAL,22,,E
40,2016CH70189,AKASH CHAUHAN,22,,E
41,2016CS10366,SAMPAT KHINCHI,22,,E
42,2016EE10456,AMIT VERMA,22,,E
43,2016EE30499,VAIBHAV PORWAL,22,,E
44,2016EE30527,RAHUL NIMBAL,22,,E
45,2016ME10702,SHASHWAT MAITI,22,,E
46,2016ME20802,KUNAL KUMAR,22,,E
47,2016MT10633,ARJYA DAS,22,,E
48,2016MT60649,MASINI VENU MADHAV REDDY,22,,E
49,2016PH10571,SHUBHAM PRIYADARSHI,22,,E
50,2016TT10828,BHAKTI AJAY AGRAWAL,22,,E
51,2016TT10876,VIKAS DHAYAL,22,,E
52,2016TT10896,RAVI GOLECHHA,22,,E
53,2016TT10904,ABHISHEK RAWAT,22,,E
54,2016TT10913,PARSHANT KUMAR,22,,E
55,2015BB50014,SAYAK BANERJEE,23,,E
56,2016BB10023,RAGHAV MISHRA,23,,E
57,2016BB10065,RAJ KUMAR MEENA,23,,E
58,2016CE10230,PARAS ARORA,23,,E
59,2016CE10295,GAURAV,23,,E
60,2016CH10122,YOGESH GUPTA,23,,E
61,2016CH70153,UNNATI AGRAWAL,23,,E
62,2016CH70193,SWEETI NARZARY,23,,E
63,2016CS10371,SHUBHAM,23,,E
64,2016EE10445,SIDDHANT JINDAL,23,,E
65,2016EE10457,LAKSHYA PRATAP RASTOGI,23,,E
66,2016EE30505,HARSH JAIN,23,,E
67,2016EE30534,VISHNU SOLANKI,23,,E
68,2016ME10704,BHUVESH GOYAL,23,,E
69,2016ME20789,PRABHAT KANAUJIA,23,,E
70,2016ME20803,MIHIR GAUTAM,23,,E
71,2016MT60651,ARUSHI AGRAWAL,23,,E
72,2016MT60653,SAJAL GUPTA,23,,E
73,2016PH10574,AKSHANSH CHOUDHARY,23,,E
74,2016TT10829,PARTH CHOPRA,23,,E
75,2016TT10878,PREETI SAINI,23,,E
76,2016TT10898,AAMNA AFROZ,23,,E
77,2016TT10918,ASHOK MEENA,23,,E
78,2016BB10030,SANNAT MENGI,24,,E
79,2016CE10233,AKARSH SHRIVASTAVA,24,,E
80,2016CE10296,UPPADI ROSHINI SAI,24,,E
81,2016CH10076,SIDDHARTH SINGH,24,,E
82,2016CH10129,SANJEEV,24,,E
83,2016CH70163,PRATHAM BAHETI,24,,E
84,2016CH70194,SARANSH GHUNAWAT,24,,E
85,2016CS10310,SHINGI SIDDHANT NAVIN,24,,E
86,2016CS10373,SHANTANU VERMA,24,,E
87,2016CS10374,AYUSH VERMA,24,,E
88,2016EE10458,MARZOOQ ABDUL KAREEM,24,,E
89,2016EE30506,MAYANK MISHRA,24,,E
90,2016ME10671,NISHANT JINDAL,24,,E
91,2016ME10709,NEERAJ VERMA,24,,E
92,2016ME20804,VIKAS MALLICK,24,,E
93,2016MT60656,GANDHARVA KUMAR,24,,E
94,2016PH10575,SUMIT SINGH,24,,E
95,2016TT10834,YATISH BANSAL,24,,E
96,2016TT10879,MUKESH KUMAR,24,,E
97,2016TT10899,YEWALE JAYANT AVINASH,24,,E
98,2016TT10923,MANISH PAINKRA,24,,E
99,2015TT10857,ABHISHEK MEENA,25,,E
100,2016BB10031,NADIYADRA HEMAL NILESHBHAI,25,,E
101,2016BB10042,PRAGYA GUPTA,25,,E
102,2016CE10204,MD FASIH RAGHIB,25,,E
103,2016CE10234,SIDDHARTH TIWARI,25,,E
104,2016CE10298,RAHUL MEENA,25,,E
105,2016CH10077,AMIT CHOUDHARY,25,,E
106,2016CH10132,SUNIL KUMAR,25,,E
107,2016CH70159,SAMIT DUREJA,25,,E
108,2016CH70164,SAURABH SINGH,25,,E
109,2016CS10311,SOUMYA SHARMA,25,,E
110,2016CS50388,RIYA SINGH,25,,E
111,2016EE10460,APOORV DANKAR,25,,E
112,2016EE30510,AKHIL KAJLA,25,,E
113,2016ME10715,DHABU SAURABH NEMKUMAR,25,,E
114,2016ME20805,CHANDRAGIRI SAI SANIL,25,,E
115,2016MT60657,OMPRAKASH SWAMI,25,,E
116,2016PH10548,GOVIND NANDA,25,,E
117,2016PH10577,ASHISH GAUTAM,25,,E
118,2016TT10838,KAUSHAL KUMAR,25,,E
119,2016TT10881,VIJAY LAXMI SEERVI,25,,E
120,2016TT10900,SHEETAL SUWALKA,25,,E
121,2016TT10924,BODA PAVAN KALYAN,25,,E
122,2016BB10024,ISHANK PAHWA,26,,E
123,2016BB10033,PRATEEK KUMAR AGNIHOTRI,26,,E
124,2016BB10036,TANMAYE SONI,26,,E
125,2016CE10208,HARGUN SINGH GROVER,26,,E
126,2016CE10237,VIKRAM KUMAR,26,,E
127,2016CE10299,KARAMTOTE PRASHANTH,26,,E
128,2016CH10078,TANUJ GARG,26,,E
129,2016CH10134,HIMANSHU,26,,E
130,2016CH70167,MAYUNA GUPTA,26,,E
131,2016CS50403,YASH MALVIYA,26,,E
132,2016EE10440,SANKALP GARG,26,,E
133,2016EE10462,ROHAD PRAJWAL KARAMCHAND,26,,E
134,2016EE30514,KODURU SIDHARTH,26,,E
135,2016ME10717,B ANIRUDH KRISHNA,26,,E
136,2016ME20807,ABHISHEK MEENA,26,,E
137,2016MT60661,PRAVEEN BARAHDIA,26,,E
138,2016PH10549,RUDRAKSH AGARWAL,26,,E
139,2016PH10578,YOGESH YADAV,26,,E
140,2016TT10841,HARISH JHAJHARIA,26,,E
141,2016TT10883,RENU KUMARI,26,,E
142,2016TT10903,NISHCHAL ARYA,26,,E
143,2016BB10037,NIPUN GUPTA,27,,E
144,2016BB10050,NITIN YADAV,27,,E
145,2016CE10214,HARSH GUPTA,27,,E
146,2016CE10245,AYUSH SHARMA,27,,E
147,2016CE10301,YASH DEOTWAL,27,,E
148,2016CH10084,SUKRITI GUPTA,27,,E
149,2016CH10089,SHIKHAR GOEL,27,,E
150,2016CH10135,ANANT RAWATKAR,27,,E
151,2016CH70171,NISHANT KAKKAR,27,,E
152,2016CS50404,HARDIK KHICHI,27,,E
153,2016EE10463,GADHAVI YASH,27,,E
154,2016EE30516,SAMARTH MOHAN,27,,E
155,2016ME10722,SHUBHAM SATYARTHI,27,,E
156,2016ME20808,PARAM JHARWAL,27,,E
157,2016MT60662,ADITYA SINGH,27,,E
158,2016PH10553,MUDIT GARG,27,,E
159,2016PH10555,AYUSH DE,27,,E
160,2016PH10583,TANUSHRII BABU RAMESH,27,,E
161,2016TT10887,HARSH GUPTA,27,,E
162,2016TT10906,SATENDRA KUMAR,27,,E
163,2016BB10043,MADHUR VIRLI,28,,E
164,2016BB50005,AYUSH CHACHAN,28,,E
165,2016CE10216,SAURABH SHARMA,28,,E
166,2016CE10246,SALIL CHANDRA,28,,E
167,2016CE10304,PRAFULLIT KUMAR MEENA,28,,E
168,2016CH10085,VISHAL GUPTA,28,,E
169,2016CH10092,ANISHA SINGRODIA,28,,E
170,2016CH10141,SUDIP BESRA,28,,E
171,2016CH70173,AKASH,28,,E
172,2016EE10410,VIPUL ANAND,28,,E
173,2016EE10466,GAURAV JHAJHARIA,28,,E
174,2016EE30517,JITENDRA VISHWAKARMA,28,,E
175,2016ME10733,SUBHASH CHAND MEENA,28,,E
176,2016MT60663,POOJA KUMARI MEENA,28,,E
177,2016PH10560,DIVEKAR PRATHAMESH PRADEEP,28,,E
178,2016PH10589,ADITYA VERMA,28,,E
179,2016TT10821,ACHAL JAIN,28,,E
180,2016TT10858,PRIYANSHI AGARWAL,28,,E
181,2016TT10888,ANKIT SHEKHAR,28,,E
182,2016TT10893,ABHISHEK YADAV,28,,E
183,2016TT10907,HANSRAJ SAGAR,28,,E
184,2015ME20736,JASWANT MEENA,29,,E
185,2016BB10044,TANYA CHAUDHARY,29,,E
186,2016BB50006,SURBHI GUPTA,29,,E
187,2016CE10219,KURAPATI RUTHWIK REDDY,29,,E
188,2016CE10249,VIVEK KUMAR,29,,E
189,2016CH10098,PRANJAL KACHOLIA,29,,E
190,2016CH10144,RAHUL KUMAR MEENA,29,,E
191,2016CH70185,NISHANT,29,,E
192,2016CS10315,AKSHAT KHARE,29,,E
193,2016CS50401,ANKIT SOLANKI,29,,E
194,2016EE10411,PIYUSH MITTAL,29,,E
195,2016EE10469,UDIT RAJ SINGH,29,,E
196,2016EE30520,BURMA VAISHNAVI,29,,E
197,2016ME10676,NAVNEET GOYAL,29,,E
198,2016ME20752,SHANTAM SHARMA,29,,E
199,2016PH10545,SHIKHAR TULI,29,,E
200,2016PH10563,ANIMESH NARESH DESHMUKH,29,,E
201,2016TT10822,ASHUTOSH AGRAWAL,29,,E
202,2016TT10866,YERULE ADITYARAJ DHANANJAY,29,,E
203,2016TT10889,MANOJ KUMAR,29,,E
204,2016TT10908,SHUBHAM CHOUDHARY,29,,E
205,2016BB10047,ABHISHEK KUMAR KUSHWAHA,30,,E
206,2016BB50010,MADISHETTY SAITEJA,30,,E
207,2016CE10223,SOURABH KUMAR SINGH,30,,E
208,2016CE10250,PRAMOD KUMAR YADAV,30,,E
209,2016CH10101,AMAN SINGHAL,30,,E
210,2016CH70150,AZMAL HUSSAIN,30,,E
211,2016CH70186,ROHAN BHARTI,30,,E
212,2016CS10343,CHETAN MITTAL,30,,E
213,2016EE10436,MAYANK MISHRA,30,,E
214,2016EE10441,ABHINAV KALRA,30,,E
215,2016EE10481,KARGIL SINGH SOLANKI,30,,E
216,2016EE30521,SAUJANYA CHAUDHARY,30,,E
217,2016ME10679,SHIVANG RAMPRIYAN DWIVEDI,30,,E
218,2016ME10680,SHRESHTH TULI,30,,E
219,2016ME20778,HARSHIT ABROL,30,,E
220,2016MT10637,SUDESH SUNIL WASNIK,30,,E
221,2016PH10565,RAJ AGARWAL,30,,E
222,2016TT10825,SAURABH KUMAR,30,,E
223,2016TT10867,SUMANYU VYAS,30,,E
224,2016TT10891,UDIT,30,,E
225,2016TT10909,KAPIL DEV,30,,E
226,2015TT10914,MUDIT FOUJDAR,31,,E
227,2016BB50002,PARTH MITTAL,31,,E
228,2016CE10258,SANCHIT SINGH,31,,E
229,2016CE10274,KRISHNA CHOUDHARY,31,,E
230,2016CE10276,DAMANJEET SINGH,31,,E
231,2016CH10087,UJJWAL GUPTA,31,,E
232,2016CH10137,RAVI KANT SINGH,31,,E
233,2016CS10344,RAHUL BANSAL,31,,E
234,2016CS50385,RAJAS BANSAL,31,,E
235,2016EE30490,VAIBHAV KALRA,31,,E
236,2016EE30495,KARTIK MUNDRA,31,,E
237,2016EE30507,NAMAN UPADHYAYA,31,,E
238,2016ME10701,SANKALAN PAL CHOWDHURY,31,,E
239,2016ME20748,AKASH MAHAJAN,31,,E
240,2016ME20800,ANSHUL MORWAL,31,,E
241,2016ME20801,PRAMOD KUMAR TANWAR,31,,E
242,2016MT10623,NAMAN SINGH KANAUJIA,31,,E
243,2016MT60664,KUNJAN PRASAD,31,,E
244,2016PH10546,AAJEYA MAHENDRA JAJOO,31,,E
245,2016PH10561,MAJUMDAR ADHISH TAPAS,31,,E
246,2016PH10582,TEJASVA,31,,E
247,2016PH10588,PRAJWAL SINGH,31,,E
248,2016TT10854,ANMOL RATN,31,,E
249,2016CE10200,HARSHAD SHUKLA,32,,E
250,2016CE10226,HARSH SINGLA,32,,E
251,2016CE10259,SUDHANSHU YADAV,32,,E
252,2016CE10294,KARTIK KUMAR,32,,E
253,2016CH10080,ROHIT KUMAR SINGH,32,,E
254,2016CH10094,PATEL VEDANT,32,,E
255,2016CH10120,AKHTAR HUSSAIN,32,,E
256,2016CS10328,SHASHWAT SHIVAM,32,,E
257,2016CS10360,DANGETI BHARADWAJ,32,,E
258,2016EE10472,ARPIT SINGH,32,,E
259,2016EE10477,TARUN,32,,E
260,2016EE30526,MILANJEET SINGH BHATTI,32,,E
261,2016ME10678,HIMANSHU SINGH CHAUHAN,32,,E
262,2016ME10682,ABHINAV UPADHYAY,32,,E
263,2016ME10731,ABHISHEK KUMAR,32,,E
264,2016ME10732,PAIKRAO SAURAV ATUL,32,,E
265,2016ME20779,MEESALA MANOHAR,32,,E
266,2016PH10566,PRASHANT SINGH CHANDEL,32,,E
267,2016PH10573,VARUNESH KUMAR VISHWAKARMA,32,,E
268,2016PH10591,AMAN VERMA,32,,E
269,2016TT10859,DEUSKAR ADITYA ASHUTOSH,32,,E
270,2016TT10920,RUNIT ABRAHAM,32,,E
271,2016BB10039,SHREYA JOHRI,33,,E
272,2016BB50003,HARMAN MEHTA,33,,E
273,2016CE10220,CHINMAYA SINGH,33,,E
274,2016CE10247,BHARTI SINGH CHAUHAN,33,,E
275,2016CE10260,RISHABH KUMAR REWAR,33,,E
276,2016CE10292,TANMAY MEGHWAL,33,,E
277,2016CH10071,HRITIK BANSAL,33,,E
278,2016CS10337,YASH RAJ GUPTA,33,,E
279,2016CS50394,MAYANK SINGH CHAUHAN,33,,E
280,2016CS50398,ANIKET KUMAR,33,,E
281,2016EE10412,PRATYUSH MAINI,33,,E
282,2016EE10421,VIVEK SINGAL,33,,E
283,2016EE10459,ANAND KUMAR VERMA,33,,E
284,2016EE10478,MANNAM AKHIL,33,,E
285,2016EE10480,RAHUL MEENA,33,,E
286,2016ME10730,KARMVIR SINGH,33,,E
287,2016ME10736,ABHISHEK KUMAR MEENA,33,,E
288,2016MT10613,SIDDHARTHA SHANKAR KAHALI,33,,E
289,2016MT10620,ANSHUMAN SHRIVASTAVA,33,,E
290,2016MT60658,ANISH K K,33,,E
291,2016PH10557,PRANAV JAIN,33,,E
292,2016TT10845,MANAS SINGH,33,,E
293,2016BB10034,ANSHUL MANDAWAT,34,,E
294,2016BB10040,TANAY ASIJA,34,,E
295,2016CE10268,KISHAN KUMAR,34,,E
296,2016CE10278,SUNIL KUMAR YOGI,34,,E
297,2016CE10291,HIMANSHU KUMAR,34,,E
298,2016CH10090,UTSAV DAS,34,,E
299,2016CH10133,YASH MADHURENDRA,34,,E
300,2016CS10312,DEEPANSHU JINDAL,34,,E
301,2016CS10322,SRIJAN SINHA,34,,E
302,2016CS10329,RATHI SUSHANT SHYAM,34,,E
303,2016ME20747,SAHIL VAISH,34,,E
304,2016ME20791,SAHIL BHADANA,34,,E
305,2016MT10611,SPARSH GARG,34,,E
306,2016MT10628,PRIYANK,34,,E
307,2016MT60645,SIDDHARTHA BISWAS,34,,E
308,2016MT60647,KAUSTUBH PRAKASH,34,,E
309,2016MT60652,HARSH PARE,34,,E
310,2016PH10543,SAURABH GUPTA,34,,E
311,2016PH10544,PRADYUMNA P BELGAONKAR,34,,E
312,2016PH10570,GOHIL NATH,34,,E
313,2016TT10836,HIMANSHU GARG,34,,E
314,2016TT10886,PUSHPENDRA PRATAP MAURYA,34,,E
315,2015BB10049,POKHRAJ,35,,E
316,2016CH10099,RAJEEV BHOMIA,35,,E
317,2016CH10103,SHUBHAM GUPTA,35,,E
318,2016CH10125,HARSH KANADI,35,,E
319,2016CH10131,TAJASVI KUMAR SINGH,35,,E
320,2016CH70184,ADWAIT SUDERSAN,35,,E
321,2016CS10357,ABHINASH KUMAR,35,,E
322,2016CS10364,DANAM HARSHITH CHANDRA,35,,E
323,2016CS10367,ANSH PRAKASH,35,,E
324,2016EE10432,RITWIK CHAKRAVARTI,35,,E
325,2016EE10442,NALAWADE SARVESH BHARAT,35,,E
326,2016EE30529,DALVI SNIGDHA SURESH,35,,E
327,2016ME10670,DHRUV TALWAR,35,,E
328,2016ME10683,ANSHSHIV GARG,35,,E
329,2016ME10700,SHUBHAM MISHRA,35,,E
330,2016ME20762,VIBHU RAWAT,35,,E
331,2016MT10636,PARIKH JAY MAHENDRAKUMAR,35,,E
332,2016MT60660,VASU DEV SINGH,35,,E
333,2016PH10550,SURAJ GOEL,35,,E
334,2016PH10593,ARYAN VERMA,35,,E
335,2016PH10598,NITESH KUMAR PURTY,35,,E
336,2016TT10856,SHIVAM SACHDEVA,35,,E
337,2016TT10865,UTKARSH RENIWAL,35,,E
338,2015ME20757,S V TARUN,36,,E
339,2016BB10057,AVLOKIT KUMAR,36,,E
340,2016BB10061,SUYASH KUMAR TAK,36,,E
341,2016CE10218,SHANU SINGHAL,36,,E
342,2016CE10277,ANIRUDH KATIYAR,36,,E
343,2016CH10082,MEHUL SINGHAL,36,,E
344,2016CH10088,NISHTHA GUPTA,36,,E
345,2016CH10113,VARUN PODDAR,36,,E
346,2016CH10138,ROHAN VERMA,36,,E
347,2016CH70175,ANUKRITI YADAV,36,,E
348,2016CS10332,SHASHANK GOEL,36,,E
349,2016CS50387,PRAKHAR AGRAWAL,36,,E
350,2016EE10418,AKANSHU GUPTA,36,,E
351,2016ME20760,KSHITIJ GUPTA,36,,E
352,2016ME20810,ASHUTOSH GAMAD,36,,E
353,2016MT10618,KUMAR PRITHVI MISHRA,36,,E
354,2016PH10542,HARDIK SHARMA,36,,E
355,2016PH10552,O K VARUN,36,,E
356,2016PH10562,HARIKRISHNAN C K,36,,E
357,2016PH10590,DEEPANSHU,36,,E
358,2016TT10831,SHIVAM KUMAR JHA,36,,E
359,2016TT10842,NIKUNJ SANGWAN,36,,E
360,2016BB10038,NAMAN BHARGAVA,37,,E
361,2016CE10202,UTKARSH MISHRA,37,,E
362,2016CE10257,SURYA PRAKASH,37,,E
363,2016CE10272,SATYAM KUMAR,37,,E
364,2016CH10115,SAHIL,37,,E
365,2016CH70192,AMIT DERWAL,37,,E
366,2016CS10368,ANUBHAV PALWAY,37,,E
367,2016CS10370,RAHUL V,37,,E
368,2016CS10377,ADITHYA ANAND,37,,E
369,2016EE10429,ASHWIN TUNGA,37,,E
370,2016EE30528,KUNDAN DOIPHODE,37,,E
371,2016ME10672,CHAITANYA SHARMA,37,,E
372,2016ME10696,HEMANG SHEKHAR,37,,E
373,2016ME10698,PATEL BILV,37,,E
374,2016ME20770,NIKUNJ GUPTA,37,,E
375,2016MT10630,PARMINDER SINGH,37,,E
376,2016TT10837,NEHARIKA SINGHAL,37,,E
377,2016TT10860,AASHI AGARWAL,37,,E
378,2016TT10870,RAHUL KUMAR,37,,E
379,2016TT10884,RISHAV KUMAR,37,,E
380,2016TT10895,RAJAPANTULA UMA MAHESWARA RAO,37,,E
381,2015EE30541,T.HOINGAICHING HAOKIP,38,,E
382,2016BB10026,ADITYA PRASAD,38,,E
383,2016BB10052,KUMAR SHUBHAM,38,,E
384,2016BB50001,RATHI ADITYA PRASHANT,38,,E
385,2016BB50009,MD AHRAZ ZAHIR,38,,E
386,2016CE10261,SANGAM RAJ,38,,E
387,2016CH10072,KSHITIZ AGRAWAL,38,,E
388,2016CH10102,SURYA GARG,38,,E
389,2016CH10111,ARPIT SARAF,38,,E
390,2016CH70169,HARDIK GOYAL,38,,E
391,2016CS10316,DIVYANSHU SAXENA,38,,E
392,2016CS10379,MANAS MEENA,38,,E
393,2016EE10428,MALAY JAIN,38,,E
394,2016EE10455,RAHUL KUMAR JHAJHARIA,38,,E
395,2016EE10468,SHIVANSU KUMAR,38,,E
396,2016EE10470,SANDESH SEN,38,,E
397,2016ME20756,UTKARSH GUPTA,38,,E
398,2016PH10587,SOUMYADEEP SARKAR,38,,E
399,2016TT10830,AYUSH SRIVASTAVA,38,,E
400,2016TT10839,EASHAN BAJAJ,38,,E
401,2016TT10840,VISHAVJIT SHARMA,38,,E
402,2016TT10916,SUMIT KUMAR,38,,E
403,2014CS10241,NEELAPU RAJEEV SRINU,39,,E
404,2016BB10029,ROHAN SANGHI,39,,E
405,2016BB50007,PARTH BHARDWAJ,39,,E
406,2016CE10280,DEVENDRA SONKEWARE,39,,E
407,2016CS10345,VINAYAK RASTOGI,39,,E
408,2016CS10350,SHASHWAT BANCHHOR,39,,E
409,2016CS10354,MINHAJ SHAKEEL,39,,E
410,2016CS50390,SINGAMSETTY SANJEEVA KRISHNA SAI DI,39,,E
411,2016CS50396,AYUSH PATEL,39,,E
412,2016CS50400,SUMIT KUMAR GHOSH,39,,E
413,2016CS50406,ANIMESH SINGH,39,,E
414,2016EE10414,VRITTIKA BAGADIA,39,,E
415,2016EE10467,RAVI SINGH,39,,E
416,2016EE30511,AKSHAT AGARWAL,39,,E
417,2016ME10687,SANIDHYA JAIN,39,,E
418,2016ME10693,SAKSHAM JAIN,39,,E
419,2016ME20763,SHAGUN GUPTA,39,,E
420,2016ME20799,ANKIT SHILARKAR,39,,E
421,2016MT60659,PULKIT SHAKYA,39,,E
422,2016PH10584,NANDAM YASHWANTH,39,,E
423,2016TT10832,SUMAKESH MISHRA,39,,E
424,2016TT10915,HARSH LAL,39,,E
425,2015TT10924,PRASHANT VERMA,40,,E
426,2016BB10022,NIKHIL SHENOY,40,,E
427,2016BB10027,ANUJA TRIVEDI,40,,E
428,2016CE10207,SANCHIT SHARMA,40,,E
429,2016CE10262,BASANT DUDI,40,,E
430,2016CE10270,YASHASVI MAURYA,40,,E
431,2016CH10105,PATEL PRANAV,40,,E
432,2016CS10372,RAVINDER SINGH,40,,E
433,2016EE10435,ADITYA ABHISHEK,40,,E
434,2016EE10476,HITESH BASWAL,40,,E
435,2016EE30523,MANAV RAO,40,,E
436,2016ME10681,ADARSH KUMAR SAHU,40,,E
437,2016ME10724,HIMANSHU LAL,40,,E
438,2016ME20765,KESHAV KUMAR,40,,E
439,2016ME20774,PRAKET PARTH,40,,E
440,2016ME20798,NITIN SHEKHAR,40,,E
441,2016MT10632,ADITI CHAUDHARY,40,,E
442,2016PH10559,GOWTHAM MANICKAM,40,,E
443,2016PH10576,VAIBHAV SAINI,40,,E
444,2016TT10857,PRABHAT RANJAN,40,,E
445,2016TT10874,PRANAV VILAS NAGPURE,40,,E
446,2016TT10882,VIKASH KUMAR,40,,E
