List of students registered in (IInd Semester 20162017)
Course Code : ELL301
Course Description : ELECTRICAL & ELECTRONIC INSTR.
Serial No., Entry Number, Student Name, Course Group, Audit Withdrawal, Course Slot
1,2013EE10490,SAHITESH KUMAR REDDYPELLY,0,N,D
2,2013EE10443,BANALA NISHITH REDDY,1,N,D
3,2013EE10450,DEEPAK KUMAR MEENA,1,N,D
4,2013EE10451,DHARMENDRA CHOUDHARY,1,N,D
5,2013EE10457,GAURAV KUMAR CHARNAWAT,1,N,D
6,2013EE10459,JADHAV SHEKHAR,1,N,D
7,2013EE10473,MIHIR DHALIA,1,N,D
8,2013EE10491,SANDEEP GUPTA,1,N,D
9,2013EE10456,GAURAV NAMA,2,N,D
10,2013EE10458,GOALLA NIHAL,2,N,D
11,2013EE10464,KARAMPUDI VEDESH,2,N,D
12,2013EE10466,KRISHNA MOHAN CHAUHAN,2,N,D
13,2013EE10478,PANKAJ KUMAR RASGANIA,2,N,D
14,2013EE10481,PRIYANKA,2,N,D
15,2013EE10489,SACHIN RINDER,2,N,D
16,2013EE10493,SARTHAK VIJAY,2,N,D
17,2013EE10512,VAIBHAV SHARMA,2,N,D
18,2013EE10516,YASH JAIN,2,N,D
19,2014EE10448,KOTAKONDA BHASKAR,2,N,D
20,2013EE10433,AKASH TANWAR,3,N,D
21,2013EE10434,AKASH BAGHEL,3,N,D
22,2013EE10448,CULLI JAYANTH,3,N,D
23,2013EE10453,DIVYANSH CHAUHAN,3,N,D
24,2013EE10482,PULKIT SHARMA,3,N,D
25,2013EE10492,SAROJ KUMAR,3,N,D
26,2013EE10511,VAIBHAV SINGH,3,N,D
27,2013EE10518,YASHWANT MEENA,3,N,D
28,2013EE30184,SUPARN SHARMA,3,N,D
29,2013EE30541,AASTHA TANWAR,3,N,D
30,2013EE30556,KAJAL,3,N,D
31,2013EE30560,PAGADALA AKHIL,3,N,D
32,2013EE30568,TANYA SABOO,3,N,D
33,2013EE30569,SARAVAN V,3,N,D
34,2013EE10452,DIVYANSH SRIVASTAVA,4,N,D
35,2013EE10469,LOKESH KUMAR MEENA,4,N,D
36,2013EE10471,MATTA JOSHUA SHUSHAN ROY,4,N,D
37,2013EE10497,SHUBHAM SIKKA,4,N,D
38,2013EE10498,SHUBHAM,4,N,D
39,2013EE10506,TARUN KUMAR,4,N,D
40,2013EE10510,UTSAV NAHA,4,N,D
41,2013EE30544,AKASH GAUTAM,4,N,D
42,2013EE30549,ARPIT JAIN,4,N,D
43,2013EE30558,MOHD ADIL,4,N,D
44,2013EE30572,SHREY BHALA,4,N,D
