List of students registered in (IInd Semester 20162017)
Course Code : ELL715
Course Description : DIGITAL IMAGE PROCESSING
Serial No., Entry Number, Student Name, Course Group, Audit Withdrawal, Course Slot
1,2013CS10205,AKSHIT TREHAN,1,N,F
2,2013CS10233,KOTA VENKATA HEMANTH,1,N,F
3,2013EE10440,ARNAV KANSAL,1,N,F
4,2013EE10441,AVINASH PATEL,1,N,F
5,2013EE10451,DHARMENDRA CHOUDHARY,1,N,F
6,2013EE10454,G VENKATA SESHA SAI,1,N,F
7,2013EE10467,KUSHAL SATYA,1,N,F
8,2013EE10477,NITISH AGARWAL,1,N,F
9,2013EE10502,SOHAM BANERJEE,1,N,F
10,2013EE10513,VANKAM SRAVAN KUMAR VARMA,1,N,F
11,2013EE10517,YASH VERMA,1,N,F
12,2015ANZ8221,ADITI BHATEJA,1,N,F
13,2015JTM2327,VIPUL SAXENA,1,N,F
14,2016EET2626,PRANJALYA  SINGH,1,N,F
15,2016EET2630,POTTI KRISHNA PRASANTH,1,N,F
16,2016EET2633,ABHISHEK KUMAR TOMAR,1,N,F
17,2016EET2634,AKASH  NAYAK,1,N,F
18,2016EET2641,KARAN  KUMAR,1,N,F
19,2016EET2646,SHANTANU,1,N,F
20,2016EEY7520,MANOJ SINGH RATHOR,1,N,F
21,2016EEY7538,MADHU YADAV,1,N,F
22,2016EEZ8483,RUCHIKA,1,N,F
23,2016EEZ8511,KAILAS  D,1,N,F
24,2013EE10436,AMANDEEP ARORA,2,N,F
25,2013EE10449,DASARI CHANDU,2,N,F
26,2013EE10460,JASKIRAT SINGH,2,N,F
27,2013EE10464,KARAMPUDI VEDESH,2,N,F
28,2013EE10468,LAKSHAY GOEL,2,N,F
29,2013EE10470,MANISH REDDY GOTTIMUKKULA,2,N,F
30,2013EE10475,MYLAVARAM SREEVATSA SAURABH,2,N,F
31,2013EE10496,SHUBHAM NIRBHAY,2,N,F
32,2013EE10503,SUMIT KUMAR,2,N,F
33,2013EE10505,TARUN AGARWAL,2,N,F
34,2013EE10509,TIRUMANI BALA PAVAN VARMA,2,N,F
35,2013EE10434,AKASH BAGHEL,3,N,F
36,2013EE10446,BOMMINENI SRINATH REDDY,3,N,F
37,2013EE10448,CULLI JAYANTH,3,N,F
38,2013EE10455,GANTA NAGENDRA MOURYA TEJA,3,N,F
39,2013EE10482,PULKIT SHARMA,3,N,F
40,2013EE10490,SAHITESH KUMAR REDDYPELLY,3,N,F
41,2013EE10518,YASHWANT MEENA,3,N,F
42,2013EE30872,SHUBHAM CHOUDHARY,3,N,F
43,2013MT60589,ARSHDEEP SINGH GULATI,3,N,F
44,2014MT10601,RAHUL PANWAR,3,N,F
45,2014MT60555,GAUTAM KUMAR,3,N,F
46,2011EE50547,GAURAV KALYAN,4,N,F
47,2013EE10435,AKSHAY SINGLA,4,N,F
48,2013EE10439,ARMAAN SINGH BHULLAR,4,N,F
49,2013EE10472,MAYANK GUPTA,4,N,F
50,2013EE10480,POTNURU KISHEN SURAJ,4,N,F
51,2013EE10486,RAHUL SINGH DANGI,4,N,F
52,2013EE10507,THALATOTI DEVAR AKHIL MANISH,4,N,F
53,2013EE10510,UTSAV NAHA,4,N,F
54,2013EE30554,HARSH SHARMA,4,N,F
55,2013EE30563,RAM KRISHNA RAHUL,4,N,F
56,2013MT60079,DEEPALI GUPTA,4,N,F
57,2013MT60596,GOVIND SARAN GAUTAM,4,N,F
58,2014MT10614,VAIBHAV GUPTA,4,N,F
59,2014MT60560,PREETHAM P,4,N,F
