List of students registered in (IInd Semester 20162017)
Course Code : ELL705
Course Description : STOCHASTIC FILTERING AND IDENT
Serial No., Entry Number, Student Name, Course Group, Audit Withdrawal, Course Slot
1,2014EEA2945,VAIBHAV KESARI,1,N,J
2,2015CRZ8430,NITESH SAHU,1,N,J
3,2015EEZ2507,PRIYANK MUKESHKUMAR SHAH,1,N,J
4,2016EEA2168,PAWAN KUMAR SHAH,1,N,J
5,2016EEA2169,FATIMATEL BATOUL MAHMOUD HUSARI,1,N,J
6,2016EEA2465,CHINMAY  GARANAYAK,1,N,J
7,2016EEA2466,ANIRBAN  SEN,1,N,J
8,2016EEA2468,MIJAZ MUKUNDAN,1,N,J
9,2016EEA2471,SHANTAK  SINGH,1,N,J
10,2016EEA2472,AMMU  CHATHUKULAM,1,N,J
11,2016EEA2479,PRITESH  PATEL,1,N,J
12,2016EEA2485,POONAM  TRIPATHI,1,N,J
13,2016EEA2486,RUPAM  BHATTACHARJEE,1,N,J
14,2016EEA2489,SANJEEV KUMAR PANDEY,1,N,J
15,2016EEA2867,RUPESH  KASTURE,1,N,J
16,2016EEY7538,MADHU YADAV,1,N,J
17,2016EEZ8074,CHAITI  KUMAR,1,N,J
18,2016EEZ8079,CHIMMULA  KISHORE,1,N,J
19,2016EEZ8486,SUJEET  KUMAR,1,N,J
20,2016EEZ8494,VASUDHA  KHUBCHANDANI,1,N,J
