List of students registered in (IInd Semester 20162017)
Course Code : ELL719
Course Description : DETECTION & ESTIMATION THEORY
Serial No., Entry Number, Student Name, Course Group, Audit Withdrawal, Course Slot
1,2013EE10500,SIDHARTH,1,N,B
2,2014CRZ8292,BIPIN KUMAR,1,N,B
3,2015CRF2213,AVANI VIVEK KULKARNI,1,N,B
4,2015CRF2219,PRATIK KISHOR SARODE,1,N,B
5,2015CRF2866,CHITTARANAJAN SWAIN,1,N,B
6,2015EET2678,ANKITA GAUTAM,1,N,B
7,2015EET2683,GARIMA CHOUDHARY,1,N,B
8,2015EET2692,PRIYA SHREE,1,N,B
9,2015EET2696,SUMAN DEEDWANIYA,1,N,B
10,2015EEY7540,PRAKRITI SAXENA,1,N,B
11,2015EEZ8092,RAFAT JAMAL,1,N,B
12,2015EEZ8397,SURAJ SUMAN,1,N,B
13,2016BSY7511,RAHUL GOGIA,1,N,B
14,2016BSZ8346,JYOTI MAHESHWARI,1,N,B
15,2016CRZ8015,DIPSHIKHA  NARAYAN,1,N,B
16,2016EEA2465,CHINMAY  GARANAYAK,1,N,B
17,2016EEE2492,UDAYVEER SINGH CHAHAR,1,N,B
18,2016EEE2493,UMESH  GUPTA,1,N,B
19,2016EEE2495,PRABHANSHU  PANDEY,1,N,B
20,2016EEE2497,GARIMA,1,N,B
21,2016EEE2498,DEEPIKA  KHANDELWAL,1,N,B
22,2016EEE2499,SAMNEET  THAKUR,1,N,B
23,2016EEE2501,PRASANTH KUMAR ENGAM,1,N,B
24,2016EEE2502,KOTTE VIJITH VARMA,1,N,B
25,2016EEE2503,PRASHANT  SONI,1,N,B
26,2016EEE2504,KISHORE KUMAR GUPTA,1,N,B
27,2016EEE2506,RAJU  KUMAR,1,N,B
28,2016EEE2507,SONU  AKHAND,1,N,B
29,2016EEE2508,PRADEEP SUBHASH PAIKRAO,1,N,B
30,2016EEE2510,ARVIND KANDPAL,1,N,B
31,2016EEE2511,SANDEEP SINGH,1,N,B
32,2016EEE2560,NARENDRA KUMAR MISHRA,1,N,B
33,2016EEE2574,SHANUMUGHANATHAN VB,1,N,B
34,2016EEE2575,SS SANDHU,1,N,B
35,2016EEE2868,KARTHIK  R,1,N,B
36,2016EEE2937,KANDA  LAVANYA,1,N,B
37,2016EEE2961,SAURAV KUMAR,1,N,B
38,2016EET2639,PRIYANK  SONI,1,N,B
39,2016EET2645,SUMEET  INANI,1,N,B
40,2016EEZ8082,DILEEP  BAPATLA,1,N,B
41,2016EEZ8094,PUSHPENDRA KUMAR SINGH,1,N,B
42,2016EEZ8488,ANKIT,1,N,B
43,2016JTM2084,MAHENDRA PRATAPSINGH BHADORIA,1,N,B
44,2013EE10687,LAKSHAY SAPRA,3,N,B
