List of students registered in (IInd Semester 20162017)
Course Code : ELL769
Course Description : Electrical Systems for Construction Industries 
Serial No., Entry Number, Student Name, Course Group, Audit Withdrawal, Course Slot
1,2016CEC2827,ANSHUL VERMA,1,N,F
2,2016CEC2829,ARKA GHOSH,1,N,F
3,2016CEC2830,ARUN KUMAR,1,N,F
4,2016CEC2831,CHIRAG KOTHARI,1,N,F
5,2016CEC2832,DHEERAJ K UBHAYAKAR,1,N,F
6,2016CEC2833,DURGA VARA PRASAD BOKKA,1,N,F
7,2016CEC2837,NEELU NANDAN VIBHAKAR,1,N,F
8,2016CEC2839,PATIL VIKRANT SHASHIKANT,1,N,F
9,2016CEC2841,RAGULA RAMESH,1,N,F
10,2016CEC2845,SUMAN SAURAV,1,N,F
11,2016CEC2847,VISWANATH M S,1,N,F
12,2016CEC2849,TUSHAR GUPTA,1,N,F
13,2016CEC2875,SHIVAM CHUGH,1,N,F
