List of students registered in (IInd Semester 20162017)
Course Code : ELL703
Course Description : OPTIMAL CONTROL THEORY
Serial No., Entry Number, Student Name, Course Group, Audit Withdrawal, Course Slot
1,2015EEZ8397,SURAJ SUMAN,1,N,F
2,2016EEA2168,PAWAN KUMAR SHAH,1,N,F
3,2016EEA2169,FATIMATEL BATOUL MAHMOUD HUSARI,1,N,F
4,2016EEA2465,CHINMAY  GARANAYAK,1,N,F
5,2016EEA2466,ANIRBAN  SEN,1,N,F
6,2016EEA2468,MIJAZ MUKUNDAN,1,N,F
7,2016EEA2471,SHANTAK  SINGH,1,N,F
8,2016EEA2472,AMMU  CHATHUKULAM,1,N,F
9,2016EEA2479,PRITESH  PATEL,1,N,F
10,2016EEA2485,POONAM  TRIPATHI,1,N,F
11,2016EEA2486,RUPAM  BHATTACHARJEE,1,N,F
12,2016EEA2489,SANJEEV KUMAR PANDEY,1,N,F
13,2016EEA2867,RUPESH  KASTURE,1,N,F
14,2016EEZ8067,VINI  GUPTA,1,N,F
15,2016EEZ8068,MAYUKH  ROYCHOWDHURY,1,N,F
16,2016EEZ8074,CHAITI  KUMAR,1,N,F
17,2016EEZ8484,KEERTHI  CHACKO,1,N,F
18,2016EEZ8485,RAJASREE  SARKAR,1,N,F
19,2016EEZ8486,SUJEET  KUMAR,1,N,F
20,2016EEZ8493,VIVEK VARDHAN JOSHI,1,N,F
21,2016EEZ8495,DEVESH  MALVIYA,1,N,F
22,2016EEZ8497,ESWARAVENKATAKUMAR  DHULIPALA,1,N,F
23,2016MEZ8353,VINAY KUMAR,1,N,F
