List of students registered in (IInd Semester 20162017)
Course Code : ELL720
Course Description : ADVANCED DIGITAL SIGNAL PROCES
Serial No., Entry Number, Student Name, Course Group, Audit Withdrawal, Course Slot
1,2013EE10487,RISHABH MITTAL,1,N,H
2,2015EEN2657,CHANDRASHEKARA SANABAGHATTA GANGARAMU,1,N,H
3,2015EEN2667,RAVIJA,1,N,H
4,2015EEY7540,PRAKRITI SAXENA,1,N,H
5,2015EEZ2480,SNIGDHA BHAGAT,1,N,H
6,2016ANZ8045,JOY  CHOWDHURY,1,N,H
7,2016BSY7511,RAHUL GOGIA,1,N,H
8,2016BSY7527,ABHISHEK GROVER,1,N,H
9,2016CRZ8565,JYOTHI  R,1,N,H
10,2016CRZ8568,AVINASH  KAUR,1,N,H
11,2016EEA2465,CHINMAY  GARANAYAK,1,N,H
12,2016EEE2497,GARIMA,1,N,H
13,2016EEE2498,DEEPIKA  KHANDELWAL,1,N,H
14,2016EEE2502,KOTTE VIJITH VARMA,1,N,H
15,2016EET2642,SUMIT  KUMAR,1,N,H
16,2016EEZ8077,T.R. AASHISH,1,N,H
17,2016EEZ8094,PUSHPENDRA KUMAR SINGH,1,N,H
18,2016EEZ8482,BISHSHOY  DAS,1,N,H
19,2016EEZ8506,AMIT  KADIAN,1,N,H
20,2016JOP2443,JHALAK  MITTAL,1,N,H
21,2016JOP2452,NITISH  KUMAR,1,N,H
22,2016JOP2453,ALOK  KUMAR,1,N,H
23,2016JOP2456,GAURAV KUMAR,1,N,H
24,2016JOP2459,JAGDEEP  SINGH,1,N,H
25,2016JOP2461,SUMIT  KUMAR,1,N,H
26,2016JOP2962,SYED SHOAIB ALI,1,N,H
27,2016JVL2105,ISAAR  AHMAD,1,N,H
28,2016JVL2109,SHARATH B K,1,N,H
29,2016JVL2111,SUMIT SHALIGRAM DIWARE,1,N,H
30,2013EE10432,ABHISHEK ANAND,2,N,H
31,2012EE10471,RAMIT DAS,3,N,H
32,2013EE10455,GANTA NAGENDRA MOURYA TEJA,3,N,H
33,2013EE10435,AKSHAY SINGLA,4,N,H
34,2013EE30549,ARPIT JAIN,4,N,H
