List of students registered in (IInd Semester 20162017)
Course Code : ELL717
Course Description : OPTICAL COMMUNICATION SYSTEMS
Serial No., Entry Number, Student Name, Course Group, Audit Withdrawal, Course Slot
1,2015EET2678,ANKITA GAUTAM,1,N,A
2,2015EET2686,KIRAN KUMAR,1,N,A
3,2015EET2692,PRIYA SHREE,1,N,A
4,2015EET2696,SUMAN DEEDWANIYA,1,N,A
5,2016BSZ8041,SUKRITI GARG,1,N,A
6,2016EEZ8069,RISHU  RAJ,1,N,A
7,2016EEZ8075,SONALI,1,N,A
8,2016EEZ8340,KSHITIZA SINGH,1,N,A
9,2016EEZ8499,ANSHU SINGH THAKUR,1,N,A
10,2016JOP2044,PRAVIN  RAWAT,1,N,A
11,2016JOP2045,ASISH  PROSAD,1,N,A
12,2016JOP2046,PRAKASH  JOSHI,1,N,A
13,2016JOP2048,SARJANA  YADAV,1,N,A
14,2016JOP2049,VAIBHAV  KUNWAR,1,N,A
15,2016JOP2050,TAHIR  AHMAD,1,N,A
16,2016JOP2051,NANCY  GUPTA,1,N,A
17,2016JOP2443,JHALAK  MITTAL,1,N,A
18,2016JOP2446,SHAIVE  SHARMA,1,N,A
19,2016JOP2448,ANJALI  GUPTA,1,N,A
20,2016JOP2452,NITISH  KUMAR,1,N,A
21,2016JOP2453,ALOK  KUMAR,1,N,A
22,2016JOP2456,GAURAV KUMAR,1,N,A
23,2016JOP2458,NITIKA,1,N,A
24,2016JOP2459,JAGDEEP  SINGH,1,N,A
25,2016JOP2460,ABHILASHA,1,N,A
26,2016JOP2461,SUMIT  KUMAR,1,N,A
27,2016JOP2462,VIJAY  KARTHIK,1,N,A
28,2016JOP2572,DEVENDRA KUMAR PANDEY,1,N,A
29,2016JOP2579,ABHISHEK R,1,N,A
30,2016JOP2580,GAURAV SHARMA,1,N,A
31,2016JOP2871,HARSH VARDHAN SHARMA,1,N,A
32,2016JOP2872,SHRIKANT,1,N,A
33,2016JOP2960,VINEETH VENUGOPAL NAIR,1,N,A
34,2016JOP2962,SYED SHOAIB ALI,1,N,A
35,2016JOP2964,VARUN ARORA,1,N,A
