List of students registered in (IInd Semester 20162017)
Course Code : ELL747
Course Description : ACTIVE AND PASSIVE FILTER DESI
Serial No., Entry Number, Student Name, Course Group, Audit Withdrawal, Course Slot
1,2013EE10487,RISHABH MITTAL,1,N,X
2,2013JVL2822,SHASHI SHANKAR THAKUR,1,N,X
3,2014EEA2940,R N VENKATESH,1,N,X
4,2015EEN2657,CHANDRASHEKARA SANABAGHATTA GANGARAMU,1,N,X
5,2015EEN2667,RAVIJA,1,N,X
6,2015JVL2553,SAURABH SURESH AGRAWAL,1,N,X
7,2016EEN2516,SHIVAM  A,1,N,X
8,2016EEY7523,KARTHIK M B,1,N,X
9,2016EEZ8481,ANU VRATA PANWAR,1,N,X
10,2016EEZ8509,PRASHANT  DUBEY,1,N,X
11,2013EE10432,ABHISHEK ANAND,2,N,X
