List of students registered in (IInd Semester 20162017)
Course Code : ELL726
Course Description : Nanophotonics and Plasmonics
Serial No., Entry Number, Student Name, Course Group, Audit Withdrawal, Course Slot
1,2014EEN2792,MOHIT MIISHRA,1,N,M
2,2014EEN2941,SHOBHIT GUPTA,1,N,M
3,2015JOP2765,POURUSH ARORA,1,N,M
4,2016JOP2044,PRAVIN  RAWAT,1,N,M
5,2016JOP2045,ASISH  PROSAD,1,N,M
6,2016JOP2046,PRAKASH  JOSHI,1,N,M
7,2016JOP2048,SARJANA  YADAV,1,N,M
8,2016JOP2049,VAIBHAV  KUNWAR,1,N,M
9,2016JOP2050,TAHIR  AHMAD,1,N,M
