List of students registered in (IInd Semester 20162017)
Course Code : ELL730
Course Description : I.C. TECHNOLOGY
Serial No., Entry Number, Student Name, Course Group, Audit Withdrawal, Course Slot
1,2013EE10443,BANALA NISHITH REDDY,1,N,C
2,2013JVL2822,SHASHI SHANKAR THAKUR,1,N,C
3,2015BSY7547,ARKA MUKHERJEE,1,N,C
4,2015EEN2653,ADITYA KARODIYA,1,N,C
5,2015EEN2655,ANINDYA PODDAR,1,N,C
6,2015EEN2656,ARCHIT MATHUR,1,N,C
7,2015EEN2664,PRANAY KUMAR KAKUSTHAM,1,N,C
8,2015EEN2665,PREMNATH YADAV EESAVOINA,1,N,C
9,2015EEN2673,VISHNU SHARAN CHANDRAKAR,1,N,C
10,2015EEN2818,BARUN KUMAR PANDEY,1,N,C
11,2016EEN2515,SOURADEEP  NASKAR,1,N,C
12,2016EEN2516,SHIVAM  A,1,N,C
13,2016EEN2520,KAPISH  PANDEY,1,N,C
14,2016EEN2522,MANINDRA  KUMAR,1,N,C
15,2016EEZ8070,SANDEEP KAUR KINGRA,1,N,C
16,2016EEZ8349,ANSHUL GUPTA,1,N,C
17,2016EEZ8481,ANU VRATA PANWAR,1,N,C
18,2016JOP2962,SYED SHOAIB ALI,1,N,C
19,2016JVL2111,SUMIT SHALIGRAM DIWARE,1,N,C
20,2012BB50005,ABHINEET SAIN,2,N,C
21,2011EE20522,RANABOTHU RAJASHEKAR REDDY,3,N,C
22,2013EE10448,CULLI JAYANTH,3,N,C
23,2013EE10455,GANTA NAGENDRA MOURYA TEJA,3,N,C
24,2013EE30562,RAHUL VERMA,3,N,C
25,2013EE30553,DEEPAK KUMAR GUPTA,4,N,C
