List of students registered in (IInd Semester 20162017)
Course Code : ELL802
Course Description : ADAPTIVE AND LEARNING CONTROL
Serial No., Entry Number, Student Name, Course Group, Audit Withdrawal, Course Slot
1,2016EEZ8502,RASHMI  RAI,0,N,X
2,2015EEZ2507,PRIYANK MUKESHKUMAR SHAH,1,N,X
3,2015EEZ8397,SURAJ SUMAN,1,N,X
4,2016EEA2168,PAWAN KUMAR SHAH,1,N,X
5,2016EEA2169,FATIMATEL BATOUL MAHMOUD HUSARI,1,N,X
6,2016EEA2465,CHINMAY  GARANAYAK,1,N,X
7,2016EEA2466,ANIRBAN  SEN,1,N,X
8,2016EEA2468,MIJAZ MUKUNDAN,1,N,X
9,2016EEA2471,SHANTAK  SINGH,1,N,X
10,2016EEA2472,AMMU  CHATHUKULAM,1,N,X
11,2016EEA2479,PRITESH  PATEL,1,N,X
12,2016EEA2485,POONAM  TRIPATHI,1,N,X
13,2016EEA2486,RUPAM  BHATTACHARJEE,1,N,X
14,2016EEA2867,RUPESH  KASTURE,1,N,X
15,2016EEZ8068,MAYUKH  ROYCHOWDHURY,1,N,X
16,2016EEZ8072,ARUNAVA  BANERJEE,1,N,X
17,2016EEZ8073,SYED MUHAMMAD AMRR,1,N,X
18,2016EEZ8074,CHAITI  KUMAR,1,N,X
19,2016EEZ8088,RAHUL  SHARMA,1,N,X
20,2016EEZ8096,NITISH,1,N,X
21,2016EEZ8485,RAJASREE  SARKAR,1,N,X
22,2016EEZ8486,SUJEET  KUMAR,1,N,X
23,2016EEZ8490,DHIMAN  DAS,1,N,X
24,2016EEZ8501,MOHD KASHIF,1,N,X
25,2016EEZ8503,HINA  PARVEEN,1,N,X
26,2016EEZ8504,YALAVARTHI AMARNATH,1,N,X
27,2016EEZ8505,ARYADIP  SEN,1,N,X
