List of students registered in (IInd Semester 20162017)
Course Code : ELL815
Course Description : MIMO WIRELESS COMMUNICATIONS
Serial No., Entry Number, Student Name, Course Group, Audit Withdrawal, Course Slot
1,2015EEE2472,MUKESH YADAV,1,N,X
2,2015EEE2479,SANTOSH KUMAR SINGH,1,N,X
3,2016EEE2492,UDAYVEER SINGH CHAHAR,1,N,X
4,2016EEE2493,UMESH  GUPTA,1,N,X
5,2016EEE2495,PRABHANSHU  PANDEY,1,N,X
6,2016EEE2498,DEEPIKA  KHANDELWAL,1,N,X
7,2016EEE2499,SAMNEET  THAKUR,1,N,X
8,2016EEE2501,PRASANTH KUMAR ENGAM,1,N,X
9,2016EEE2503,PRASHANT  SONI,1,N,X
10,2016EEE2504,KISHORE KUMAR GUPTA,1,N,X
11,2016EEE2506,RAJU  KUMAR,1,N,X
12,2016EEE2507,SONU  AKHAND,1,N,X
13,2016EEE2508,PRADEEP SUBHASH PAIKRAO,1,N,X
14,2016EEE2510,ARVIND KANDPAL,1,N,X
15,2016EEE2511,SANDEEP SINGH,1,N,X
16,2016EEE2560,NARENDRA KUMAR MISHRA,1,N,X
17,2016EEE2574,SHANUMUGHANATHAN VB,1,N,X
18,2016EEE2575,SS SANDHU,1,N,X
19,2016EEE2868,KARTHIK  R,1,N,X
20,2016EEE2937,KANDA  LAVANYA,1,N,X
21,2016EEE2961,SAURAV KUMAR,1,N,X
22,2016EEZ8066,MANISHIKA  RAWAT,1,N,X
23,2016EEZ8075,SONALI,1,N,X
24,2016EEZ8488,ANKIT,1,N,X
25,2016JTM2078,HARSHALKUMAR JAYANTKUMAR YAGNIK,1,N,X
26,2016JTM2080,PRAKHAR  ARYA,1,N,X
27,2016JTM2084,MAHENDRA PRATAPSINGH BHADORIA,1,N,X
28,2016JTM2088,MADHAV SUNILBHAI BHATT,1,N,X
29,2016JTM2090,VIVEK  SINGH,1,N,X
30,2016JTM2091,JYOTIRMAY  MAITY,1,N,X
31,2016JTM2092,AKARSH  AGRAWAL,1,N,X
32,2011EE50550,HEMANT SAHARIA,4,N,X
