List of students registered in (IInd Semester 20162017)
Course Code : ELL881
Course Description : Special Topics in Computers-II
Serial No., Entry Number, Student Name, Course Group, Audit Withdrawal, Course Slot
1,2015EET2678,ANKITA GAUTAM,1,N,M
2,2015EET2679,ANSHAY AGARWAL,1,N,M
3,2015EET2680,ASHUTOSH GUPTA,1,N,M
4,2015EET2683,GARIMA CHOUDHARY,1,N,M
5,2015EET2686,KIRAN KUMAR,1,N,M
6,2015EET2688,NITISH PRAKASH,1,N,M
7,2015EET2692,PRIYA SHREE,1,N,M
8,2015EET2696,SUMAN DEEDWANIYA,1,N,M
9,2015EET2776,ABHIMANYU MAHAJAN,1,N,M
10,2015EET2880,NAVNEET CHAUDHARY,1,N,M
11,2015EET2885,RAUSHAN KUMAR,1,N,M
12,2016EET2625,PRANAY  SETHI,1,N,M
13,2016EET2635,SWATI  KUSHWAHA,1,N,M
14,2016EET2643,RAKESH ROSHAN BEHERA,1,N,M
15,2016EET2646,SHANTANU,1,N,M
16,2016EET2648,JASPER  LALBUATSAIH,1,N,M
17,2016EEZ8092,PORAS  KHETARPAL,1,N,M
18,2016EEZ8094,PUSHPENDRA KUMAR SINGH,1,N,M
19,2016EEZ8489,HIMANSHU PRAMOD PADOLE,1,N,M
20,2016EEZ8506,AMIT  KADIAN,1,N,M
21,2011EE50557,MASA AVINASH,4,N,M
22,2014EE30007,MITHOOL JAIN,4,N,M
