List of students registered in (IInd Semester 20162017)
Course Code : ELP305
Course Description : DESIGN AND SYSTEM LABORATORY
Serial No., Entry Number, Student Name, Course Group, Audit Withdrawal, Course Slot
1,2013EE10445,Bhawani Singh,1,N,R
2,2014EE10444,KARAN KUMAR KOLI,1,N,R
3,2014EE10447,KATTUMURI ENOCH,1,N,R
4,2014EE10450,LOKESH KUMAR MEENA,1,N,R
5,2014EE10453,MANISH SINGH,1,N,R
6,2014EE10456,MENDU RAGHU SRAVAN KUMAR,1,N,R
7,2014EE10459,NAGUBANDI HARSHITH,1,N,R
8,2014EE10466,PARAS CHOPRA,1,N,R
9,2014EE10469,PRADYUMN SINGH,1,N,R
10,2014EE10472,PREM ANAND,1,N,R
11,2014EE10475,PUDI DILEEP,1,N,R
12,2014EE10478,RAHUL KUMAR,1,N,R
13,2014EE10481,SAMMETA ANUDEEP,1,N,R
14,2014EE10484,SHIVAM KUMAR,1,N,R
15,2014EE10488,SHUVAM AGARWAL,1,N,R
16,2014EE10491,SYED AFROZE ISMAIL,1,N,R
17,2014EE10494,VIJAY RAGHAV GOYAL,1,N,R
18,2014EE10517,KONATHAM VENKATA PRATHYUSHA,1,N,R
19,2014EE10655,GAGANPREET SINGH,1,N,R
20,2012MT50621,SOURABH SINGH DHYANIA,2,N,R
21,2014EE10442,INDERJOT SINGH SAGGU,2,N,R
22,2014EE10445,KASI SAI SRIKAR,2,N,R
23,2014EE10448,KOTAKONDA BHASKAR,2,N,R
24,2014EE10451,MADHUKAR KUMAR,2,N,R
25,2014EE10454,MANMOHAN MEENA,2,N,R
26,2014EE10457,MUKUL BENIWAL,2,N,R
27,2014EE10460,NAMAN GOPAL KABRA,2,N,R
28,2014EE10464,NISHANT AGARWAL,2,N,R
29,2014EE10467,PARMAR SAHIL SATISHKUMAR,2,N,R
30,2014EE10470,PRASHANTH M,2,N,R
31,2014EE10473,PRITISH SINGLA,2,N,R
32,2014EE10482,SAUMAV KAPOOR,2,N,R
33,2014EE10486,SHRIMALI DHRUV JAYESHKUMAR,2,N,R
34,2014EE10489,SONALI GODARA,2,N,R
35,2014EE10495,VIPUL KHATANA,2,N,R
36,2014EE10706,ABHI SAXENA,2,N,R
37,2015CS10235,MADHUR SINGHAL,2,N,R
38,2013EE10485,RAGHAVARAJU HARISH VARMA,3,N,R
39,2013EE30571,SHIVPAL CHAUDHARY,3,N,R
40,2013MT60583,AKSHAY ROYAL,3,N,R
41,2014EE10440,GANJI MANOJ KUMAR,3,N,R
42,2014EE10443,JASHUWA MYDAM,3,N,R
43,2014EE10446,KATRAVATH ADITHYA,3,N,R
44,2014EE10461,NARAYANASETTY AJITH KUMAR,3,N,R
45,2014EE10468,PARVEZ ANWAR CHANAWALA,3,N,R
46,2014EE10477,RAHUL JHAJHRIA,3,N,R
47,2014EE10493,VIBHOR DODEJA,3,N,R
48,2014EE10496,VISHAL KUMAR MEENA,3,N,R
49,2014EE10710,AKSHIT TYAGI,3,N,R
50,2014EE30507,DEEPAK,3,N,R
51,2014EE30509,DHARAMSARE PRANAY KASHIRAM,3,N,R
52,2014EE30512,HARSH VERMA,3,N,R
53,2014EE30514,JAKKA AMARENDER REDDY,3,N,R
54,2014EE30516,JONNADULA SUJAN,3,N,R
55,2014EE30519,MUKUL,3,N,R
56,2014EE30522,NIHAR SHERWAL,3,N,R
57,2014EE30524,NISHANT NAIN,3,N,R
58,2014EE30526,PANKAJ SANODIYA,3,N,R
59,2014EE30530,PRAFULL GOPALDAS LILANI,3,N,R
60,2014EE30532,RISHAVDEEP SINGH,3,N,R
61,2014EE30542,VINAY CHETNANI,3,N,R
62,2014MT10355,PRANJAL KUMAR,3,N,R
63,2014MT10554,DEVANG AGRAWAL,3,N,R
64,2014MT10582,ADARSH ONKAR,3,N,R
65,2014MT10584,AKSHAY KUMAR,3,N,R
66,2014MT10586,ARPIT SANGAL,3,N,R
67,2014MT10592,HARDIK VERMA,3,N,R
68,2014MT10594,KSHITIZ SHARMA,3,N,R
69,2014MT10596,MAHENDRA YADAV,3,N,R
70,2014MT10601,RAHUL PANWAR,3,N,R
71,2014MT10603,RISHUBH PARIHAR,3,N,R
72,2014MT10605,SACHIT MALIK,3,N,R
73,2014MT10607,SAHIL AGGARWAL,3,N,R
74,2014MT10609,SANCHIT MALIK,3,N,R
75,2014MT10611,SANJAY PANDEY,3,N,R
76,2014MT10613,SUBODH PUSHKAR,3,N,R
77,2014MT10615,VIPUL GUPTA,3,N,R
78,2014MT60362,RAUNAK LOHIYA,3,N,R
79,2014MT60552,AMIT KUMAR,3,N,R
80,2014MT60555,GAUTAM KUMAR,3,N,R
81,2014MT60559,PARAMKUSHAM SAI SATVIK,3,N,R
82,2014MT60561,RISHABH MAHESHWARI,3,N,R
83,2014MT60563,RUBY,3,N,R
84,2014MT60568,TANYA,3,N,R
85,2014MT60663,KAPIL AHUJA,3,N,R
86,2015EE10691,YASH  GARG,3,N,R
87,2015MT10319,AVINASH  KUMAR,3,N,R
88,2013EE10444,BHAVYA BANDARU,4,N,R
89,2013EE10476,N S BHARATH,4,N,R
90,2013EE10515,VIKAS BHASKAR,4,N,R
91,2014EE10134,SHOBHIT JAIN,4,N,R
92,2014EE10141,SOMYA ARORA,4,N,R
93,2014EE10368,RAVINDRA KUMAR GUPTA,4,N,R
94,2014EE10421,ABHISHEK BANSAL,4,N,R
95,2014EE10428,ANUJ MITTAL,4,N,R
96,2014EE10431,BOTCHA LOKESH KUMAR,4,N,R
97,2014EE10432,BURLE VENKATA SRIHARSHA,4,N,R
98,2014EE10433,D SAI TARUN,4,N,R
99,2014EE10434,DASHPUTE ANIKET SANJAY,4,N,R
100,2014EE10439,DUNNA AGNI SWAROOP,4,N,R
101,2014EE10441,HARDIK AGARWAL,4,N,R
102,2014EE30168,JISHNUDEEP KAR,4,N,R
103,2014EE30501,ANIMESH SHARMA,4,N,R
104,2014EE30504,BADUGU SATHVIC,4,N,R
105,2014EE30506,DEEPAK SINGLA,4,N,R
106,2014EE30508,DESAI SOHAM HITENDRAKUMAR,4,N,R
107,2014EE30511,GUDIKOTA DHARANI KUMAR GUPTA,4,N,R
108,2014EE30515,JIWANE SWAPNIL SOPANRAO,4,N,R
109,2014EE30537,SHUBHAM MALHOTRA,4,N,R
110,2014EE30541,TARUN JAIN,4,N,R
111,2014EE30543,VINAY AGARWAL,4,N,R
112,2014EE30545,VISHAKHA CHANDORE,4,N,R
113,2014EE30629,ADITYA ARORA,4,N,R
114,2014MT10510,GIRI HRUSHIKESH REDDY,4,N,R
115,2014MT10581,ABHISHEK KUMAR,4,N,R
116,2014MT10583,AJINKYA JOSHI,4,N,R
117,2014MT10585,ANISH MAHISHI,4,N,R
118,2014MT10587,BANOTHU SRINIKESH NAIK,4,N,R
119,2014MT10589,GAUTAM DUDEJA,4,N,R
120,2014MT10591,GURKIRAT SINGH BAJWA,4,N,R
121,2014MT10593,KOMAL RATAN SHIPE,4,N,R
122,2014MT10595,MADHUR MITTAL,4,N,R
123,2014MT10597,MAKWANA JUGAL DHARMESH,4,N,R
124,2014MT10600,RAGHAV MITTAL,4,N,R
125,2014MT10602,RIMSHA KHAN,4,N,R
126,2014MT10606,SAGAR MALIK,4,N,R
127,2014MT10608,SAKSHAM SINGH KUSHWAHA,4,N,R
128,2014MT10610,SANJANA GUPTA,4,N,R
129,2014MT10612,SATYAM KUMAR,4,N,R
130,2014MT10614,VAIBHAV GUPTA,4,N,R
131,2014MT10616,VISHAL,4,N,R
132,2014MT60551,ALANKAR MESHRAM,4,N,R
133,2014MT60558,NITIN KUMAR,4,N,R
134,2014MT60560,PREETHAM P,4,N,R
135,2014MT60562,RISHABH RAJ,4,N,R
136,2014MT60571,YASH TIWARI,4,N,R
137,2015EE30898,ISHU  JAIN,4,N,R
138,2011EE20522,RANABOTHU RAJASHEKAR REDDY,5,N,R
139,2014EE10137,SHUBHAM KUNDAL,5,N,R
140,2014EE10422,AJAY KUMAR MAHICHA,5,N,R
141,2014EE10424,AKSHUNN JINDAL,5,N,R
142,2014EE10426,ANANT KUMAR SINGH,5,N,R
143,2014EE10427,ANIRBAN MUKHOPADHYAY,5,N,R
144,2014EE10436,DESHANT R. FUSATE,5,N,R
145,2014EE10438,DIVPREET SINGH,5,N,R
146,2014EE10452,MANAS GUPTA,5,N,R
147,2014EE10455,MAYANK BANSAL,5,N,R
148,2014EE10458,MUTHYALA SUHAS REDDY,5,N,R
149,2014EE10471,PRAVEEN SINGH RAJPUT,5,N,R
150,2014EE10474,PRIYADARSHI NISHANT KIRITKUMAR,5,N,R
151,2014EE10483,SHAURYA SHANKAR,5,N,R
152,2014EE10490,SWETA SONI,5,N,R
153,2014EE10523,NILESH KUMAR JHA,5,N,R
154,2014EE30007,MITHOOL JAIN,5,N,R
155,2014EE30503,ARUN KUMAR MEENA,5,N,R
156,2014EE30505,DEEPAK KORKU,5,N,R
157,2014EE30513,INAMUL HAQ AZAD,5,N,R
158,2014EE30518,MAHIPAL SEJU,5,N,R
159,2014EE30521,NEERAJ MEENA,5,N,R
160,2014EE30525,PALLAVI KUMARI,5,N,R
161,2014EE30527,PIYUSH KUMAR,5,N,R
162,2014EE30529,PRAFUL AGRAWAL,5,N,R
163,2014EE30531,PRIYANSHI,5,N,R
164,2014EE30533,SAMIKSHA SEN,5,N,R
165,2014EE30535,SHIVAM ASATI,5,N,R
166,2014EE30536,SHUBHAM MAURYA,5,N,R
167,2014EE30538,SUKRITI NIGAM,5,N,R
168,2014EE30539,SUNNY BHAGIA,5,N,R
169,2014EE30540,SURYAKANT MISHRA,5,N,R
170,2014EE30544,VIPASHA MITTAL,5,N,R
171,2014EE30746,PRATEEK GARG,5,N,R
172,2014MT10590,GAUTAM JAIN,5,N,R
173,2014MT10604,ROHIT,5,N,R
174,2014MT10716,ANSHUL AGGARWAL,5,N,R
175,2014MT60502,ANSHUL BASIA,5,N,R
176,2014MT60553,DARPAN GUPTA,5,N,R
177,2014MT60557,KISHAN SAHU,5,N,R
178,2014MT60564,SAHIL BHATNAGAR,5,N,R
179,2014MT60566,SHUBHAM PALIWAL,5,N,R
180,2014MT60567,SIDDHANT GUPTA,5,N,R
181,2014MT60569,VAIBHAV GUPTA,5,N,R
182,2014MT60570,VISHAVJEET SINGH,5,N,R
