List of students registered in (IInd Semester 20162017)
Course Code : ELP736
Course Description : PHYSICAL DESIGN LABORATORY
Serial No., Entry Number, Student Name, Course Group, Audit Withdrawal, Course Slot
1,2016EEY7520,MANOJ SINGH RATHOR,1,N,P
2,2016JVL2105,ISAAR  AHMAD,1,N,P
3,2016JVL2106,SACHINDERNATH  SINGH,1,N,P
4,2016JVL2107,NAVKAMAL  RAKRA,1,N,P
5,2016JVL2108,JITIN  JACOB,1,N,P
6,2016JVL2109,SHARATH B K,1,N,P
7,2016JVL2111,SUMIT SHALIGRAM DIWARE,1,N,P
8,2016JVL2112,SHIKHA  GOEL,1,N,P
9,2016JVL2113,SAIKIRAN REDDY DWARAMPUDI,1,N,P
