List of students registered in (IInd Semester 20162017)
Course Code : ELP871
Course Description : POWER SYSTEM LAB 2
Serial No., Entry Number, Student Name, Course Group, Audit Withdrawal, Course Slot
1,2016EES2581,KUNAL  HASIJA,1,N,P
2,2016EES2584,PAVAN KUMAR KARRI,1,N,P
3,2016EES2585,SAIF ALI KHAN,1,N,P
4,2016EES2586,ANNEM SANTOSH REDDY,1,N,P
5,2016EES2587,PAVAN KUMAR KAJA,1,N,P
6,2016EES2588,TUSHAR  JAIN,1,N,P
7,2016EES2589,PRAMODH KUMAR MADDALA,1,N,P
8,2016EES2591,KAUSHIK RAMAKANT PANDITRAO,1,N,P
9,2016EES2601,RAKESH KUMAR BHARTI,1,N,P
10,2016EES2602,RAHUL KUMAR MEENA,1,N,P
11,2016EES2605,POONAM  JYOTI,1,N,P
12,2016EES2606,LATIKA  JOSHI,1,N,P
