List of students registered in (IInd Semester 20162017)
Course Code : ELV780
Course Description : SPECIAL MODULE IN COMPUTERS
Serial No., Entry Number, Student Name, Course Group, Audit Withdrawal, Course Slot
1,2011MT50584,AKASH RUPELA,1,N,X1
2,2011MT50617,ROHIT NEGI,1,N,X1
3,2012MT50608,NUPUR KUMARI,1,N,X1
4,2015EET2678,ANKITA GAUTAM,1,N,X1
5,2015EEY7539,RAVI KUMAR,1,N,X1
6,2015EEY7542,ARUN KUMAR SINGH,1,N,X1
7,2016EET2630,POTTI KRISHNA PRASANTH,1,N,X1
8,2016EET2646,SHANTANU,1,N,X1
9,2016EEY7520,MANOJ SINGH RATHOR,1,N,X1
10,2016EEY7521,SAKSHI  ARORA,1,N,X1
11,2016EEZ8096,NITISH,1,N,X1
12,2016EEZ8510,NISHIT  NARANG,1,N,X1
13,2010EE10479,SAWAN KUMAR,2,N,X1
14,2011MT50618,SNEH,2,N,X1
15,2012MT50594,HEMLATA MAHAWAR,2,N,X1
16,2013EE10458,GOALLA NIHAL,2,N,X1
17,2012MT50595,HIMANSHU BIBYAN,3,N,X1
18,2012MT50601,LOKESH RAKAWAT,3,N,X1
19,2013EE10687,LAKSHAY SAPRA,3,N,X1
20,2013EE30562,RAHUL VERMA,3,N,X1
21,2013EE30872,SHUBHAM CHOUDHARY,3,N,X1
22,2013MT60605,NEERAJ KUMAR,3,N,X1
23,2012EE50072,ANSHI,4,N,X1
24,2012EE50545,ASHISH KUMAR,4,N,X1
