List of students registered in (IInd Semester 20162017)
Course Code : ESL732
Course Description : BIOCONVERSION AND PROCESSING OF WASTE
Serial No., Entry Number, Student Name, Course Group, Audit Withdrawal, Course Slot
1,2013ME10693,MANISH MANOHAR,1,N,H
2,2015JES2525,PRATYUSH PANDEY,1,N,H
3,2015JES2528,RATNESH SAHU,1,N,H
4,2015JES2532,SHELLY,1,N,H
5,2015JES2533,SHIVAM SHUKLA,1,N,H
6,2015JES2534,SHIVANGI TIWARI,1,N,H
7,2015JES2536,SUMEET CHAUBEY,1,N,H
8,2015JES2541,VIVEK PANDEY,1,N,H
9,2016EET2643,RAKESH ROSHAN BEHERA,1,N,H
