List of students registered in (IInd Semester 20162017)
Course Code : ESL734
Course Description : NUCLEAR ENERGY
Serial No., Entry Number, Student Name, Course Group, Audit Withdrawal, Course Slot
1,2015JES2525,PRATYUSH PANDEY,1,N,D
2,2015JES2528,RATNESH SAHU,1,N,D
3,2015JES2532,SHELLY,1,N,D
4,2015JES2533,SHIVAM SHUKLA,1,N,D
5,2015JES2536,SUMEET CHAUBEY,1,N,D
6,2015JES2541,VIVEK PANDEY,1,N,D
7,2015PHS7142,RISHI CHAND GUPTA,1,N,D
8,2015PHS7149,SANJU MEENA,1,N,D
9,2015PHS7150,SANTOSH KUMAR SINGH,1,N,D
10,2013PH10848,ISHAN TYAGI,2,N,D
11,2013PH10860,PRACHI KHATRI,2,N,D
12,2012ME10690,NIKESH BISHT,3,N,D
13,2012PH10862,PREETAM KUMAR PANWAR,3,N,D
