List of students registered in (IInd Semester 20162017)
Course Code : ESQ302
Course Description : SEMINAR COURSE - II
Serial No., Entry Number, Student Name, Course Group, Audit Withdrawal, Course Slot
1,2013CE10367,PAARAS SHARMA,0,N,P
2,2013CH10074,ANTRIKSH JOHRI,0,N,P
3,2013CH10122,SHOURI SRINIVAS CHIKKERUR,0,N,P
4,2013CH70162,MAYANK DEEP BANSOD,0,N,P
5,2013EE30564,RAVI SHANKAR SINGH,0,N,P
6,2014EE10469,PRADYUMN SINGH,0,N,P
7,2014EE10475,PUDI DILEEP,0,N,P
8,2014EE10488,SHUVAM AGARWAL,0,N,P
9,2014ME10635,ANAND SANGWAN,0,N,P
10,2014ME10683,SAURAV KUMAR,0,N,P
11,2014ME20742,NITISH KUMAR,0,N,P
12,2014ME20745,PRASHANT KUMAR MEENA,0,N,P
13,2015CE10391,SUNIL VISHNOI,0,N,P
14,2015CE10393,TARUN YADAV,0,N,P
15,2015CE10395,UTKARSH SHAHI,0,N,P
16,2015CE10397,UTTAM SHUKLA,0,N,P
17,2015CE10399,VARUN GUPTA,0,N,P
18,2015CE10401,VINAY GUPTA,0,N,P
19,2015CE10402,VINOD SINGH CHAUDHARY,0,N,P
20,2015CE10403,VISHAL KUMAR MAURYA,0,N,P
21,2015CE10404,YASH AGARWAL,0,N,P
22,2013CH10086,LALIT PANWAR,1,N,P
23,2013PH10829,AKSHAY PRASHANT HEGDE,1,N,P
24,2013PH10834,ANKIP KUMAR,1,N,P
25,2013PH10835,ANKUR KUMAR,1,N,P
26,2013PH10847,HIMANSHU,1,N,P
27,2013PH10854,NAKADE UDAY JAGDISH,1,N,P
28,2013PH10856,NAVEEN YADAV,1,N,P
29,2013PH10864,RISHABH MALLIK,1,N,P
30,2013PH10865,SAJNANI MANISH DAYALDAS,1,N,P
31,2014CE10321,ARMINDER SINGH,1,N,P
32,2014CH10113,NAMAN BANSAL,1,N,P
33,2014CH10135,SHRESTHA ANUPAM,1,N,P
34,2014CH10139,SHUBHAM CHANANA,1,N,P
35,2014CH10143,SWAPNIL AGRAWAL,1,N,P
36,2014CS10091,AYUSH BHARDWAJ,1,N,P
37,2014CS10201,AAYAN KUMAR,1,N,P
38,2014CS10425,AMARESH KUMAR,1,N,P
39,2014EE10456,MENDU RAGHU SRAVAN KUMAR,1,N,P
40,2014EE10481,SAMMETA ANUDEEP,1,N,P
41,2014EE10491,SYED AFROZE ISMAIL,1,N,P
42,2014EE10655,GAGANPREET SINGH,1,N,P
43,2014ME10652,DEEPAK BHAMBHU,1,N,P
44,2014ME10666,MD ZAFAR ANWAR,1,N,P
45,2014ME10674,RAJESH KUMAR,1,N,P
46,2014ME10686,SHREY PANDEY,1,N,P
47,2014ME20728,GOURAV,1,N,P
48,2014TT10951,VIKASH KUMAR,1,N,P
49,2014TT10956,YUDHISHTHAR POONIA,1,N,P
50,2013CH10119,SAURABH DOGRA,2,N,P
51,2013ME10688,LAVIT GOSWAMI,2,N,P
52,2013ME10739,VIGHNESH SABLOK,2,N,P
53,2013ME20805,UJJAWAL GUPTA,2,N,P
54,2013PH10032,ROMIL AUDHKHASI,2,N,P
55,2013PH10185,SUSHRUT GHONGE,2,N,P
56,2013PH10881,VISHAL KUMAR,2,N,P
57,2013PH10883,ZAHEER HASSAN SIDDIQUI,2,N,P
58,2014CH10108,KOMAL ARYA,2,N,P
59,2014CH10117,PRASHANT JAIN,2,N,P
60,2014CH10120,RAJAN KUMAR,2,N,P
61,2014CH10144,UTKARSH GARG,2,N,P
62,2014CS10223,HIMANSHU SINGH,2,N,P
63,2014CS10235,MICKLE GILL,2,N,P
64,2014EE10457,MUKUL BENIWAL,2,N,P
65,2014EE10464,NISHANT AGARWAL,2,N,P
66,2014EE10473,PRITISH SINGLA,2,N,P
67,2014EE10495,VIPUL KHATANA,2,N,P
68,2014ME10675,RAKESH SHARMA,2,N,P
69,2014ME10681,SAHIL MALIK,2,N,P
70,2014ME10693,VINAY BORIWAL,2,N,P
71,2014ME20720,AYUSH AGARWAL,2,N,P
72,2014ME20752,RAMU NAIDU MALLA,2,N,P
73,2014ME20771,VANDANA ROLAN,2,N,P
74,2014TT10900,MANISH SUTHAR,2,N,P
75,2015ME20716,AMOGH GUPTA,2,N,P
76,2013EE10492,SAROJ KUMAR,3,N,P
77,2013ME10706,PUSKAR SHARMA,3,N,P
78,2013ME10734,TULIKA JATRELE,3,N,P
79,2013ME20791,POORNIMA VERMA,3,N,P
80,2013ME20800,SHIVAM AGARWAL,3,N,P
81,2013ME20801,SHREY BIYANI,3,N,P
82,2014CE10311,AMAN GUPTA,3,N,P
83,2014CE10387,SIDDHARTH K MISRA,3,N,P
84,2014CE10395,SURAJ KUMAR,3,N,P
85,2014CH10130,SAURABH PANDEY,3,N,P
86,2014CH10142,SORTE JANHAVI RAJENDRA,3,N,P
87,2014CS10242,NEERAJ SABHARWAL,3,N,P
88,2014CS10423,AKSHANSH CHAHAL,3,N,P
89,2014EE10443,JASHUWA MYDAM,3,N,P
90,2014EE10446,KATRAVATH ADITHYA,3,N,P
91,2014EE10458,MUTHYALA SUHAS REDDY,3,N,P
92,2014EE10461,NARAYANASETTY AJITH KUMAR,3,N,P
93,2014EE30530,PRAFULL GOPALDAS LILANI,3,N,P
94,2014ME10306,ABHISHEK KUMAR,3,N,P
95,2014ME10632,AKSHAY DESHWAL,3,N,P
96,2014ME10643,ATUL KUMAR,3,N,P
97,2014ME20750,RAHUL SINGHAL,3,N,P
98,2014ME20753,RAVI KUMAR CHOUDHARY,3,N,P
99,2014MT10613,SUBODH PUSHKAR,3,N,P
100,2014TT10952,VIKRAM SINGH,3,N,P
101,2013CH10112,SAGAR MITTAL,4,N,P
102,2013EE10476,N S BHARATH,4,N,P
103,2013EE30554,HARSH SHARMA,4,N,P
104,2013EE30563,RAM KRISHNA RAHUL,4,N,P
105,2013ME10643,AKSHAT GARG,4,N,P
106,2014BB10059,SHAURYA MALHOTRA,4,N,P
107,2014CE10304,ABHISHEK PRATAP SINGH,4,N,P
108,2014CE10318,ANSHUL PAREEK,4,N,P
109,2014CH10071,ABHIJEET SAHERAWAT,4,N,P
110,2014CH10076,AISHWARYA SMRITI,4,N,P
111,2014CH10079,AKASH KUMAR,4,N,P
112,2014CH10087,ARYAN GUPTA,4,N,P
113,2014CH10090,ASHWIN BHOLA,4,N,P
114,2014CS50280,ASHLEY JAIN,4,N,P
115,2014CS50462,NIKHIL GUPTA,4,N,P
116,2014EE30543,VINAY AGARWAL,4,N,P
117,2014TT10886,HITESH KHATRI,4,N,P
118,2014TT10904,MOHIT CHAUHAN,4,N,P
119,2014TT10943,SUNIL KUMAR,4,N,P
120,2015CE10323,EKANSH GANGWAR,8,N,P
