List of students registered in (IInd Semester 20162017)
Course Code : HUC722
Course Description : SEMINAR
Serial No., Entry Number, Student Name, Course Group, Audit Withdrawal, Course Slot
1,2013ME20779,GRISHMI CHAAND,0,N,X
2,2011TT10951,RAVI PRAKASH SHARMA,1,N,X
3,2014ME20763,SHAKSHAM PANDEY,1,N,X
4,2015HUZ8462,SHIKHA VATS,1,N,X
5,2015HUZ8467,VISHESH PRATAP GURJAR,1,N,X
6,2015HUZ8505,AARUSHI PUNIA,1,N,X
7,2016HUZ8172,ANGARIKA  RAKSHIT,1,N,X
8,2016HUZ8175,NEAKETA  CHAWLA,1,N,X
9,2016HUZ8176,GARIMA  RAJAN,1,N,X
10,2016HUZ8177,NANDINI  KALITA,1,N,X
11,2016HUZ8178,SANDIP  DEBNATH,1,N,X
12,2016HUZ8182,BENU  VERMA,1,N,X
13,2016HUZ8183,MUHAMED RIYAZ,1,N,X
14,2016HUZ8256,PRAKRITI  JOSHI,1,N,X
15,2016HUZ8529,NANDAN SEBASTIAN ROSARIO,1,N,X
16,2016HUZ8530,VYOM  SHARMA,1,N,X
17,2013EE10516,YASH JAIN,2,N,X
18,2013PH10831,AMITESH SINGH,2,N,X
19,2013TT10949,PRACHEER DUTTA,2,N,X
20,2010MT50628,VISHNU P S,3,N,X
21,2013EE30548,AMBUJ SAHU,3,N,X
22,2013EE30568,TANYA SABOO,3,N,X
23,2013ME10713,RISHABH MALHOTRA,3,N,X
24,2011TT10989,RAHUL RANA,4,N,X
25,2013EE30547,AMAN KUMAR SRIVASTAV,4,N,X
26,2013ME10648,ANURAG ACHARYA,4,N,X
27,2014CH10081,AMAN KUMAR RAI,4,N,X
