List of students registered in (IInd Semester 20162017)
Course Code : HUL258
Course Description : SOCIAL AND POLITICAL PHILOSOPH
Serial No., Entry Number, Student Name, Course Group, Audit Withdrawal, Course Slot
1,2013CH10125,SHUBHAM YADAV,1,,A
2,2013TT10897,ABNISH ANAND,1,,A
3,2014CE10313,ANGAJALA SRI NEELESH KUMAR,1,,A
4,2014CE10345,M AKHIL,1,,A
5,2014CH10135,SHRESTHA ANUPAM,1,,A
6,2014ME10652,DEEPAK BHAMBHU,1,,A
7,2014ME10664,KUCHI SRI HARSHAVARDHAN,1,,A
8,2014ME10666,MD ZAFAR ANWAR,1,,A
9,2014ME10680,RITVIK SINGH,1,,A
10,2015CE10361,PURALASETTI GOWTHAM,1,,A
11,2015CS10219,BALLA REVANTH BABU,1,,A
12,2015CS10225,DHOLE SHREYAS KIRAN,1,,A
13,2015ME20727,AYUSH KUMAR,1,,A
14,2015ME20739,KRISHAANU SYAL,1,,A
15,2010TT10974,VIPLAV SINGH,2,N,A
16,2013CE10394,SOMPALLI VENKATA KRISHNA,2,,A
17,2013CH10064,ABHISHEK KUMAR,2,N,A
18,2013CH10077,BHATRAJU CHAITANYA,2,,A
19,2013CH10096,PRAKHAR GUPTA,2,,A
20,2013CH10104,RISHABH VERMA,2,,A
21,2013CS10247,PREM RANJAN,2,,A
22,2013ME20762,ADITYA MAHAJAN,2,,A
23,2013ME20770,AYUSH KUMAR SHEOHARE,2,,A
24,2013PH10831,AMITESH SINGH,2,,A
25,2013PH10852,MOHITE ATUL TANAJI,2,,A
26,2013TT10904,ARCHIT AGARWAL,2,,A
27,2013TT10933,HIMANSHU UMARIA,2,N,A
28,2014CE10348,MUSTYALA VARUN,2,,A
29,2014CH10092,BHARGAVA BHAT,2,,A
30,2014EE10445,KASI SAI SRIKAR,2,,A
31,2014EE10489,SONALI GODARA,2,N,A
32,2014ME10653,DIVYANSH AMETA,2,,A
33,2015CE10306,AKSHAT SHARMA,2,,A
34,2015CE10362,R V PRANAY KUMAR REDDY,2,,A
35,2015CS10268,YASH GAUTAM,2,,A
36,2015ME10642,BHADORIA ADITYA AKHILESH,2,,A
37,2015ME20752,PREETAM SURESH RATHOD,2,,A
38,2013CE10322,AKSHIT CHANDRA,3,,A
39,2013CH10076,ASEEM KHANDUJA,3,,A
40,2013CS10215,AVIRAL JAIN,3,N,A
41,2013EE10438,ANSHUL JAIN,3,N,A
42,2013ME10694,MANOJ BAJAJ,3,,A
43,2013TT10898,AJAY YADAV,3,,A
44,2014BB50008,NEHA MEENA,3,N,A
45,2014CE10317,ANSHU RANJAN,3,,A
46,2014CE10350,NIMMA SANTOSH,3,,A
47,2014CE10376,SAURAV SUMAN,3,,A
48,2014CE10387,SIDDHARTH K MISRA,3,,A
49,2014ME10357,QAIM ABBAS,3,,A
50,2014ME10640,APPANA RAJA ABHISHEK,3,,A
51,2014ME10644,AVINASH KUMAR,3,,A
52,2014ME10646,BAGUSETTY NISCHAY,3,,A
53,2014MT10615,VIPUL GUPTA,3,,A
54,2015CE10367,RAJESH MEENA,3,,A
55,2015EE30501,AASHISH BHORSE,3,,A
56,2015EE30750,PRADEEP  KUMAR,3,,A
57,2013CE10327,ANAGHA SASIKUMAR,4,,A
58,2013CE10407,VEDANT SHANKAR,4,,A
59,2013CS50295,RONAK KHANDELWAL,4,,A
60,2013CS50799,SHASHANK YADAV,4,,A
61,2013EE10498,SHUBHAM,4,,A
62,2013ME10346,HARSHIT CHAUHAN,4,,A
63,2013ME10644,ANAND SWAROOP,4,,A
64,2013ME10646,ANKIT GUPTA,4,,A
65,2013ME10652,B NALIN,4,,A
66,2013MT60619,SHOBHIT MATHUR,4,,A
67,2013TT10899,AKASHJOT KAUR,4,N,A
68,2013TT10920,CHIRAG AHOOJA,4,N,A
69,2014BB10036,GANJI UMESH CHANDAN,4,,A
70,2014BB50011,S KAUSHIK YADAV,4,,A
71,2014CE10318,ANSHUL PAREEK,4,,A
72,2014CE10327,ATISH SAURAV,4,,A
73,2014EE10141,SOMYA ARORA,4,,A
74,2014EE10441,HARDIK AGARWAL,4,,A
75,2014EE30527,PIYUSH KUMAR,4,,A
76,2014EE30531,PRIYANSHI,4,,A
77,2015BB10026,AMRITANSHU,4,,A
78,2015BB50012,PRARTHANA JAIN,4,,A
