List of students registered in (IInd Semester 20162017)
Course Code : HUL261
Course Description : Introduction to Psychology
Serial No., Entry Number, Student Name, Course Group, Audit Withdrawal, Course Slot
1,2014CH10139,SHUBHAM CHANANA,1,,A
2,2014CH70174,NARENDRA KUMAR KANERIYA,1,,A
3,2014CS10234,MAYANK SHARAN,1,,A
4,2014EE10450,LOKESH KUMAR MEENA,1,,A
5,2014EE10466,PARAS CHOPRA,1,,A
6,2014EE10472,PREM ANAND,1,,A
7,2014EE10478,RAHUL KUMAR,1,,A
8,2014ME10648,BHUKYA CHARAN NAIK,1,,A
9,2014ME10668,MOHIT KUMAR,1,,A
10,2014TT10902,MANOJ KUMAR,1,,A
11,2015CE10305,ABHISHEK MOHAN MEHRA,1,,A
12,2015CE10313,ANUP PRAMOD TOTLA,1,,A
13,2015CS10222,DABBADA CHANUKYA,1,,A
14,2015ME10689,VIPUL KUMAR BALODA,1,,A
15,2015ME20709,ABHISHEK KUMAR,1,,A
16,2015ME20742,LAKSHAY BAHL,1,,A
17,2015ME20760,SANKALP KATIYAR,1,,A
18,2015ME20769,TUSHAR SAHEBRAO KANHE,1,,A
19,2014CH70165,DULERA AVIRAT DIPAK,2,,A
20,2014CH70175,NEELOTPAL NAG,2,,A
21,2014EE10442,INDERJOT SINGH SAGGU,2,,A
22,2014ME10651,DASARI VENKAT RAMANA,2,,A
23,2014ME10683,SAURAV KUMAR,2,,A
24,2014PH10808,P SUSHRUTH REDDY,2,,A
25,2014TT10919,PUSHKAR RAJ MEENA,2,,A
26,2015CS10220,BANTUPALLI SOWMITH,2,,A
27,2015CS10223,DEEPAK PATANKAR,2,,A
28,2015CS10250,ROHIT OHLAN,2,,A
29,2015ME10654,KUNAL INDRA,2,,A
30,2015ME20731,DENISH SUKHADIYA,2,,A
31,2015ME20734,HONRAO ISHVAR DHONDIBA,2,,A
32,2015ME20743,LENDEGAONKAR SAMVIDHAN,2,,A
33,2014BB10042,K VINAY,3,,A
34,2014BB10050,RANDHEER KUMAR,3,,A
35,2014BB10056,SAURABH PARIKH,3,,A
36,2014CE10356,PREMANJAN SUNA,3,,A
37,2014CE10405,YUVRAJ SURYAVANSHI,3,,A
38,2014CH10133,SHIVAM BATRA,3,,A
39,2014EE10523,NILESH KUMAR JHA,3,,A
40,2014EE30524,NISHANT NAIN,3,,A
41,2014EE30534,SANKALPANA AGRAWAL,3,,A
42,2014ME10645,AVINASH DONGRE,3,,A
43,2014MT60362,RAUNAK LOHIYA,3,,A
44,2015BB10041,KUMAR KOMALESHWARI RANI NARESH,3,,A
45,2015CE10303,ABHINAV SINGH,3,,A
46,2015CE10315,APURV ROCHAN,3,,A
47,2015CE10351,NISHANT,3,,A
48,2015CS10248,RAVINDRA SINGH LOHAN,3,,A
49,2015ME10646,FATEHDEEP SINGH WALLA,3,,A
50,2015ME10679,SAURAV KUMAR GUPTA,3,,A
51,2015ME20738,KARTIK CHOUDHARY,3,,A
52,2015ME20747,NAMAN GOYAL,3,,A
53,2015MT60551,AJAY YADAV,3,,A
54,2015MT60555,AYUSH MALPANI,3,,A
55,2013CS50300,SONI AKHIL DHARAMPRAKASH,4,N,A
56,2014BB10022,ABHI JAIN,4,,A
57,2014BB10043,KARTIKEYA SINGH,4,,A
58,2014BB10051,NEHA RANGARI,4,,A
59,2014BB10064,VATAN GOYAL,4,,A
60,2014CH10044,NAIR ABHILESH GIREESAN,4,,A
61,2014CH10090,ASHWIN BHOLA,4,,A
62,2014CS50280,ASHLEY JAIN,4,N,A
63,2014CS50296,UDAYIN BISWAS,4,,A
64,2014CS50736,KAPIL KUMAR,4,,A
65,2014EE10436,DESHANT R. FUSATE,4,,A
66,2014EE10438,DIVPREET SINGH,4,,A
67,2014EE30537,SHUBHAM MALHOTRA,4,,A
68,2014EE30545,VISHAKHA CHANDORE,4,,A
69,2014MT10602,RIMSHA KHAN,4,,A
70,2014TT10879,DIKSHA,4,,A
71,2014TT10885,HIRA DURRANI,4,,A
72,2015BB10052,PUNEET LAGOO,4,N,A
73,2015CE10304,ABHINAV KUMAR,4,,A
74,2015CE10316,ASHISH KUMAR,4,,A
75,2015CE10320,BAMBHANIYA ASHVINBHAI MANUBHAI,4,,A
76,2015CS50296,SURYA CHANDRA KALIA,4,,A
77,2015EE30526,PIYUSH BARUPAL,4,,A
78,2015MT60564,RANDHEER KUMAR GAUTAM,4,,A
