List of students registered in (IInd Semester 20162017)
Course Code : HUL265
Course Description : PERSONALITY AND SOCIETY
Serial No., Entry Number, Student Name, Course Group, Audit Withdrawal, Course Slot
1,2013CE10333,ANURAG KUMAR,1,,A
2,2013CE10357,MAHENDRA SONI,1,,A
3,2013CE10397,SUGAM BANSAL,1,,A
4,2013CH10086,LALIT PANWAR,1,N,A
5,2013CS10217,CH YUVA NAGA SAI AVINASH KARTHIK,1,,A
6,2013CS10223,HARISHCHANDRA PATIDAR,1,,A
7,2013CS10235,MANOJ KATARIA,1,,A
8,2013EE10451,DHARMENDRA CHOUDHARY,1,,A
9,2013EE10459,JADHAV SHEKHAR,1,N,A
10,2013EE10491,SANDEEP GUPTA,1,,A
11,2013ME10671,HIMANSHU SETH,1,N,A
12,2013ME20783,JITENDRA KUAMR MALI,1,,A
13,2013TT10906,ARVIND KUMAR SHARMA,1,,A
14,2014CE10334,CHIDURALA SUNNY KASHYAP,1,,A
15,2014CE10354,PRAJWAL LOHAN,1,,A
16,2014CH10128,SANKALP KUMAR MAURYA,1,,A
17,2014CH70183,SANTOSH KUMAR GOND,1,,A
18,2014CH70187,SHRIMALI JONIT BHARATBHAI,1,,A
19,2014ME10650,DAKSH MITTAL,1,,A
20,2014PH10833,TANUJ SONI,1,N,A
21,2014TT10874,BADARLA DHEERAJ,1,N,A
22,2015CE10317,ASHIT KUMAR,1,,A
23,2015CE10321,DEVENDRA SINGH MEENA,1,,A
24,2013CH10092,MANOJ KUMAR SUTHAR,2,,A
25,2013CS10207,AMAN BHATIA,2,,A
26,2013ME10719,SAURABH SINGH,2,,A
27,2013ME10722,SHASHI KUMAR,2,N,A
28,2013ME20901,ANUPENDRA SINGH,2,,A
29,2013PH10846,HARDIK GILL,2,,A
30,2013PH10861,PRAFULL KUMAR SHARMA,2,,A
31,2013TT10895,ABHINAV AGGARWAL,2,,A
32,2013TT10925,GANGA BISHAN,2,,A
33,2013TT10939,KESHAV CHAUDHARY,2,,A
34,2013TT10965,SHEFALI JINDAL,2,,A
35,2014CE10343,JAYESH ATREYA,2,,A
36,2014CH10101,HIMANSHU SINGH PARIHAR,2,,A
37,2014CH10108,KOMAL ARYA,2,,A
38,2014TT10920,RAHUL POONIA,2,,A
39,2015CE10322,DEVESH KUMAR DEWANGAN,2,,A
40,2015EE10486,SUSHANT SINGH SAROTE,2,,A
41,2013CE10313,ABHISHEK KUMAR,3,,A
42,2013CE10364,NUKALA VANYA,3,,A
43,2013CE10372,PAURUSH MITTAL,3,,A
44,2013CH10118,SAURABH MAURYA,3,,A
45,2013CH10124,SHUBHAM VISHWAKARMA,3,,A
46,2013CS10203,ADITYA SWAROOP,3,,A
47,2013EE10518,YASHWANT MEENA,3,,A
48,2013EE30559,NAKKA SUCHARITHA,3,,A
49,2013EE30560,PAGADALA AKHIL,3,,A
50,2013TT10931,HEMANT KUMAR RAI,3,,A
51,2013TT10932,HIMANSHU GOYAL,3,,A
52,2013TT10959,ROHAN MITAL,3,,A
53,2014CS10254,SHRISTI GOYAL,3,,A
54,2014CS10423,AKSHANSH CHAHAL,3,,A
55,2014EE30522,NIHAR SHERWAL,3,,A
56,2014ME10107,KARAN JINDAL,3,,A
57,2014MT10613,SUBODH PUSHKAR,3,,A
58,2014TT10952,VIKRAM SINGH,3,,A
59,2013CE10350,KARANDEEP SINGH,4,,A
60,2013CH10108,RIYA MEGHWAL,4,,A
61,2013CS50271,ABHISHEK KUMAR,4,,A
62,2013CS50272,ABHISHEK GUPTA,4,N,A
63,2013CS50287,KABIR CHHABRA,4,,A
64,2013CS50294,ROHIT,4,,A
65,2013EE10507,THALATOTI DEVAR AKHIL MANISH,4,,A
66,2013EE30547,AMAN KUMAR SRIVASTAV,4,,A
67,2013EE30549,ARPIT JAIN,4,,A
68,2013ME10651,AVDHESH MEENA,4,,A
69,2013ME10655,CHANDRESH JANGIR,4,,A
70,2013TT10971,SNIGDHA BHANDARI,4,,A
71,2014CE10304,ABHISHEK PRATAP SINGH,4,,A
72,2014CE10393,SUNIL YADAV,4,,A
73,2014CH10083,AMIT KUMAR,4,,A
74,2014CS50286,KARTAR SINGH,4,,A
75,2014TT10856,ABHINAV SAHARAN,4,,A
76,2014TT10890,KARAN SINGLA,4,,A
77,2015CE10324,GAURAV KUMAR MITTAL,4,,A
