List of students registered in (IInd Semester 20162017)
Course Code : HUL236
Course Description : AN INTRODUCTION TO DRAMA
Serial No., Entry Number, Student Name, Course Group, Audit Withdrawal, Course Slot
1,2013CE10317,ADITYA YADAV,0,N,A
2,2013CH10081,HIMANSHI GAUTAM,0,N,A
3,2013ME10662,ESHWAR SAINI,0,N,A
4,2013TT10974,UJJAWAL MALIK,0,N,A
5,2014CE10337,DHRUV SOOD,0,N,A
6,2014CH10098,GOURAV JAIN,0,N,A
7,2014CH10113,NAMAN BANSAL,0,N,A
8,2014TT10939,SHIVAM AGARWAL,0,N,A
9,2012TT10918,HIMANSHU PANWAR,1,,A
10,2013CE10389,SAURABH CHAUDHARY,1,N,A
11,2013CH10071,ANKIT KUMAR DAS,1,N,A
12,2013CH10128,SURAJ KUMAR,1,N,A
13,2013CH10131,OM PRAKASH CHOUDHARY,1,N,A
14,2013CH10241,NIKHIL SURESH CHIMURKAR,1,,A
15,2013CS10211,ANOOP KUMAR,1,,A
16,2013EE10440,ARNAV KANSAL,1,N,A
17,2013EE10477,NITISH AGARWAL,1,N,A
18,2013EE10483,PUPPALI PRANEETH GOUD,1,,A
19,2013EE10508,THOGARU UPENDRA VARMA,1,,A
20,2013ME10693,MANISH MANOHAR,1,N,A
21,2013ME10721,SAURABHDEEP SINGH DEOPURI,1,,A
22,2013ME20790,PARAS GUPTA,1,,A
23,2013ME20794,RAHEE HARDAHA,1,N,A
24,2013PH10822,AASTHA,1,N,A
25,2013PH10842,ATUL,1,N,A
26,2013PH10855,NANDIKATLA TEJA SURYA,1,N,A
27,2013PH10864,RISHABH MALLIK,1,N,A
28,2013PH10879,UTKARSH DETHA,1,,A
29,2013PH10882,YATEE GUPTA,1,,A
30,2013TT10916,BIKASH DAS,1,,A
31,2013TT10945,PANKAJ KUMAR JAIN,1,N,A
32,2013TT10955,RAKESH KUMAR,1,,A
33,2014CH10116,PRASHANT ARYA,1,N,A
34,2014CS10219,GANGASANI SAI SRIMANTH,1,,A
35,2014CS10222,HARSHIL R MEENA,1,,A
36,2014CS10246,PRAGNESH JOGADIYA,1,,A
37,2014PH10818,ROHIT RATHI,1,N,A
38,2015ME10638,AYUSH RAI,1,,A
39,2010TT10909,ARUN KUMAR,2,N,A
40,2012CH10078,AVINASH SHISHIR KHALKHO,2,N,A
41,2012EE10464,MOHAMED FASIL C P,2,,A
42,2012ME20803,SIRRA ABHINAV PRAKASH,2,N,A
43,2013CE10320,AJAY BHARGAV ALLI,2,N,A
44,2013CH10122,SHOURI SRINIVAS CHIKKERUR,2,N,A
45,2013CS10231,KARTIKEYA GUPTA,2,,A
46,2013ME10672,HIMANSHU KUMAR,2,N,A
47,2013ME10739,VIGHNESH SABLOK,2,N,A
48,2013ME20766,ANKUR KUMAR,2,N,A
49,2013ME20780,HIMANSHU BHARGAVA,2,N,A
50,2013ME20805,UJJAWAL GUPTA,2,N,A
51,2013PH10843,DASHMEET SINGH ISSER,2,N,A
52,2013PH10858,NEHA,2,,A
53,2013PH10881,VISHAL KUMAR,2,N,A
54,2013TT10893,AAYUSHI AGARWAL,2,,A
55,2013TT10928,GULSHAN KUMAR KALWAR,2,,A
56,2013TT10947,PARICHAY JINDAL,2,,A
57,2013TT10957,RIJUL AHUJA,2,N,A
58,2014CE10339,GAURAV ATTRI,2,,A
59,2014CH70161,AYUSHI CHAUDHARY,2,N,A
60,2014CH70173,NAHUSH GOLAIT,2,N,A
61,2014CS10217,DHAIRYA SANDHYANA,2,,A
62,2014CS10253,SHARDUL TRIPATHI,2,,A
63,2012CH10127,SUMIT KUMAR SINGH,3,N,A
64,2012EE10471,RAMIT DAS,3,N,A
65,2012MT50598,KRISHNKANT MEENA,3,N,A
66,2012TT10708,RAVINDER KUMAR,3,,A
67,2013BB50019,KUMAR SAHAJ,3,,A
68,2013BB50036,SHAILLY DHARAWAT,3,,A
69,2013CE10366,ONKAR NAVANATH GHORPADE,3,N,A
70,2013CE10951,PRIYAL MOTWANI,3,N,A
71,2013CH10095,PARAKH AGARWAL,3,N,A
72,2013CH10100,RAJAT PUNIA,3,N,A
73,2013CH10103,RAVI KUMAR,3,,A
74,2013CH10123,SHRUTI GOYAL,3,N,A
75,2013CS10362,NIKHIL PRATAP,3,N,A
76,2013EE10446,BOMMINENI SRINATH REDDY,3,N,A
77,2013EE10495,SHUBHAM MEENA,3,,A
78,2013EE10501,SIRABOINA KSHITHESH,3,,A
79,2013EE30550,ASHUTOSH KUMAR,3,,A
80,2013EE30568,TANYA SABOO,3,N,A
81,2013EE30571,SHIVPAL CHAUDHARY,3,,A
82,2013ME10670,HIMANSHU YADAV,3,N,A
83,2013ME10686,KUNAL JAIN,3,N,A
84,2013ME10698,NARENDRA KUMAR MEENA,3,,A
85,2013ME20787,MANISHA MEENA,3,N,A
86,2013MT60607,ONKAR SIYAG,3,N,A
87,2013TT10914,BALJOT SINGH,3,,A
88,2013TT10937,KARAN YADAV,3,N,A
89,2013TT10963,SHALU RAWAT,3,N,A
90,2014CE10390,SUMIT SHARMA,3,,A
91,2014CH10127,SAMARTH JAISWAL,3,,A
92,2014CS10209,ANIKET AMBAR BAJPAI,3,N,A
93,2014EE10710,AKSHIT TYAGI,3,N,A
94,2014ME10628,ADITYA SINGH,3,,A
95,2014ME10642,ASHISH GAUTAM,3,,A
96,2015BB10043,MALLIKA SINGLA,3,,A
97,2011CE10299,SHUBHAM GAUR,4,N,A
98,2011CH70143,AKSHAT SINGHAL,4,N,A
99,2012CH10088,GURINDER SINGH,4,N,A
100,2012CH70189,YASH KUMAWAT,4,N,A
101,2012CS50297,SANJAY BENIWAL,4,N,A
102,2012EE50546,BASANT SINGH,4,,A
103,2013BB50010,DEVENDRA SINGH,4,N,A
104,2013BB50018,KSHITIJ RAI,4,N,A
105,2013BB50020,KUNAL CHAUDHARY,4,N,A
106,2013BB50033,SAQIB ANSARI,4,,A
107,2013BB50039,SHUBHAM CHAWLA,4,,A
108,2013CE10371,PANKAJ KUMAR,4,N,A
109,2013CE10391,SHISHIR SHARMA,4,N,A
110,2013CH10069,AMAN KHANDELWAL,4,N,A
111,2013CH10078,BURUJULA HARISH KUMAR,4,N,A
112,2013CH10115,SARTHAK SAINI,4,,A
113,2013CS50277,ANAGH PRASAD,4,,A
114,2013CS50290,MANAV JINGER,4,,A
115,2013EE10435,AKSHAY SINGLA,4,N,A
116,2013EE10439,ARMAAN SINGH BHULLAR,4,N,A
117,2013EE10447,BURRA VAMSI KRISHNA YADAV,4,N,A
118,2013EE10452,DIVYANSH SRIVASTAVA,4,,A
119,2013EE10461,JAVED ALI,4,N,A
120,2013EE10463,KANDULA DINESH,4,N,A
121,2013EE10484,PYATLA SHARATH CHANDRA,4,N,A
122,2013EE10515,VIKAS BHASKAR,4,,A
123,2013EE30544,AKASH GAUTAM,4,,A
124,2013EE30546,AKSHAY KAROL,4,N,A
125,2013EE30554,HARSH SHARMA,4,N,A
126,2013EE30558,MOHD ADIL,4,N,A
127,2013ME10653,BANAVATH ROOPESH,4,,A
128,2013ME10656,CHEEKATI RAKESH BABU,4,N,A
129,2013ME10658,DARPAN,4,N,A
130,2013ME10663,GHANENDRA PRATAP SINGH,4,N,A
131,2013MT60582,ADITYA NARAYAN SINGH,4,N,A
132,2013MT60604,MUKESH BHATI,4,,A
133,2013MT60627,YUVRAJ SINGH,4,,A
134,2013TT10891,AASHNA MEHRA,4,N,A
135,2013TT10930,HARSH KRISHAN VERMA,4,,A
136,2013TT10943,LALIT KUMAR,4,,A
137,2014CE10353,PAWAN JOON,4,,A
138,2014CE10379,SHIVAM KOUSHAL,4,N,A
139,2014CE10384,SHUBHAM CHAUDHARY,4,N,A
140,2014CS50292,RACHIT ARORA,4,N,A
141,2014MT10604,ROHIT,4,N,A
