List of students registered in (IInd Semester 20162017)
Course Code : HUL234
Course Description : LANGUAGE AND COMMUNICATION
Serial No., Entry Number, Student Name, Course Group, Audit Withdrawal, Course Slot
1,2013CH70167,RAUT PAWAN VILAS,1,N,M
2,2013ME20765,AMIT BHARGAVA,1,N,M
3,2013TT10938,KARISHMA DHAKAD,1,N,M
4,2015CE10309,ANAND RAJ,1,,M
5,2015CE10329,ISHANT GEHI,1,,M
6,2015CH10945,SURBHI  JAIN,1,,M
7,2015CH70187,SIMAR KAUR MATTEWAL,1,,M
8,2015CH70189,SUHANI AGARWAL,1,,M
9,2015CS10461,MANJEET  KUMAR,1,,M
10,2015EE10429,AKASH KESHARI,1,,M
11,2015ME10662,MOHIT AGARWAL,1,,M
12,2015ME10899,JASLEEN  KAUR,1,,M
13,2015ME20721,ANSHIT KUMAR,1,N,M
14,2015ME20724,ARCHIT MATTA,1,,M
15,2015ME20733,HARSHVARDHAN,1,,M
16,2015ME20763,SHOBHIT MITTAL,1,,M
17,2015TT10933,SAHIL KUMAR KARGWAL,1,,M
18,2013ME20769,AVINASH SHARMA,2,N,M
19,2014EE10454,MANMOHAN MEENA,2,N,M
20,2015CE10346,NAVEEN CHOUDHARY,2,,M
21,2015CE10374,SATEESH KUMAR MEENA,2,,M
22,2015CS10241,OM PATEL,2,,M
23,2015EE10422,ABHILASH SONI,2,,M
24,2015ME10666,PRAKHAR KUMAR MAHOBIA,2,,M
25,2015ME10678,SAURABH KUMAR,2,,M
26,2015ME10687,VAIBHAV KEJRIWAL,2,,M
27,2015ME20716,AMOGH GUPTA,2,,M
28,2015ME20719,ANIMESH JAIN,2,,M
29,2015ME20728,BHAGYAM CHOUDHARY,2,,M
30,2015PH10806,KARTIK AGARWAL,2,,M
31,2015TT10860,ADITYA GERA,2,,M
32,2013ME10723,SHIKHAR NIGAM,3,N,M
33,2015BB10023,ADHHAYAN,3,,M
34,2015BB10063,UTSAV CHAWLA,3,,M
35,2015BB50005,INDHANA DIVYA JAYASREE,3,,M
36,2015CE10311,ANKIT SONI,3,,M
37,2015CE10359,PUNEET SINDHU,3,,M
38,2015CH10109,MILIND DHANRAJ ZODE,3,,M
39,2015CS10233,KARRA AKHILESH,3,,M
40,2015CS10236,MANU MITRAAN K,3,,M
41,2015CS10239,MUKUND MUNDHRA,3,,M
42,2015CS10242,PARTH SINGH,3,,M
43,2015EE30503,ABHISHEK VERMA,3,,M
44,2015EE30509,AYUSH JOSHI,3,,M
45,2015EE30513,DEEPANSHU RATHI,3,,M
46,2015EE30521,MOHAMMAD ALI KHAN,3,,M
47,2015EE30533,SACHIN KUMAWAT,3,,M
48,2015ME20717,ANDIBOYINA SAI VAMSI,3,,M
49,2015ME20726,AYUSH JINDAL,3,,M
50,2015ME20729,BHAVYA KAUSHIK,3,,M
51,2015MT10595,CHARVI NAHAR,3,,M
52,2015MT10607,PRAKHAR SINGH,3,,M
53,2015MT10615,SUMEET KHANDELWAL,3,,M
54,2015MT60557,BHUVNESH KHANDELWAL,3,,M
55,2015TT10853,ABHIGYAN SRIVASTAV,3,,M
56,2015TT10897,HARSHVARDHAN ARORA,3,,M
57,2015TT10947,SUSHANT KUMAR,3,,M
58,2013CH10072,ANKITA SINGH,4,N,M
59,2013CH10089,MANISH KRISHNA BHAT,4,N,M
60,2014EE10427,ANIRBAN MUKHOPADHYAY,4,N,M
61,2015BB10022,ABHISHEK KUMAR SAHU,4,,M
62,2015CE10312,ANUBHUTI AGARWAL,4,,M
63,2015CE10360,PUNEET KUMAR,4,,M
64,2015CE10368,RAM PRATAP SINGH TOMAR,4,,M
65,2015CH10082,AMITESH RATHI,4,,M
66,2015CH10098,DIVYA SINGH,4,,M
67,2015CH10122,PULKIT SRIVASTAVA,4,,M
68,2015CH10138,SUSHREE JAGRITI SAHOO,4,,M
69,2015CH10385,SHUBHIKA  JAIN,4,,M
70,2015EE30502,ABHAY SINGH,4,,M
71,2015EE30506,ADITYA SINGHAL,4,,M
72,2015EE30514,DIGVIJAI SINGH,4,,M
73,2015EE30516,DIVYANSH SHUKLA,4,,M
74,2015MT10592,AVANEEP GUPTA,4,,M
75,2015MT10598,DRASHTI KHATSURIYA,4,,M
76,2015MT10610,RIDAM MAHESHWARI,4,,M
77,2015TT10906,LAKHAN KUMAR VIJAYVARGIYA,4,,M
