List of students registered in (IInd Semester 20162017)
Course Code : HUL211
Course Description : INTRODUCTION TO ECONOMICS
Serial No., Entry Number, Student Name, Course Group, Audit Withdrawal, Course Slot
1,2014ME10684,SHALINEE KUMARI MEENA,1,N,A
2,2015CE10357,PUKHRAJ MEENA,1,,A
3,2015CE10365,RAJAT KUMAR,1,,A
4,2015CS10258,SHIV KUMAR MARKAM,1,,A
5,2015CS10261,SUMAN KUMAR,1,,A
6,2015CS10341,MOHAMMAD  WASIH,1,,A
7,2015ME10632,ALOK MEENA,1,,A
8,2015ME10647,GAURAV KUMAR,1,,A
9,2015ME10650,JATIN BANSAL,1,,A
10,2015ME10656,LOKESH KUMAR CHANDOLIYA,1,,A
11,2015ME10659,MEHUL MURADIA,1,,A
12,2015ME10674,SAHIL SINGH MALIK,1,,A
13,2015ME10677,SAURABH AGARWAL,1,,A
14,2015ME10683,SHUBHAM,1,,A
15,2015ME20745,MATA PRASAD,1,,A
16,2015ME20772,YASHASWI RATAN,1,,A
17,2013EE10436,AMANDEEP ARORA,2,N,A
18,2013EE10505,TARUN AGARWAL,2,N,A
19,2015CE10366,RAJAT YADAV,2,,A
20,2015CS10265,V ANOOP,2,,A
21,2015EE30152,AKASH  GOYAL,2,,A
22,2015ME10627,ABHAYRAJ SINGH MEENA,2,,A
23,2015ME10633,AMIT KUMAR SAHU,2,,A
24,2015ME10657,LOKRAJ MEENA,2,,A
25,2015ME10660,MOHIT KHINCHI,2,,A
26,2015ME10669,PRATEEK BHARTI,2,,A
27,2015ME10672,RAGHU KUMAR YADAV,2,,A
28,2015ME10693,YOGESH KUMAR KALAWAT,2,,A
29,2015ME20740,KUDAPA MILIND CHOWDARY,2,,A
30,2015ME20746,MOHIT DALAL,2,,A
31,2015ME20758,SAHIL KHOKHAR,2,,A
32,2015ME20770,UTKARSH VARDHAN,2,,A
33,2015MT10725,ASHISH  GUPTA,2,,A
34,2015BB10021,ABHINAV ARORA,3,,A
35,2015BB10033,EASH SHARMA,3,,A
36,2015BB10051,PRINCE AGRAWAL,3,,A
37,2015BB50009,DHAVAL RAKESH NARWANI,3,,A
38,2015CE10331,JAY PRAKASH PATIDAR,3,,A
39,2015CS10263,SWAPNIL DAS,3,,A
40,2015EE30121,PRAKHAR  AGRAWAL,3,,A
41,2015EE30505,ADITI NEEMA,3,,A
42,2015EE30507,AISHWARY SRIVASTAVA,3,,A
43,2015EE30515,DIVYA CHARAN,3,,A
44,2015EE30525,PARIKSHIT PAYAL,3,,A
45,2015EE30529,PRANJAL GUPTA,3,,A
46,2015ME10628,AKASH KUMAR,3,,A
47,2015ME10658,MAYANK MAHAWAR,3,,A
48,2015ME20714,AMAN NEGI,3,,A
49,2015ME20741,KULKARNI INDRANEEL MUKUND,3,,A
50,2015ME20753,RAJAT KHARBANDA,3,,A
51,2015ME20756,ROHIT KUMAR,3,,A
52,2015ME20759,SANJAY SINGH KHADDA,3,,A
53,2015MT10591,ARYAN DIGWAL,3,,A
54,2015MT60113,NABEEL  JAVED,3,,A
55,2013EE10476,N S BHARATH,4,N,A
56,2013ME10650,ASHISH SINGH,4,N,A
57,2014BB10028,ANURAG DANI,4,N,A
58,2014BB10041,JATIN KOHAR,4,N,A
59,2015BB10024,AISHVI JAIN,4,,A
60,2015BB10034,GUDDU KUMAR,4,,A
61,2015BB10046,PAHADE ASMITA KAMALKUMAR,4,,A
62,2015BB10050,PRAJJWAL SIHAG,4,,A
63,2015BB50004,DIVYA GARG,4,,A
64,2015BB50010,NITESH CHAUDHARY,4,,A
65,2015CE10336,LAXMIKANT,4,,A
66,2015CE10344,NADEESH BHARDWAJ,4,,A
67,2015CE10356,PRAMOD KUMAR MAHICH,4,,A
68,2015CS50283,GAURAV YADAV,4,,A
69,2015CS50288,PALLA SAI BHARATH,4,,A
70,2015CS50289,PANKAJ SAINI,4,,A
71,2015CS50290,SAMBANA ROHITH,4,,A
72,2015CS50295,SUDEEP AGARWAL,4,,A
73,2015EE30510,AYUSHI GARG,4,,A
74,2015EE30524,NISHANT KUMAR SHARMA,4,,A
75,2015EE30528,PRANAV VERMA,4,,A
76,2015EE30530,PRASHANT ANAND,4,,A
77,2015MT10584,ABHISHEK KUMAR YADAV,4,,A
78,2015MT10594,BARINDERPREET SINGH,4,,A
79,2015MT10182,RIBHAV  GAUR,0,N,H
80,2015CE10369,RIYA ARORA,1,,H
81,2015CE10402,VINOD SINGH CHAUDHARY,1,,H
82,2015CS10210,AMAN AGRAWAL,1,,H
83,2015CS10237,MAYANK ANEJA,1,,H
84,2015CS10246,RAGHAV GARG,1,,H
85,2015CS10252,RONAK AGARWAL,1,,H
86,2015CS10264,TANMAY BANSAL,1,,H
87,2015CS10267,VIPIN RAO,1,,H
88,2015ME10390,SUMIT  MAHLAWAT,1,,H
89,2015ME10665,PIYUSH KUMAR SAINI,1,,H
90,2015ME10668,PRANJAL SINGH,1,,H
91,2015ME10671,PULKIT GARG,1,,H
92,2015ME10680,SHASHANK SAXENA,1,,H
93,2015MT60373,SANDEEP  KUMAR,1,,H
94,2013CH70183,SUDHANSHU SHEKHAR,2,N,H
95,2014PH10804,MUDIT GARG,2,N,H
96,2015CE10342,MOHD DANISH,2,,H
97,2015CE10350,NIKHIL CHAUHAN,2,,H
98,2015CE10399,VARUN GUPTA,2,,H
99,2015CH10100,HARNEET SINGH,2,,H
100,2015CH10128,SHASHWAT SINGH,2,N,H
101,2015CH10144,VINAYAK GUPTA,2,,H
102,2015CH70184,SARTHAK KALA,2,,H
103,2015CS10229,J ROSHAN NAIK,2,,H
104,2015CS10235,MADHUR SINGHAL,2,,H
105,2015CS10238,MEHAK PREET DHALIWAL,2,,H
106,2015CS10247,RAHUL AGARWAL,2,,H
107,2015CS10253,SAGAR GOYAL,2,,H
108,2015CS10256,SARTHAK MISHRA,2,,H
109,2015CS10259,SHOBHIT GUPTA,2,,H
110,2015CS10262,SUYASH AGRAWAL,2,,H
111,2015EE30761,SANYAM  GUPTA,2,,H
112,2015ME10108,MANAS  JOSHI,2,,H
113,2015ME10354,PARAS  GUPTA,2,,H
114,2015ME10383,SHUBHAM  SINGLA,2,,H
115,2015ME10636,ARTH JAIN,2,,H
116,2015ME10663,NEERAJ KUMAR,2,,H
117,2015ME10675,SANYAM AGARWAL,2,,H
118,2012TT10986,KAMAL KUMAR,3,N,H
119,2015BB10027,ANJALI CHOURDIA,3,,H
120,2015BB10029,ARNAV KARAN,3,,H
121,2015BB10057,SAMYAK JAIN,3,,H
122,2015CE10339,MEDINI TOLPADI,3,,H
123,2015CS10254,SAKET DINGLIWAL,3,,H
124,2015CS10257,SEELAM LAKSHMI SAI KRISHNA,3,,H
125,2015EE30517,HARSH MAHESHWARI,3,,H
126,2015EE30523,NIMISH MANGAL,3,,H
127,2015EE30537,SARTHAK TYAGI,3,,H
128,2015EE30649,HARSH HEMANT  MALARA,3,,H
129,2015ME10640,AYUSH GARG,3,,H
130,2015ME10652,KARTIK GUPTA,3,,H
131,2015ME10664,NIKHIL GARG,3,,H
132,2015ME10670,PULKIT AGARWAL,3,,H
133,2015ME10682,SHUBHAM RAJ TOMAR,3,,H
134,2015ME10685,SONAL GAUTAM,3,,H
135,2015ME10688,VINAY,3,,H
136,2015MT60567,SIDDHARTH KHERA,3,,H
137,2013CS50702,PRANJAL MAHESHWARI,4,N,H
138,2013EE30572,SHREY BHALA,4,N,H
139,2015BB10030,ASHWIN GARG,4,,H
140,2015BB10038,MIHIR CHANDRASHEKHAR JAIN,4,,H
141,2015CE10328,HEMANT GOYAL,4,,H
142,2015CE10332,KILLI SUJIT KUMAR,4,,H
143,2015CH10130,SHUBHAM,4,,H
144,2015CS10424,ABHISHEK  PATHAK,4,,H
145,2015CS10600,KACHAM  PRANEETH,4,,H
146,2015CS50278,ANKUR SHARMA,4,,H
147,2015CS50280,CHAKSHU GOYAL,4,,H
148,2015CS50282,DISHANT SINGLA,4,,H
149,2015CS50285,KASHISH BANSAL,4,,H
150,2015CS50287,NIKHIL GOYAL,4,,H
151,2015EE30532,ROBIN BANSAL,4,,H
152,2015EE30542,TANMAY THAREJA,4,,H
153,2015EE30544,VIJAY SHANKER DUBEY,4,,H
154,2015ME10110,MOHD  BABAR,4,,H
155,2015MT60562,NIKHIL KUMAR AGRAWAL,4,,H
156,2015MT60568,TARUN GUPTA,4,,H
