List of students registered in (IInd Semester 20162017)
Course Code : HUL256
Course Description : CRITICAL THINKING
Serial No., Entry Number, Student Name, Course Group, Audit Withdrawal, Course Slot
1,2012CH70161,KUMAR SHANU,0,N,A
2,2013CS10205,AKSHIT TREHAN,1,,A
3,2013CS10212,ANUPAM KHANDELWAL,1,,A
4,2013CS10245,PRAKHAR GUPTA,1,,A
5,2013CS10246,PRATEEK KUMAR VERMA,1,,A
6,2013CS10251,ROHAN DAS,1,,A
7,2013ME10712,RISHABH BAID,1,,A
8,2013ME10714,RISHABH BANSAL,1,,A
9,2013ME10737,VARAN GUPTA,1,,A
10,2013ME10859,PRABHU PRASAD PANDA,1,,A
11,2013TT10970,SILKY JAIN,1,,A
12,2014CE10319,ANSHUL TITORIA,1,,A
13,2014CS10204,ABHISHEK SANGWAN,1,,A
14,2014EE10444,KARAN KUMAR KOLI,1,,A
15,2014EE10481,SAMMETA ANUDEEP,1,,A
16,2014PH10830,SUBRAMANYA UTTAM GANTI,1,,A
17,2014TT10929,RUCHI CHURIWALA,1,,A
18,2014TT10946,TWINKLE JANAGAL,1,,A
19,2015ME10626,AAKASH MANGLA,1,,A
20,2015ME10629,AKASH PARDASANI,1,,A
21,2013CS10228,JEETU RAJ,2,,A
22,2013EE10460,JASKIRAT SINGH,2,,A
23,2013EE10496,SHUBHAM NIRBHAY,2,,A
24,2013EE10503,SUMIT KUMAR,2,,A
25,2013EE10516,YASH JAIN,2,,A
26,2013PH10878,UJJWAL AGARWAL,2,,A
27,2014ME10669,NAVNEET NITESH,2,,A
28,2014TT10924,RASHI GUPTA,2,,A
29,2015CS10205,ABHISHEK SINGH,2,,A
30,2015ME10630,AKHILESH VERMA,2,,A
31,2015ME10648,HARDEEP SINGH,2,,A
32,2013CS10209,ANIKET KHANDELWAL,3,,A
33,2013CS10220,FARAN AHMAD,3,,A
34,2013CS10253,SAHIL JINDAL,3,,A
35,2013CS10258,SHUBHAM RAWAT,3,,A
36,2013EE10482,PULKIT SHARMA,3,,A
37,2013EE30543,ADITYA PORWAL,3,,A
38,2013ME10679,KARAN GOYAL,3,N,A
39,2013ME10725,SHUBHAM KUMAR PRAJAPATI,3,,A
40,2013ME20791,POORNIMA VERMA,3,N,A
41,2013ME20806,YASH NALWAYA,3,,A
42,2014BB10021,ABHAY KAROL,3,,A
43,2014CE10311,AMAN GUPTA,3,,A
44,2014CE10332,BRAJ KANT,3,,A
45,2014CH10882,GUNJAN,3,,A
46,2014CS10227,KARAN DWIVEDI,3,,A
47,2014EE30505,DEEPAK KORKU,3,,A
48,2014EE30512,HARSH VERMA,3,,A
49,2014EE30519,MUKUL,3,,A
50,2014ME10399,TUSHAR SHANI,3,,A
51,2014ME10633,AMIT KUMAR MUNDA,3,,A
52,2014ME10638,ANKIT PARASHAR,3,,A
53,2014MT60566,SHUBHAM PALIWAL,3,,A
54,2014TT10922,RAMESHWAR KUNKANA,3,,A
55,2014TT10923,RANI SINGH,3,,A
56,2015BB10053,RAHUL KHETAN,3,,A
57,2015EE10467,RAUNAK GAUTAM,3,,A
58,2015ME10637,ATA UL HAQUE,3,,A
59,2015ME20711,AJAYENDRA SINGH,3,,A
60,2013CE10347,HEMENDRA,4,N,A
61,2013CS50274,ABHISHEK KHUNTWAL,4,,A
62,2013CS50289,MAKADIA DHRUVANG NAVINBHAI,4,,A
63,2013CS50297,SACHIN KUMAR,4,,A
64,2013EE10506,TARUN KUMAR,4,,A
65,2013EE30551,ASHUTOSH S MARWAH,4,,A
66,2013EE30557,KARAN VARSHNEY,4,,A
67,2013EE30566,RONAK ASHARAM MEENA,4,N,A
68,2013ME10117,SAUHARD GUPTA,4,,A
69,2013ME10665,GOLU AGRAWAL,4,,A
70,2013TT10936,KARAN GUPTA,4,,A
71,2014CE10330,B CHANDRAKANTH,4,,A
72,2014CE10360,RAJESH NARRAVULA,4,,A
73,2014CE10403,VISHAL ANAND,4,,A
74,2014EE30535,SHIVAM ASATI,4,,A
75,2015BB10064,VANISHA,4,,A
76,2015EE30508,ARPIT BANKAWAT,4,,A
77,2015MT10560,HULLAS  JINDAL,4,,A
78,2015MT10588,AMIT MEENA,4,,A
