List of students registered in (IInd Semester 20162017)
Course Code : HUL307
Course Description : FANTASY LITERATURE
Serial No., Entry Number, Student Name, Course Group, Audit Withdrawal, Course Slot
1,2013CE10368,PADALA SURESH KUMAR,0,N,J
2,2012MT50590,BHARAT JOSHI,1,N,J
3,2013CS10773,BARUN PATRA,1,,J
4,2013ME10724,SHREYAS GARG,1,N,J
5,2014CE10060,SIDDHARTH CHAUHAN,1,N,J
6,2014CS10231,KSHITIJ CHOUDHARY,1,,J
7,2016cs19013,ADITYA JOSHI,1,N,J
8,2013CE10412,VIPLOVE CHAUDHARY,2,N,J
9,2013PH10860,PRACHI KHATRI,2,N,J
10,2013PH10871,SHREYAS PADHY,2,,J
11,2014EE10482,SAUMAV KAPOOR,2,,J
12,2014TT10866,ANKIT,2,,J
13,2013BB50038,SHREYA PAL,3,N,J
14,2013EE10437,ANMOL GUPTA,3,,J
15,2013EE10504,SURAG NAIR,3,,J
16,2013MT60589,ARSHDEEP SINGH GULATI,3,N,J
17,2014CH10093,DEEVANSHU GOYAL,3,,J
18,2014CH10105,KANHA BATRA,3,,J
19,2014EE30188,SHWETANK GUPTA,3,,J
20,2014ME20753,RAVI KUMAR CHOUDHARY,3,,J
21,2013CS50275,AKSHAY KUMAR GUPTA,4,,J
22,2013EE10444,BHAVYA BANDARU,4,,J
23,2013EE10480,POTNURU KISHEN SURAJ,4,,J
24,2013EE30570,SHASHWAT SHIVAM,4,,J
25,2013TT10946,PARAS AGGRWAL,4,,J
26,2014CH10075,ADVAIT SUHAS HOLKAR,4,,J
27,2014CH10084,APOORV KATIYAR,4,,J
28,2014CS50289,PRACHI SINGH,4,,J
29,2014CS50599,PRAVEEN P KULKARNI,4,,J
30,2014EE10426,ANANT KUMAR SINGH,4,N,J
31,2014EE10428,ANUJ MITTAL,4,,J
