List of students registered in (IInd Semester 20162017)
Course Code : HUL356
Course Description : BUDDHISM ACROSS TIME AND PLACE
Serial No., Entry Number, Student Name, Course Group, Audit Withdrawal, Course Slot
1,2013MT60610,RAHUL KUMAR RATHORE,0,N,M
2,2013CH10087,MADHAV AGRAWAL,1,,M
3,2013ME10705,PRITAM KUMAR,1,,M
4,2013PH10823,ABHISHEK SAHGAL,1,,M
5,2013TT10941,KUMAR RISHABH,1,,M
6,2013TT10950,PREM CHAND MEENA,1,N,M
7,2014CE10371,ROHIT YADAV,1,,M
8,2014CS10258,SOURAV DAS,1,,M
9,2014ME10690,TALLAPALLI HUSSAIN KUMAR,1,,M
10,2014ME20725,GAURAV SINGH,1,,M
11,2013CH70148,ALOK SINGH KUSHWAH,2,,M
12,2013CS10239,NANAVATH BHARATH NAYAK,2,,M
13,2013EE10456,GAURAV NAMA,2,,M
14,2013ME10673,HIMANSHU KUGESIYA,2,,M
15,2013ME10743,YASHWARDHAN BURAD,2,,M
16,2013TT10954,RAJESH KUMAR NAGAR,2,,M
17,2014ME10679,RITHUL.P,2,,M
18,2012BB50033,RAGHAV KUMAR,3,N,M
19,2013EE30542,ABHIJEET YADAV,3,,M
20,2013ME10674,HITESH CHAUHAN,3,,M
21,2014BB10065,VIJAYANT PRATAP,3,,M
22,2014CH10142,SORTE JANHAVI RAJENDRA,3,,M
23,2014CS10218,DIVYANSH,3,,M
24,2014EE30526,PANKAJ SANODIYA,3,N,M
25,2014ME20724,DHRUV GUPTA,3,,M
26,2014ME20759,S PARDHU NIHAR,3,,M
27,2013CE10380,RAHUL SINGH,4,,M
28,2013CS50283,DHARMBIR YADAV,4,,M
29,2013ME10645,ANIMESH SINGH,4,,M
30,2013ME10668,HARI GOPAL RASTOGI,4,,M
31,2014BB10053,SATYAJEET KUMAR,4,,M
32,2014CH10074,ABHISHEK AGGARWAL,4,,M
