List of students registered in (IInd Semester 20162017)
Course Code : HUL375
Course Description : THE SOCIOLOGY OF RELIGION
Serial No., Entry Number, Student Name, Course Group, Audit Withdrawal, Course Slot
1,2013PH10836,ANNU KUMAR TIGGA,1,N,J
2,2013PH10869,SHAUNAK SANJAY THAKAR,1,,J
3,2014CE10316,ANKUSH THALIA,1,,J
4,2014CS10213,AYUSHYA RAJ,1,,J
5,2014ME10670,NISHANT ATTRI,1,,J
6,2014ME20731,HARSHVARDHAN SINGH,1,,J
7,2014CE10378,SHEIK MOHAMMED YAHYA S,2,,J
8,2014CS10202,ABHIJEET ANAND,2,N,J
9,2014ME10658,HARSHIT KUMAR,2,,J
10,2014ME10675,RAKESH SHARMA,2,,J
11,2014ME10677,RAVURI SUMANTH,2,,J
12,2014ME10681,SAHIL MALIK,2,,J
13,2014ME10693,VINAY BORIWAL,2,,J
14,2014ME20729,GOURAV KAMBOJ,2,,J
15,2014ME20745,PRASHANT KUMAR MEENA,2,,J
16,2014PH10819,SAKSHAM AGARWAL,2,,J
17,2013CE10337,BHAVYA ACHARYA,3,,J
18,2013CE10399,SUMIT BANSAL,3,,J
19,2013CS10221,GAURAV JARWAL,3,N,J
20,2013EE30541,AASTHA TANWAR,3,,J
21,2014CE10395,SURAJ KUMAR,3,,J
22,2014CH10102,HIMANSHU KUMAR,3,,J
23,2014CS10212,ARYAN GARG,3,,J
24,2014CS10230,KRITARTH,3,,J
25,2014ME10632,AKSHAY DESHWAL,3,,J
26,2014ME10635,ANAND SANGWAN,3,,J
27,2014ME10643,ATUL KUMAR,3,,J
28,2013BB50047,YATISH AGRAWAL,4,,J
29,2013CH10121,SHASHWAT VERMA,4,N,J
30,2014CH10072,ABHIMANYU BALYAN,4,,J
31,2014EE30007,MITHOOL JAIN,4,,J
32,2014EE30168,JISHNUDEEP KAR,4,,J
