List of students registered in (IInd Semester 20162017)
Course Code : HUL360
Course Description : SELECTED TOPICS IN PHILOSOPHY
Serial No., Entry Number, Student Name, Course Group, Audit Withdrawal, Course Slot
1,2013CE10408,VIKASH AGARWAL,0,N,J
2,2013PH10854,NAKADE UDAY JAGDISH,0,N,J
3,2011TT10951,RAVI PRAKASH SHARMA,1,N,J
4,2013CH10067,ADITYA KOTIA,1,,J
5,2013CH70163,NAKUL BAHMANIA,1,,J
6,2013CS10222,GURSHARANPREET SINGH,1,,J
7,2013CS10254,SAKSHAM GUPTA,1,,J
8,2013EE10473,MIHIR DHALIA,1,,J
9,2013ME20776,DEEPAK SARAWAG,1,,J
10,2013PH10856,NAVEEN YADAV,1,,J
11,2014ME10682,SAMBHAV JAIN,1,,J
12,2013CH70160,MANIKA NARULA,2,,J
13,2013CS10226,HOMESH RAWAT,2,N,J
14,2013CS10240,NANUMASA MANOJ DEVENDER GOUD,2,,J
15,2013CS10252,SAHIL YADAV,2,,J
16,2013CS10259,SUMIT KUMAR,2,N,J
17,2013EE10475,MYLAVARAM SREEVATSA SAURABH,2,,J
18,2013EE10493,SARTHAK VIJAY,2,,J
19,2013PH10185,SUSHRUT GHONGE,2,N,J
20,2013PH10821,AAKASH BHAT,2,,J
21,2013PH10830,AMEEK MALHOTRA,2,,J
22,2013EE10433,AKASH TANWAR,3,,J
23,2013MT60597,HARSHDEEP GUPTA,3,,J
24,2013CE10335,ATUL KUMAR SINGH,4,,J
25,2013CE10345,HARIOM MEENA,4,,J
26,2013CH10093,NAMRAN PAN,4,,J
27,2013CH10120,SHANKHABRATA NAG,4,,J
28,2013EE10497,SHUBHAM SIKKA,4,,J
29,2013ME10648,ANURAG ACHARYA,4,,J
30,2013TT10953,RAJAT KUMAR SURANA,4,,J
31,2014CS50288,MOMIN MAHDIHUSAIN,4,N,J
