List of students registered in (IInd Semester 20162017)
Course Code : HUL380
Course Description : SELECTED TOPICS IN SOCIOLOGY
Serial No., Entry Number, Student Name, Course Group, Audit Withdrawal, Course Slot
1,2013CE10324,AMAN AGARWAL,1,,H
2,2013CE10341,DIWAKAR VIKRAM SINGH,1,,H
3,2013CH70141,ABHIJEET MALHOTRA,1,,H
4,2013CH70165,NIKHIL AGRAWAL,1,,H
5,2013ME10682,KHUSHAL SONI,1,,H
6,2013ME10696,MOHIT AGRAWAL,1,,H
7,2013ME10697,MRITYUNJAY PANDEY,1,,H
8,2013ME20763,AKANSHU VERMA,1,,H
9,2013ME20771,BACHANTI KRISHNA,1,,H
10,2013TT10919,CHARUL SHARMA,1,,H
11,2013TT10960,SAHIL LAMBA,1,,H
12,2014CE10349,NEERAJ MEENA,1,,H
13,2014TT10918,PUNIT KUMAR,1,,H
14,2014TT10950,VIKASH SAHU,1,,H
15,2013EE10478,PANKAJ KUMAR RASGANIA,2,,H
16,2013ME10690,MADHUKAR KRISHNA,2,,H
17,2014CE10320,ANUBHAV SHARMA,2,,H
18,2014PH10813,RAJA BABU,2,,H
19,2014PH10838,VISHAL SINGH,2,,H
20,2014TT10891,KARAN SINGLA,2,,H
21,2014TT10900,MANISH SUTHAR,2,,H
22,2014TT10931,SANCHI MEENA,2,,H
23,2013CH10065,ADITI JAIN,3,,H
24,2014CE10308,AKHILESH KUMAR,3,,H
25,2014TT10872,AYUSH VANI,3,,H
26,2014TT10925,RISHABH SHARMA,3,,H
27,2014TT10941,SIDDHI JARWAL,3,,H
28,2013CE10331,ANMOL PAHWA,4,,H
29,2013CE10393,SMRITI GUPTA,4,,H
30,2014CE10322,ARPIT GUNAWAT,4,,H
31,2014CE10364,RAVI KUMAR MAHAWAR,4,,H
32,2014CH10087,ARYAN GUPTA,4,,H
