List of students registered in (IInd Semester 20162017)
Course Code : HUL364
Course Description : UNDERSTANDING THE SOCIAL BEING
Serial No., Entry Number, Student Name, Course Group, Audit Withdrawal, Course Slot
1,2013CE10340,DIVYANSHU SUNDRIYAL,0,N,A
2,2013CE10352,KHUSHI RAM BAIRWA,1,N,A
3,2013CH10062,ABHINESH MEENA,1,N,A
4,2013EE10450,DEEPAK KUMAR MEENA,1,N,A
5,2013EE10457,GAURAV KUMAR CHARNAWAT,1,N,A
6,2013ME20784,JYOTI NAYAK,1,N,A
7,2013PH10834,ANKIP KUMAR,1,N,A
8,2013TT10896,ABHISHEK KUMAR,1,N,A
9,2014CE10394,SURAJ KUMAR,1,N,A
10,2010PH10849,KHUSHWANT SINGH,2,N,A
11,2011CH10080,DHARAVATH MOHANLAL,2,N,A
12,2011EE10474,RAJ KUMAR,2,N,A
13,2012BB50020,KARISHMA DAGAL,2,N,A
14,2012CH10129,KARTIK KUMAR,2,N,A
15,2013PH10826,AJAY KUMAR MEENA,2,N,A
16,2009BB50003,AKHIL KUMAR,3,N,A
17,2011CH10078,DEEPAK KUMAR YATI,3,N,A
18,2012CH70168,PREM PRAKASH,3,N,A
19,2012ME10700,PREM RAJ MEENA,3,N,A
20,2013CE10343,GOLLA NAGA CHAITANYA,3,N,A
21,2013TT10915,BANOTHU SAI KIRAN,3,N,A
22,2012CH10067,AMAN TAMTA,4,N,A
23,2012CH70175,SANYA NIKITA KACHHAP,4,N,A
24,2013CE10373,PAVAN KUMAR MEENA,4,N,A
