List of students registered in (IInd Semester 20162017)
Course Code : HUL371
Course Description : Science, technology and Society
Serial No., Entry Number, Student Name, Course Group, Audit Withdrawal, Course Slot
1,2012BB50011,ANNIE GODARA,0,N,A
2,2012BB50040,SHENOY RUTHA RATNAKAR,1,N,A
3,2013CE10420,YATHARTH SETH,1,,A
4,2013CH10902,APOORVA JOSHI,1,,A
5,2013EE10462,JAYANTI SHIKHAR MURTY,1,,A
6,2013ME10731,SUYASH AGRAWAL,1,,A
7,2013PH10866,SARTHAK WAHAL,1,,A
8,2013PH10875,SIDDHARTH ARVIND VADNERKAR,1,,A
9,2013CH10116,SARWAR HUSSAIN,2,,A
10,2013CH10127,SHUCHI MAHESHWARI,2,,A
11,2013CH70189,VASU PRADEEP TEKRIWAL,2,N,A
12,2013PH10848,ISHAN TYAGI,2,,A
13,2013PH10863,RAGHAV AGARWAL,2,,A
14,2014PH10822,SANKALP PATEL,2,,A
15,2013BB50031,ROBIN CHAUDHARY,3,,A
16,2013CH10082,ISHANI JAIN,3,,A
17,2013CH10094,OJASVI MONGA,3,,A
18,2013EE30548,AMBUJ SAHU,3,,A
19,2013ME10738,VARUN SHARMA,3,,A
20,2013ME20793,PRATYUSHA SHARMA,3,,A
21,2014BB50001,ABHINAV KUMAR SHUKLA,3,,A
22,2014EE30530,PRAFULL GOPALDAS LILANI,3,,A
23,2014ME20762,SANSIDDH KUMAR JAIN,3,,A
24,2014TT10942,SIMRANJEET KAUR,3,,A
25,2013BB50016,JAYANT NAHATA,4,,A
26,2013EE10514,VATSAL GUPTA,4,,A
27,2013ME10649,ARPIT SINGH,4,,A
28,2013MT60587,ANMOL SOOD,4,,A
29,2013TT10894,ABHIMANYU DUBEY,4,,A
30,2013TT10966,SHIVNA TANWAR,4,,A
31,2014EE30513,INAMUL HAQ AZAD,4,,A
32,2014MT60564,SAHIL BHATNAGAR,4,,A
