List of students registered in (IInd Semester 20162017)
Course Code : HUL736
Course Description : PLANNING AND ECONOMIC DEVELOPMENT
Serial No., Entry Number, Student Name, Course Group, Audit Withdrawal, Course Slot
1,2014CE10336,DHARAM SINGH MEENA,0,N,M
2,2015MAS7075,KESHAV SHARMA,0,N,M
3,2015MAS7103,SUKHVINDRA SINGH,0,N,M
4,2013CE10397,SUGAM BANSAL,1,N,M
5,2013CH10128,SURAJ KUMAR,1,N,M
6,2013EE10450,DEEPAK KUMAR MEENA,1,N,M
7,2013TT10913,AYUSH KUMAR,1,N,M
8,2014ME10650,DAKSH MITTAL,1,N,M
9,2015CYS7021,MANSU KUMARI,1,N,M
10,2015PHS7140,REHA GROVER,1,N,M
11,2016CEZ8437,ARITRA  HALDER,1,N,M
12,2016HUZ8532,NEISETUONUO  TEP,1,N,M
13,2016HUZ8533,ALOK  TIWARI,1,N,M
14,2016HUZ8534,PRASAD VSN TALLAPRAGADA,1,N,M
15,2016HUZ8535,PARUL  GUPTA,1,N,M
16,2010PH10849,KHUSHWANT SINGH,2,N,M
17,2010TT10974,VIPLAV SINGH,2,N,M
18,2013EE10489,SACHIN RINDER,2,N,M
19,2013ME10695,MOHIT KUMAR,2,N,M
20,2013ME20777,DHAWAL JAIN,2,N,M
21,2013CH10118,SAURABH MAURYA,3,N,M
22,2014CE10373,SAMEER TRIPATHI,3,N,M
23,2014ME10637,ANJNAY SOOD,3,N,M
24,2014ME20730,HARSH BANSAL,3,N,M
25,2013CH10073,ANSHUL KUMAR YADAV,4,N,M
26,2013ME10649,ARPIT SINGH,4,N,M
27,2013MT60595,DEEPANSHU GEED,4,N,M
28,2013TT10927,GAURAV TAK,4,N,M
