List of students registered in (IInd Semester 20162017)
Course Code : HUL703
Course Description : AGRARIAN SOCIETIES AND RURAL
Serial No., Entry Number, Student Name, Course Group, Audit Withdrawal, Course Slot
1,2012MT50605,MOHINDER PRATAP SINGH MEENA,1,N,X4
2,2014EEA2940,R N VENKATESH,1,N,X4
3,2016HUZ8174,TANIYA  SAH,1,N,X4
4,2016HUZ8181,SUCHISMITA  DAS,1,N,X4
5,2016HUZ8528,DEBOTTAM  SAHA,1,N,X4
6,2016HUZ8531,ABHIGYA,1,N,X4
7,2013CH10092,MANOJ KUMAR SUTHAR,2,N,X4
8,2013CH10129,SURBHI SINGLA,2,N,X4
9,2013ME10690,MADHUKAR KRISHNA,2,N,X4
10,2013CH10085,KESHU PRIYADARSHI,3,N,X4
11,2013ME10691,MADHUR COUDHARY,3,N,X4
12,2013ME10713,RISHABH MALHOTRA,3,N,X4
13,2012CH70175,SANYA NIKITA KACHHAP,4,N,X4
14,2013CE10345,HARIOM MEENA,4,N,X4
15,2013CH10072,ANKITA SINGH,4,N,X4
16,2013CH10113,SAHU AMRIT RAMKRISHNA,4,N,X4
