List of students registered in (IInd Semester 20162017)
Course Code : HUL735
Course Description : RESEARCH METHODS IN ECONOMICS
Serial No., Entry Number, Student Name, Course Group, Audit Withdrawal, Course Slot
1,2010CHZ8819,VINOD KUMAR TANEJA,1,N,B
2,2015HUZ8466,NIMISHA PANDEY,1,N,B
3,2016CEZ8147,NISHANT SINGH,1,N,B
4,2016HUZ8170,DITI  GOSWAMI,1,N,B
5,2016HUZ8171,NEHA,1,N,B
6,2016HUZ8172,ANGARIKA  RAKSHIT,1,N,B
7,2016HUZ8173,RITUPARNA  KAUSHIK,1,N,B
8,2016HUZ8174,TANIYA  SAH,1,N,B
9,2016HUZ8532,NEISETUONUO  TEP,1,N,B
10,2016HUZ8535,PARUL  GUPTA,1,N,B
