List of students registered in (IInd Semester 20162017)
Course Code : HUL881
Course Description : ELEMENTS OF THE NARRATIVE ART
Serial No., Entry Number, Student Name, Course Group, Audit Withdrawal, Course Slot
1,2013CS10204,AKASH TANWAR,0,N,X5
2,2013ME10668,HARI GOPAL RASTOGI,0,N,X5
3,2013CE10388,SACHIN MISHRA,1,N,X5
4,2013CS10260,SUMIT KHURANA,1,N,X5
5,2013EE10502,SOHAM BANERJEE,1,N,X5
6,2014CS10231,KSHITIJ CHOUDHARY,1,N,X5
7,2015CYS7015,HARENDRA SHESHMA,1,N,X5
8,2015CYS7016,HARISH LAL,1,N,X5
9,2015CYS7018,JAYANT,1,N,X5
10,2015CYS7020,MANISH,1,N,X5
11,2015CYS7022,MOHIT SAINI,1,N,X5
12,2015CYS7025,PIYUSH,1,N,X5
13,2015HUZ8505,AARUSHI PUNIA,1,N,X5
14,2016HUZ8177,NANDINI  KALITA,1,N,X5
15,2016HUZ8183,MUHAMED RIYAZ,1,N,X5
16,2012BB50023,MALAY SHAH,2,N,X5
17,2013CH70154,DEVASHISH KUMAR,2,N,X5
18,2013CS10201,AAYUSH GAUTAM,2,N,X5
19,2013CS10226,HOMESH RAWAT,2,N,X5
20,2013CS10252,SAHIL YADAV,2,N,X5
21,2013CS10257,SHUBHAM SAGAR,2,N,X5
22,2013PH10821,AAKASH BHAT,2,N,X5
23,2014TT10866,ANKIT,2,N,X5
24,2012CH70160,KARTIK SARAF,3,N,X5
25,2013CS10234,LAXMAN JANGLEY,3,N,X5
26,2013CH10115,SARTHAK SAINI,4,N,X5
27,2013CS50276,AMEYA DUBEY,4,N,X5
28,2013CS50286,HIRULKAR ANKET PRAKASH,4,N,X5
29,2013CS50299,SIDHARTH NEGI,4,N,X5
30,2013EE10499,SHUBHAM YADAV,4,N,X5
