List of students registered in (IInd Semester 20162017)
Course Code : HUV886
Course Description : SPECIAL MODULE IN COGNITIVE PSYCHOLOGY
Serial No., Entry Number, Student Name, Course Group, Audit Withdrawal, Course Slot
1,2013ME10728,SIDDHARTH BAGRECHA,0,N,B
2,2014TT10866,ANKIT,0,N,B
3,2010CHZ8819,VINOD KUMAR TANEJA,1,N,B
4,2013CS10208,ANANYA GOEL,1,N,B
5,2013CS10260,SUMIT KHURANA,1,N,B
6,2013EE10467,KUSHAL SATYA,1,N,B
7,2013EE10491,SANDEEP GUPTA,1,N,B
8,2016HUZ8341,BHARAT  KUMAR,1,N,B
9,2012MT50588,AYUSH SAKHUJA,2,N,B
10,2013PH10860,PRACHI KHATRI,2,N,B
11,2012MT50592,DESURU SREE THEJESH,3,N,B
12,2013CE10337,BHAVYA ACHARYA,3,N,B
13,2013CE10414,VISHAL KUMAR,3,N,B
14,2013EE30564,RAVI SHANKAR SINGH,3,N,B
15,2013ME10706,PUSKAR SHARMA,3,N,B
16,2013ME10734,TULIKA JATRELE,3,N,B
17,2013ME20789,OCIMA KAMBOJ,3,N,B
18,2013CE10358,MANMOHAN TONGARIA,4,N,B
