List of students registered in (IInd Semester 20162017)
Course Code : ITL714
Course Description : FAILURE ANALYSIS AND REPAIR
Serial No., Entry Number, Student Name, Course Group, Audit Withdrawal, Course Slot
1,2016ITZ8560,MEGHASHREE  PADHAN,1,N,B
2,2016JIT2119,MAYANK  SRIVASTAV,1,N,B
3,2016JIT2120,SHIVAM  GARG,1,N,B
4,2016JIT2121,PRATEEK  JAISWAL,1,N,B
5,2016JIT2122,SAHIL  DOGRA,1,N,B
6,2016JIT2125,TANYA  VERMA,1,N,B
7,2016JIT2127,HEMANT  KUMAR,1,N,B
8,2016JIT2128,DEEPAK  KUMAR,1,N,B
9,2016JIT2129,RAHUL KUMAR CHAURASIA,1,N,B
10,2016JIT2547,AMAN SAHNI,1,N,B
11,2016JIT2548,STEVE GEORGE XAVIER,1,N,B
12,2016JIT2943,AMIT  KAUSHIK,1,N,B
13,2016JIT2944,NAVNEET RANJAN SINGH,1,N,B
