List of students registered in (IInd Semester 20162017)
Course Code : ITL702
Course Description : DIAGNOSTIC MAINTENANCE AND MONITORING
Serial No., Entry Number, Student Name, Course Group, Audit Withdrawal, Course Slot
1,2016ITZ8319,MANISH  RAJ,1,N,J
2,2016JIT2119,MAYANK  SRIVASTAV,1,N,J
3,2016JIT2120,SHIVAM  GARG,1,N,J
4,2016JIT2121,PRATEEK  JAISWAL,1,N,J
5,2016JIT2122,SAHIL  DOGRA,1,N,J
6,2016JIT2125,TANYA  VERMA,1,N,J
7,2016JIT2127,HEMANT  KUMAR,1,N,J
8,2016JIT2128,DEEPAK  KUMAR,1,N,J
9,2016JIT2129,RAHUL KUMAR CHAURASIA,1,N,J
10,2016JIT2547,AMAN SAHNI,1,N,J
11,2016JIT2548,STEVE GEORGE XAVIER,1,N,J
12,2016JIT2943,AMIT  KAUSHIK,1,N,J
13,2016JIT2944,NAVNEET RANJAN SINGH,1,N,J
14,2016MEZ8276,JEEWAN CHANDRA ATWAL,1,N,J
