List of students registered in (IInd Semester 20162017)
Course Code : JTD792
Course Description : MINOR PROJECT
Serial No., Entry Number, Student Name, Course Group, Audit Withdrawal, Course Slot
1,2015JTM7508,AMAN BHATT,1,N,P
2,2016JTM2077,KARAN  SAXENA,1,N,P
3,2016JTM2078,HARSHALKUMAR JAYANTKUMAR YAGNIK,1,N,P
4,2016JTM2079,NITIN  GARG,1,N,P
5,2016JTM2080,PRAKHAR  ARYA,1,N,P
6,2016JTM2081,TANYA  BANSAL,1,N,P
7,2016JTM2082,MANISH  RAI,1,N,P
8,2016JTM2083,POOJA,1,N,P
9,2016JTM2084,MAHENDRA PRATAPSINGH BHADORIA,1,N,P
10,2016JTM2085,ANANT  KHANDELWAL,1,N,P
11,2016JTM2086,MANOJ  SINGH,1,N,P
12,2016JTM2087,ANUPAM KUMAR JHA,1,N,P
13,2016JTM2088,MADHAV SUNILBHAI BHATT,1,N,P
14,2016JTM2089,SUNKU VYSHNAV DUTT,1,N,P
15,2016JTM2090,VIVEK  SINGH,1,N,P
16,2016JTM2091,JYOTIRMAY  MAITY,1,N,P
17,2016JTM2092,AKARSH  AGRAWAL,1,N,P
18,2016JTM2093,POOJA  SHARMA,1,N,P
19,2016JTM2096,DHEERAJ  KUMAR,1,N,P
20,2016JTM2098,NISHANT,1,N,P
21,2016JTM2940,MOUNIKA  KUSUNURI,1,N,P
