List of students registered in (IInd Semester 20162017)
Course Code : MCD310
Course Description : Mini Project
Serial No., Entry Number, Student Name, Course Group, Audit Withdrawal, Course Slot
1,2014ME10666,MD ZAFAR ANWAR,1,N,P
2,2014ME10680,RITVIK SINGH,1,N,P
3,2014ME20707,ADITYA JAIN,1,N,P
4,2014ME20767,SUYASH BHUTADA,1,N,P
5,2013ME20774,CHIRAG AGARWAL,2,N,P
6,2014ME10665,MAYANK GUPTA,2,N,P
7,2014ME10687,SHREYANSH GATTANI,2,N,P
8,2014ME20720,AYUSH AGARWAL,2,N,P
9,2010MT50628,VISHNU P S,3,N,P
10,2013ME10679,KARAN GOYAL,3,N,P
11,2013ME10720,SAURABH SINHA,3,N,P
12,2014ME10645,AVINASH DONGRE,3,N,P
13,2014ME20717,ARJIT MAHAJAN,3,N,P
14,2014ME20737,KAWTIKWAR SAMIRAN VIKAS,3,N,P
15,2014ME20765,SHASHWAT SAXENA,3,N,P
16,2013ME10643,AKSHAT GARG,4,N,P
