List of students registered in (IInd Semester 20162017)
Course Code : MCD412
Course Description : B.TECH.PROJECT - II
Serial No., Entry Number, Student Name, Course Group, Audit Withdrawal, Course Slot
1,2013ME10660,DEEPANSHU SINGH,1,N,P
2,2013ME10667,HANDAL RUSHIKESH ARUNRAO,1,N,P
3,2013ME10696,MOHIT AGRAWAL,1,N,P
4,2013ME10712,RISHABH BAID,1,N,P
5,2013ME10714,RISHABH BANSAL,1,N,P
6,2013ME10731,SUYASH AGRAWAL,1,N,P
7,2013ME10735,VAIBHAV GUPTA,1,N,P
8,2013ME10737,VARAN GUPTA,1,N,P
9,2013ME20763,AKANSHU VERMA,1,N,P
10,2013ME20764,AMAN RATHI,1,N,P
11,2013ME20776,DEEPAK SARAWAG,1,N,P
12,2013ME20790,PARAS GUPTA,1,N,P
13,2013ME20802,STHITHPRAGYA GUPTA,1,N,P
14,2013ME20803,SUMIT KUMAR,1,N,P
15,2013ME10675,JYOTIRMOY RAY,2,N,P
16,2013ME10683,KISHAN KASHYAP,2,N,P
17,2013ME10690,MADHUKAR KRISHNA,2,N,P
18,2013ME10692,MANISH KUMAR MEENA,2,N,P
19,2013ME10709,RAJVENDRA SINGH,2,N,P
20,2013ME10711,RISHABH GOLCHHA,2,N,P
21,2013ME20769,AVINASH SHARMA,2,N,P
22,2013ME20805,UJJAWAL GUPTA,2,N,P
23,2013ME20926,GARVIT ARORA,2,N,P
24,2011ME10735,T ABHILASH,3,N,P
25,2012ME20783,MADARAM NIKHIL CHAITANYA,3,N,P
26,2013ME10680,KATTA RAVI TEJA,3,N,P
27,2013ME10694,MANOJ BAJAJ,3,N,P
28,2013ME10704,PRERIT MATHUR,3,N,P
29,2013ME10717,ROSHAN PATRA,3,N,P
30,2013ME10723,SHIKHAR NIGAM,3,N,P
31,2013ME10725,SHUBHAM KUMAR PRAJAPATI,3,N,P
32,2013ME20768,ARUN BHANDARI,3,N,P
33,2013ME20788,MANVI BANSAL,3,N,P
34,2013ME20789,OCIMA KAMBOJ,3,N,P
35,2013ME20793,PRATYUSHA SHARMA,3,N,P
36,2013ME20800,SHIVAM AGARWAL,3,N,P
37,2013ME20801,SHREY BIYANI,3,N,P
38,2013ME10015,GAGAN MADAN,4,N,P
39,2013ME10642,AJMERA SANKETH KUMAR,4,N,P
40,2013ME10644,ANAND SWAROOP,4,N,P
41,2013ME10663,GHANENDRA PRATAP SINGH,4,N,P
42,2013ME10665,GOLU AGRAWAL,4,N,P
