List of students registered in (IInd Semester 20162017)
Course Code : MCD882
Course Description : MAJOR PROJECT PART-2
Serial No., Entry Number, Student Name, Course Group, Audit Withdrawal, Course Slot
1,2015MEP2599,AJAY KUMAR,1,N,X
2,2015MEP2600,AKASH GAURAV,1,N,X
3,2015MEP2601,ANKUSH THAKUR,1,N,X
4,2015MEP2604,KARANVEER SINGH,1,N,X
5,2015MEP2605,MOHAMMAD ABDUL HAQUE,1,N,X
6,2015MEP2606,NIKHIL,1,N,X
7,2015MEP2607,OM PRAKASH,1,N,X
8,2015MEP2611,RAHUL BHUSHAN,1,N,X
9,2015MEP2612,RAHUL KUMAR KUSHWAHA,1,N,X
10,2015MEP2613,RAVI RANJAN,1,N,X
11,2015MEP2616,SAHAJ AGARWAL,1,N,X
12,2015MEP2617,SAJAL GUPTA,1,N,X
13,2015MEP2805,RAKESH KUMAR THAKUR,1,N,X
