List of students registered in (IInd Semester 20162017)
Course Code : MCD812
Course Description : Major Project Part II (Thermal Engineering)
Serial No., Entry Number, Student Name, Course Group, Audit Withdrawal, Course Slot
1,2015MET2620,ABHISHEK BIJLWAN,1,N,P
2,2015MET2623,BHAWNA,1,N,P
3,2015MET2624,BHUSHAN RAJENDRA PATIL,1,N,P
4,2015MET2628,GIRIDHAR MARUTI JAMBARE,1,N,P
5,2015MET2630,MANISH KUMAR,1,N,P
6,2015MET2631,MANISH YADAV,1,N,P
7,2015MET2632,MAYANK KUMAR SHARMA,1,N,P
8,2015MET2636,PRATYUSH KUMAR ROUT,1,N,P
9,2015MET2639,ROHIT MEHTA,1,N,P
10,2015MET2640,SACHIN SINGH,1,N,P
11,2015MET2644,VIDUSHI,1,N,P
12,2015MET2753,SYED JIAUL HOQUE,1,N,P
13,2015MET2814,DALBIR SINGH,1,N,P
14,2015MET2823,PAYAL SINGH,1,N,P
15,2015MET2841,GITESHDEEP SINGH SANDHU,1,N,P
