List of students registered in (IInd Semester 20162017)
Course Code : MCL133
Course Description : NEAR NET SHAPE MANUFACTURING
Serial No., Entry Number, Student Name, Course Group, Audit Withdrawal, Course Slot
1,2015ME20706,AAKASH VERMA,1,N,F
2,2015ME20709,ABHISHEK KUMAR,1,N,F
3,2015ME20712,AKHIL SINGLA,1,N,F
4,2015ME20715,AMIT JONWAL,1,N,F
5,2015ME20718,ANIMESH JAISWAL,1,N,F
6,2015ME20721,ANSHIT KUMAR,1,N,F
7,2015ME20724,ARCHIT MATTA,1,N,F
8,2015ME20727,AYUSH KUMAR,1,N,F
9,2015ME20733,HARSHVARDHAN,1,N,F
10,2015ME20739,KRISHAANU SYAL,1,N,F
11,2015ME20748,NIKHIL BANSAL,1,N,F
12,2015ME20751,PRANSHU ZEESA,1,N,F
13,2015ME20754,RISHABH MOHAN SHARMA,1,N,F
14,2015ME20760,SANKALP KATIYAR,1,N,F
15,2015ME20763,SHOBHIT MITTAL,1,N,F
16,2015ME20766,SIMRANJIT SINGH,1,N,F
17,2015ME20769,TUSHAR SAHEBRAO KANHE,1,N,F
18,2015ME20772,YASHASWI RATAN,1,N,F
19,2013ME20786,MANDALI SANDEEP,2,N,F
20,2014ME20732,HEMANT,2,N,F
21,2014ME20735,KANAV GARG,2,N,F
22,2015ME20707,AAKASH AHUJA,2,N,F
23,2015ME20710,AFSHAN ARIF,2,N,F
24,2015ME20713,AKSHAY KUMAR PANSARI,2,N,F
25,2015ME20716,AMOGH GUPTA,2,N,F
26,2015ME20719,ANIMESH JAIN,2,N,F
27,2015ME20728,BHAGYAM CHOUDHARY,2,N,F
28,2015ME20731,DENISH SUKHADIYA,2,N,F
29,2015ME20734,HONRAO ISHVAR DHONDIBA,2,N,F
30,2015ME20737,KAMYA IYER,2,N,F
31,2015ME20740,KUDAPA MILIND CHOWDARY,2,N,F
32,2015ME20743,LENDEGAONKAR SAMVIDHAN,2,N,F
33,2015ME20749,PIYUSH KUMAR,2,N,F
34,2015ME20752,PREETAM SURESH RATHOD,2,N,F
35,2015ME20758,SAHIL KHOKHAR,2,N,F
36,2015ME20764,SHUBHAM VERMA,2,N,F
37,2015ME20767,TANMAY SAGAR,2,N,F
38,2015ME20770,UTKARSH VARDHAN,2,N,F
39,2015ME20773,YUGAL KISHOR MEENA,2,N,F
40,2014ME20721,BANOTH NARENDER,3,N,F
41,2015ME20708,ABHIJEET SAXENA,3,N,F
42,2015ME20711,AJAYENDRA SINGH,3,N,F
43,2015ME20714,AMAN NEGI,3,N,F
44,2015ME20717,ANDIBOYINA SAI VAMSI,3,N,F
45,2015ME20720,ANSH JAIN,3,N,F
46,2015ME20729,BHAVYA KAUSHIK,3,N,F
47,2015ME20738,KARTIK CHOUDHARY,3,N,F
48,2015ME20747,NAMAN GOYAL,3,N,F
49,2015ME20756,ROHIT KUMAR,3,N,F
50,2015ME20765,SHUBHAM KUMAR,3,N,F
51,2015ME20768,TANYA SINGH,3,N,F
52,2015ME20771,YASH CHORDIA,3,N,F
