List of students registered in (IInd Semester 20162017)
Course Code : MCL142
Course Description : THERMAL SC. FOR ELE. ENGINEERS
Serial No., Entry Number, Student Name, Course Group, Audit Withdrawal, Course Slot
1,2014EE10449,KUSHAL SOGANI,0,N,D
2,2013EE10462,JAYANTI SHIKHAR MURTY,1,N,D
3,2013EE10508,THOGARU UPENDRA VARMA,1,N,D
4,2014EE10450,LOKESH KUMAR MEENA,1,N,D
5,2014EE10453,MANISH SINGH,1,N,D
6,2014EE10459,NAGUBANDI HARSHITH,1,N,D
7,2014EE10463,NIKHIL GUPTA,1,N,D
8,2014EE10466,PARAS CHOPRA,1,N,D
9,2014EE10469,PRADYUMN SINGH,1,N,D
10,2014EE10472,PREM ANAND,1,N,D
11,2014EE10475,PUDI DILEEP,1,N,D
12,2014EE10478,RAHUL KUMAR,1,N,D
13,2014EE10481,SAMMETA ANUDEEP,1,N,D
14,2014EE10484,SHIVAM KUMAR,1,N,D
15,2014EE10491,SYED AFROZE ISMAIL,1,N,D
16,2014EE10517,KONATHAM VENKATA PRATHYUSHA,1,N,D
17,2014EE10655,GAGANPREET SINGH,1,N,D
18,2014EE10871,ARUSHI JAIN,1,N,D
19,2013EE10479,PAWAN KUMAR SHARMA,2,N,D
20,2013EE10798,SHANTANU KUMAR,2,N,D
21,2014EE10442,INDERJOT SINGH SAGGU,2,N,D
22,2014EE10451,MADHUKAR KUMAR,2,N,D
23,2014EE10454,MANMOHAN MEENA,2,N,D
24,2014EE10457,MUKUL BENIWAL,2,N,D
25,2014EE10460,NAMAN GOPAL KABRA,2,N,D
26,2014EE10464,NISHANT AGARWAL,2,N,D
27,2014EE10467,PARMAR SAHIL SATISHKUMAR,2,N,D
28,2014EE10470,PRASHANTH M,2,N,D
29,2014EE10473,PRITISH SINGLA,2,N,D
30,2014EE10476,RACHAMALLU SIVA SATVIK REDDY,2,N,D
31,2014EE10486,SHRIMALI DHRUV JAYESHKUMAR,2,N,D
32,2014EE10489,SONALI GODARA,2,N,D
33,2014EE10495,VIPUL KHATANA,2,N,D
34,2014EE10520,NEELKANTH KUNDU,2,N,D
35,2012EE10471,RAMIT DAS,3,N,D
36,2013EE10437,ANMOL GUPTA,3,N,D
37,2013EE10485,RAGHAVARAJU HARISH VARMA,3,N,D
38,2013EE10504,SURAG NAIR,3,N,D
39,2013EE30555,KAILASH CHANDRA,3,N,D
40,2014EE10437,DILKHUSH MEENA,3,N,D
41,2014EE10440,GANJI MANOJ KUMAR,3,N,D
42,2014EE10443,JASHUWA MYDAM,3,N,D
43,2014EE10446,KATRAVATH ADITHYA,3,N,D
44,2014EE10455,MAYANK BANSAL,3,N,D
45,2014EE10458,MUTHYALA SUHAS REDDY,3,N,D
46,2014EE10461,NARAYANASETTY AJITH KUMAR,3,N,D
47,2014EE10468,PARVEZ ANWAR CHANAWALA,3,N,D
48,2014EE10471,PRAVEEN SINGH RAJPUT,3,N,D
49,2014EE10474,PRIYADARSHI NISHANT KIRITKUMAR,3,N,D
50,2014EE10477,RAHUL JHAJHRIA,3,N,D
51,2014EE10483,SHAURYA SHANKAR,3,N,D
52,2014EE10490,SWETA SONI,3,N,D
53,2014EE10493,VIBHOR DODEJA,3,N,D
54,2014EE10496,VISHAL KUMAR MEENA,3,N,D
55,2014EE10523,NILESH KUMAR JHA,3,N,D
56,2014EE30152,ABHIJEET CHORDIA,3,N,D
57,2014EE30188,SHWETANK GUPTA,3,N,D
58,2014EE30505,DEEPAK KORKU,3,N,D
59,2014EE30507,DEEPAK,3,N,D
60,2014EE30509,DHARAMSARE PRANAY KASHIRAM,3,N,D
61,2014EE30512,HARSH VERMA,3,N,D
62,2014EE30514,JAKKA AMARENDER REDDY,3,N,D
63,2014EE30516,JONNADULA SUJAN,3,N,D
64,2014EE30519,MUKUL,3,N,D
65,2014EE30522,NIHAR SHERWAL,3,N,D
66,2014EE30530,PRAFULL GOPALDAS LILANI,3,N,D
67,2014EE30532,RISHAVDEEP SINGH,3,N,D
68,2014EE30536,SHUBHAM MAURYA,3,N,D
69,2014EE30538,SUKRITI NIGAM,3,N,D
70,2014EE30540,SURYAKANT MISHRA,3,N,D
71,2014EE30542,VINAY CHETNANI,3,N,D
72,2014EE30544,VIPASHA MITTAL,3,N,D
73,2014EE30746,PRATEEK GARG,3,N,D
74,2013EE10435,AKSHAY SINGLA,4,N,D
75,2013EE10444,BHAVYA BANDARU,4,N,D
76,2013EE10463,KANDULA DINESH,4,N,D
77,2013EE10476,N S BHARATH,4,N,D
78,2013EE10484,PYATLA SHARATH CHANDRA,4,N,D
79,2013EE10499,SHUBHAM YADAV,4,N,D
80,2013EE30546,AKSHAY KAROL,4,N,D
81,2013EE30563,RAM KRISHNA RAHUL,4,N,D
82,2014EE10134,SHOBHIT JAIN,4,N,D
83,2014EE10137,SHUBHAM KUNDAL,4,N,D
84,2014EE10141,SOMYA ARORA,4,N,D
85,2014EE10368,RAVINDRA KUMAR GUPTA,4,N,D
86,2014EE10421,ABHISHEK BANSAL,4,N,D
87,2014EE10422,AJAY KUMAR MAHICHA,4,N,D
88,2014EE10424,AKSHUNN JINDAL,4,N,D
89,2014EE10426,ANANT KUMAR SINGH,4,N,D
90,2014EE10427,ANIRBAN MUKHOPADHYAY,4,N,D
91,2014EE10428,ANUJ MITTAL,4,N,D
92,2014EE10430,BHAVIT ARORA,4,N,D
93,2014EE10431,BOTCHA LOKESH KUMAR,4,N,D
94,2014EE10432,BURLE VENKATA SRIHARSHA,4,N,D
95,2014EE10433,D SAI TARUN,4,N,D
96,2014EE10434,DASHPUTE ANIKET SANJAY,4,N,D
97,2014EE10436,DESHANT R. FUSATE,4,N,D
98,2014EE10438,DIVPREET SINGH,4,N,D
99,2014EE10441,HARDIK AGARWAL,4,N,D
100,2014EE30007,MITHOOL JAIN,4,N,D
101,2014EE30168,JISHNUDEEP KAR,4,N,D
102,2014EE30501,ANIMESH SHARMA,4,N,D
103,2014EE30504,BADUGU SATHVIC,4,N,D
104,2014EE30506,DEEPAK SINGLA,4,N,D
105,2014EE30508,DESAI SOHAM HITENDRAKUMAR,4,N,D
106,2014EE30511,GUDIKOTA DHARANI KUMAR GUPTA,4,N,D
107,2014EE30513,INAMUL HAQ AZAD,4,N,D
108,2014EE30515,JIWANE SWAPNIL SOPANRAO,4,N,D
109,2014EE30518,MAHIPAL SEJU,4,N,D
110,2014EE30525,PALLAVI KUMARI,4,N,D
111,2014EE30527,PIYUSH KUMAR,4,N,D
112,2014EE30529,PRAFUL AGRAWAL,4,N,D
113,2014EE30531,PRIYANSHI,4,N,D
114,2014EE30533,SAMIKSHA SEN,4,N,D
115,2014EE30535,SHIVAM ASATI,4,N,D
116,2014EE30537,SHUBHAM MALHOTRA,4,N,D
117,2014EE30539,SUNNY BHAGIA,4,N,D
118,2014EE30541,TARUN JAIN,4,N,D
119,2014EE30543,VINAY AGARWAL,4,N,D
120,2014EE30545,VISHAKHA CHANDORE,4,N,D
121,2014EE30629,ADITYA ARORA,4,N,D
122,2014EE30766,SOHAM ROY,4,N,D
