List of students registered in (IInd Semester 20162017)
Course Code : MCL136
Course Description : MATERIAL REMOVAL PROCESSES
Serial No., Entry Number, Student Name, Course Group, Audit Withdrawal, Course Slot
1,2014ME20737,KAWTIKWAR SAMIRAN VIKAS,0,N,H
2,2014ME20764,SHANTANU SURESH CHATE,0,N,H
3,2014ME20767,SUYASH BHUTADA,0,N,H
4,2013ME20804,SUNIL KUMAR MEENA,1,N,H
5,2014ME20707,ADITYA JAIN,1,N,H
6,2014ME20711,AMAN TAMRAKAR,1,N,H
7,2014ME20714,ANKIT KUMAR,1,N,H
8,2014ME20719,AVANI MAHAWAR,1,N,H
9,2014ME20725,GAURAV SINGH,1,N,H
10,2014ME20728,GOURAV,1,N,H
11,2014ME20731,HARSHVARDHAN SINGH,1,N,H
12,2014ME20734,JITENDRA CHOUDHARY,1,N,H
13,2014ME20738,KUNAL KUMAR,1,N,H
14,2014ME20741,NITEESH KUMAR DHAYAL,1,N,H
15,2014ME20744,PAWAN YADAV,1,N,H
16,2014ME20748,PRIYANSHEE PALRIWALA,1,N,H
17,2014ME20751,RAHUL GUPTA,1,N,H
18,2014ME20754,RICKSHESH MANCHANDA,1,N,H
19,2014ME20760,SANDEEP KUMAR,1,N,H
20,2014ME20763,SHAKSHAM PANDEY,1,N,H
21,2014ME20770,VAIBHAV SAXENA,1,N,H
22,2014ME20773,VISHVA PRAKASH SHARMA,1,N,H
23,2013PH10826,AJAY KUMAR MEENA,2,N,H
24,2014CE10346,MANMOHAN SINGH DAGAR,2,N,H
25,2014ME20708,ADITYA KUMAR CHAURASIYA,2,N,H
26,2014ME20712,AMOGH GUPTA,2,N,H
27,2014ME20715,ANKUR GOEL,2,N,H
28,2014ME20720,AYUSH AGARWAL,2,N,H
29,2014ME20726,GAURAV MILANKUMAR SARDAL,2,N,H
30,2014ME20729,GOURAV KAMBOJ,2,N,H
31,2014ME20735,KANAV GARG,2,N,H
32,2014ME20740,MOHAMMAD OSAID,2,N,H
33,2014ME20742,NITISH KUMAR,2,N,H
34,2014ME20745,PRASHANT KUMAR MEENA,2,N,H
35,2014ME20749,PURNENDU TRIPATHI,2,N,H
36,2014ME20752,RAMU NAIDU MALLA,2,N,H
37,2014ME20755,RISHABH NAGPAL,2,N,H
38,2014ME20761,SANGRAM VUPPALA,2,N,H
39,2014ME20768,UJJWAL SINGLA,2,N,H
40,2014ME20771,VANDANA ROLAN,2,N,H
41,2014ME20774,YASHOVAT A. JAIN,2,N,H
42,2013EE10492,SAROJ KUMAR,3,N,H
43,2014ME20709,AJAY KUMAWAT,3,N,H
44,2014ME20713,ANEESH CHANDRA NUNNA,3,N,H
45,2014ME20724,DHRUV GUPTA,3,N,H
46,2014ME20727,GIRISH YADAV,3,N,H
47,2014ME20730,HARSH BANSAL,3,N,H
48,2014ME20733,HIMANSHU UPADHYAY,3,N,H
49,2014ME20743,OMKAR SUDHIR PATIL,3,N,H
50,2014ME20747,PRERIT SAMRIA,3,N,H
51,2014ME20750,RAHUL SINGHAL,3,N,H
52,2014ME20753,RAVI KUMAR CHOUDHARY,3,N,H
53,2014ME20756,RISHABH CHOUHAN,3,N,H
54,2014ME20759,S PARDHU NIHAR,3,N,H
55,2014ME20762,SANSIDDH KUMAR JAIN,3,N,H
56,2014ME20765,SHASHWAT SAXENA,3,N,H
57,2014ME20769,UTKARSH AGARWAL,3,N,H
58,2014ME20772,VINEET TOPNO,3,N,H
59,2015TT10939,SHIVJEET,3,N,H
