List of students registered in (IInd Semester 20162017)
Course Code : MCL131
Course Description : MANUFACTURING PROCESSES I
Serial No., Entry Number, Student Name, Course Group, Audit Withdrawal, Course Slot
1,2013ME10671,HIMANSHU SETH,1,N,F
2,2014ME10668,MOHIT KUMAR,1,N,F
3,2014ME10690,TALLAPALLI HUSSAIN KUMAR,1,N,F
4,2015ME10228,INDRAJEET  SINGH,1,N,F
5,2015ME10390,SUMIT  MAHLAWAT,1,N,F
6,2015ME10626,AAKASH MANGLA,1,N,F
7,2015ME10629,AKASH PARDASANI,1,N,F
8,2015ME10632,ALOK MEENA,1,N,F
9,2015ME10635,ANKUSH CHOPRA,1,N,F
10,2015ME10638,AYUSH RAI,1,N,F
11,2015ME10644,CHOKKAKU PRAVEEN KUMAR,1,N,F
12,2015ME10647,GAURAV KUMAR,1,N,F
13,2015ME10650,JATIN BANSAL,1,N,F
14,2015ME10653,KONETI SHIVATEJA,1,N,F
15,2015ME10656,LOKESH KUMAR CHANDOLIYA,1,N,F
16,2015ME10659,MEHUL MURADIA,1,N,F
17,2015ME10662,MOHIT AGARWAL,1,N,F
18,2015ME10665,PIYUSH KUMAR SAINI,1,N,F
19,2015ME10668,PRANJAL SINGH,1,N,F
20,2015ME10671,PULKIT GARG,1,N,F
21,2015ME10674,SAHIL SINGH MALIK,1,N,F
22,2015ME10677,SAURABH AGARWAL,1,N,F
23,2015ME10680,SHASHANK SAXENA,1,N,F
24,2015ME10683,SHUBHAM,1,N,F
25,2015ME10689,VIPUL KUMAR BALODA,1,N,F
26,2015ME10692,YASH YADAV,1,N,F
27,2015ME10899,JASLEEN  KAUR,1,N,F
28,2011ME10697,MOHIT PANWAR,2,N,F
29,2014ME10651,DASARI VENKAT RAMANA,2,N,F
30,2014ME10683,SAURAV KUMAR,2,N,F
31,2015ME10627,ABHAYRAJ SINGH MEENA,2,N,F
32,2015ME10630,AKHILESH VERMA,2,N,F
33,2015ME10633,AMIT KUMAR SAHU,2,N,F
34,2015ME10636,ARTH JAIN,2,N,F
35,2015ME10639,AYUSH SINGH,2,N,F
36,2015ME10642,BHADORIA ADITYA AKHILESH,2,N,F
37,2015ME10645,DHANANJAY GUPTA,2,N,F
38,2015ME10648,HARDEEP SINGH,2,N,F
39,2015ME10651,KANU RAJ ANAND,2,N,F
40,2015ME10654,KUNAL INDRA,2,N,F
41,2015ME10657,LOKRAJ MEENA,2,N,F
42,2015ME10660,MOHIT KHINCHI,2,N,F
43,2015ME10663,NEERAJ KUMAR,2,N,F
44,2015ME10666,PRAKHAR KUMAR MAHOBIA,2,N,F
45,2015ME10669,PRATEEK BHARTI,2,N,F
46,2015ME10672,RAGHU KUMAR YADAV,2,N,F
47,2015ME10675,SANYAM AGARWAL,2,N,F
48,2015ME10678,SAURABH KUMAR,2,N,F
49,2015ME10681,SHASHWAT SINHA,2,N,F
50,2015ME10684,SHUVANG JANDIYAL,2,N,F
51,2015ME10687,VAIBHAV KEJRIWAL,2,N,F
52,2015ME10690,VIVEK CHANDRA,2,N,F
53,2015ME10693,YOGESH KUMAR KALAWAT,2,N,F
54,2013ME10698,NARENDRA KUMAR MEENA,3,N,F
55,2014ME10633,AMIT KUMAR MUNDA,3,N,F
56,2015ME10628,AKASH KUMAR,3,N,F
57,2015ME10631,AKSHAY KUMAR SONI,3,N,F
58,2015ME10634,ANKIT JAIPURIA,3,N,F
59,2015ME10637,ATA UL HAQUE,3,N,F
60,2015ME10640,AYUSH GARG,3,N,F
61,2015ME10643,BRIJESH SANWARIYA,3,N,F
62,2015ME10646,FATEHDEEP SINGH WALLA,3,N,F
63,2015ME10652,KARTIK GUPTA,3,N,F
64,2015ME10655,LOCHAN SHARMA,3,N,F
65,2015ME10658,MAYANK MAHAWAR,3,N,F
66,2015ME10661,MOHIT SINGH,3,N,F
67,2015ME10664,NIKHIL GARG,3,N,F
68,2015ME10670,PULKIT AGARWAL,3,N,F
69,2015ME10676,SAURABH GOTHWAD,3,N,F
70,2015ME10682,SHUBHAM RAJ TOMAR,3,N,F
71,2015ME10688,VINAY,3,N,F
72,2013ME10650,ASHISH SINGH,4,N,F
73,2015ME10110,MOHD  BABAR,4,N,F
