List of students registered in (IInd Semester 20162017)
Course Code : MCL201
Course Description : MECHANICAL ENGG. DRAWING
Serial No., Entry Number, Student Name, Course Group, Audit Withdrawal, Course Slot
1,2013ME10671,HIMANSHU SETH,1,N,E
2,2015ME10228,INDRAJEET  SINGH,1,N,E
3,2015ME10390,SUMIT  MAHLAWAT,1,N,E
4,2015ME10626,AAKASH MANGLA,1,N,E
5,2015ME10629,AKASH PARDASANI,1,N,E
6,2015ME10632,ALOK MEENA,1,N,E
7,2015ME10635,ANKUSH CHOPRA,1,N,E
8,2015ME10638,AYUSH RAI,1,N,E
9,2015ME10644,CHOKKAKU PRAVEEN KUMAR,1,N,E
10,2015ME10647,GAURAV KUMAR,1,N,E
11,2015ME10650,JATIN BANSAL,1,N,E
12,2015ME10653,KONETI SHIVATEJA,1,N,E
13,2015ME10656,LOKESH KUMAR CHANDOLIYA,1,N,E
14,2015ME10659,MEHUL MURADIA,1,N,E
15,2015ME10662,MOHIT AGARWAL,1,N,E
16,2015ME10665,PIYUSH KUMAR SAINI,1,N,E
17,2015ME10668,PRANJAL SINGH,1,N,E
18,2015ME10671,PULKIT GARG,1,N,E
19,2015ME10674,SAHIL SINGH MALIK,1,N,E
20,2015ME10677,SAURABH AGARWAL,1,N,E
21,2015ME10680,SHASHANK SAXENA,1,N,E
22,2015ME10683,SHUBHAM,1,N,E
23,2015ME10686,UTKARSH N. SINGH,1,N,E
24,2015ME10689,VIPUL KUMAR BALODA,1,N,E
25,2015ME10692,YASH YADAV,1,N,E
26,2015ME10899,JASLEEN  KAUR,1,N,E
27,2015ME20706,AAKASH VERMA,1,N,E
28,2015ME20709,ABHISHEK KUMAR,1,N,E
29,2015ME20712,AKHIL SINGLA,1,N,E
30,2015ME20715,AMIT JONWAL,1,N,E
31,2015ME20718,ANIMESH JAISWAL,1,N,E
32,2015ME20721,ANSHIT KUMAR,1,N,E
33,2015ME20724,ARCHIT MATTA,1,N,E
34,2015ME20727,AYUSH KUMAR,1,N,E
35,2015ME20733,HARSHVARDHAN,1,N,E
36,2015ME20739,KRISHAANU SYAL,1,N,E
37,2015ME20742,LAKSHAY BAHL,1,N,E
38,2015ME20745,MATA PRASAD,1,N,E
39,2015ME20748,NIKHIL BANSAL,1,N,E
40,2015ME20751,PRANSHU ZEESA,1,N,E
41,2015ME20754,RISHABH MOHAN SHARMA,1,N,E
42,2015ME20760,SANKALP KATIYAR,1,N,E
43,2015ME20763,SHOBHIT MITTAL,1,N,E
44,2015ME20766,SIMRANJIT SINGH,1,N,E
45,2015ME20769,TUSHAR SAHEBRAO KANHE,1,N,E
46,2015ME20772,YASHASWI RATAN,1,N,E
47,2012ME10739,VIKASH KUMAR PAL,2,N,E
48,2014ME10685,SHIVAM GUPTA,2,N,E
49,2014ME20732,HEMANT,2,N,E
50,2015ME10108,MANAS  JOSHI,2,N,E
51,2015ME10354,PARAS  GUPTA,2,N,E
52,2015ME10383,SHUBHAM  SINGLA,2,N,E
53,2015ME10627,ABHAYRAJ SINGH MEENA,2,N,E
54,2015ME10630,AKHILESH VERMA,2,N,E
55,2015ME10633,AMIT KUMAR SAHU,2,N,E
56,2015ME10636,ARTH JAIN,2,N,E
57,2015ME10639,AYUSH SINGH,2,N,E
58,2015ME10642,BHADORIA ADITYA AKHILESH,2,N,E
59,2015ME10645,DHANANJAY GUPTA,2,N,E
60,2015ME10648,HARDEEP SINGH,2,N,E
61,2015ME10651,KANU RAJ ANAND,2,N,E
62,2015ME10654,KUNAL INDRA,2,N,E
63,2015ME10657,LOKRAJ MEENA,2,N,E
64,2015ME10660,MOHIT KHINCHI,2,N,E
65,2015ME10663,NEERAJ KUMAR,2,N,E
66,2015ME10666,PRAKHAR KUMAR MAHOBIA,2,N,E
67,2015ME10669,PRATEEK BHARTI,2,N,E
68,2015ME10672,RAGHU KUMAR YADAV,2,N,E
69,2015ME10675,SANYAM AGARWAL,2,N,E
70,2015ME10678,SAURABH KUMAR,2,N,E
71,2015ME10681,SHASHWAT SINHA,2,N,E
72,2015ME10684,SHUVANG JANDIYAL,2,N,E
73,2015ME10687,VAIBHAV KEJRIWAL,2,N,E
74,2015ME10690,VIVEK CHANDRA,2,N,E
75,2015ME10693,YOGESH KUMAR KALAWAT,2,N,E
76,2015ME20707,AAKASH AHUJA,2,N,E
77,2015ME20710,AFSHAN ARIF,2,N,E
78,2015ME20713,AKSHAY KUMAR PANSARI,2,N,E
79,2015ME20716,AMOGH GUPTA,2,N,E
80,2015ME20719,ANIMESH JAIN,2,N,E
81,2015ME20722,ANTRIKSH MATHUR,2,N,E
82,2015ME20728,BHAGYAM CHOUDHARY,2,N,E
83,2015ME20731,DENISH SUKHADIYA,2,N,E
84,2015ME20734,HONRAO ISHVAR DHONDIBA,2,N,E
85,2015ME20737,KAMYA IYER,2,N,E
86,2015ME20740,KUDAPA MILIND CHOWDARY,2,N,E
87,2015ME20743,LENDEGAONKAR SAMVIDHAN,2,N,E
88,2015ME20746,MOHIT DALAL,2,N,E
89,2015ME20749,PIYUSH KUMAR,2,N,E
90,2015ME20752,PREETAM SURESH RATHOD,2,N,E
91,2015ME20755,ROHIT KUMAR,2,N,E
92,2015ME20758,SAHIL KHOKHAR,2,N,E
93,2015ME20764,SHUBHAM VERMA,2,N,E
94,2015ME20767,TANMAY SAGAR,2,N,E
95,2015ME20770,UTKARSH VARDHAN,2,N,E
96,2015ME20773,YUGAL KISHOR MEENA,2,N,E
97,2015TT10860,ADITYA GERA,2,N,E
98,2013ME10662,ESHWAR SAINI,3,N,E
99,2013ME10698,NARENDRA KUMAR MEENA,3,N,E
100,2014ME10633,AMIT KUMAR MUNDA,3,N,E
101,2014ME20721,BANOTH NARENDER,3,N,E
102,2015ME10044,MANAN A  GANDHI,3,N,E
103,2015ME10101,HARSH VARDHAN  RAI,3,N,E
104,2015ME10396,UTKARSH  PRABHAKAR,3,N,E
105,2015ME10628,AKASH KUMAR,3,N,E
106,2015ME10631,AKSHAY KUMAR SONI,3,N,E
107,2015ME10634,ANKIT JAIPURIA,3,N,E
108,2015ME10637,ATA UL HAQUE,3,N,E
109,2015ME10640,AYUSH GARG,3,N,E
110,2015ME10643,BRIJESH SANWARIYA,3,N,E
111,2015ME10646,FATEHDEEP SINGH WALLA,3,N,E
112,2015ME10652,KARTIK GUPTA,3,N,E
113,2015ME10655,LOCHAN SHARMA,3,N,E
114,2015ME10658,MAYANK MAHAWAR,3,N,E
115,2015ME10661,MOHIT SINGH,3,N,E
116,2015ME10664,NIKHIL GARG,3,N,E
117,2015ME10670,PULKIT AGARWAL,3,N,E
118,2015ME10673,RAVI CHOUDHARY,3,N,E
119,2015ME10676,SAURABH GOTHWAD,3,N,E
120,2015ME10679,SAURAV KUMAR GUPTA,3,N,E
121,2015ME10682,SHUBHAM RAJ TOMAR,3,N,E
122,2015ME10685,SONAL GAUTAM,3,N,E
123,2015ME10688,VINAY,3,N,E
124,2015ME20708,ABHIJEET SAXENA,3,N,E
125,2015ME20711,AJAYENDRA SINGH,3,N,E
126,2015ME20714,AMAN NEGI,3,N,E
127,2015ME20717,ANDIBOYINA SAI VAMSI,3,N,E
128,2015ME20720,ANSH JAIN,3,N,E
129,2015ME20726,AYUSH JINDAL,3,N,E
130,2015ME20729,BHAVYA KAUSHIK,3,N,E
131,2015ME20732,HARSHIT HEMANI,3,N,E
132,2015ME20738,KARTIK CHOUDHARY,3,N,E
133,2015ME20741,KULKARNI INDRANEEL MUKUND,3,N,E
134,2015ME20747,NAMAN GOYAL,3,N,E
135,2015ME20753,RAJAT KHARBANDA,3,N,E
136,2015ME20756,ROHIT KUMAR,3,N,E
137,2015ME20759,SANJAY SINGH KHADDA,3,N,E
138,2015ME20765,SHUBHAM KUMAR,3,N,E
139,2015ME20768,TANYA SINGH,3,N,E
140,2015ME20771,YASH CHORDIA,3,N,E
141,2015ME10110,MOHD  BABAR,4,N,E
