List of students registered in (IInd Semester 20162017)
Course Code : MCL241
Course Description : ENERGY SYSTEMS AND TECH.
Serial No., Entry Number, Student Name, Course Group, Audit Withdrawal, Course Slot
1,2010ME10745,NITESH SINGH,1,N,B
2,2013ME10671,HIMANSHU SETH,1,N,B
3,2013ME10682,KHUSHAL SONI,1,N,B
4,2015ME10228,INDRAJEET  SINGH,1,N,B
5,2015ME10390,SUMIT  MAHLAWAT,1,N,B
6,2015ME10626,AAKASH MANGLA,1,N,B
7,2015ME10629,AKASH PARDASANI,1,N,B
8,2015ME10632,ALOK MEENA,1,N,B
9,2015ME10635,ANKUSH CHOPRA,1,N,B
10,2015ME10638,AYUSH RAI,1,N,B
11,2015ME10644,CHOKKAKU PRAVEEN KUMAR,1,N,B
12,2015ME10647,GAURAV KUMAR,1,N,B
13,2015ME10650,JATIN BANSAL,1,N,B
14,2015ME10653,KONETI SHIVATEJA,1,N,B
15,2015ME10656,LOKESH KUMAR CHANDOLIYA,1,N,B
16,2015ME10659,MEHUL MURADIA,1,N,B
17,2015ME10662,MOHIT AGARWAL,1,N,B
18,2015ME10665,PIYUSH KUMAR SAINI,1,N,B
19,2015ME10668,PRANJAL SINGH,1,N,B
20,2015ME10671,PULKIT GARG,1,N,B
21,2015ME10674,SAHIL SINGH MALIK,1,N,B
22,2015ME10677,SAURABH AGARWAL,1,N,B
23,2015ME10680,SHASHANK SAXENA,1,N,B
24,2015ME10683,SHUBHAM,1,N,B
25,2015ME10686,UTKARSH N. SINGH,1,N,B
26,2015ME10689,VIPUL KUMAR BALODA,1,N,B
27,2015ME10692,YASH YADAV,1,N,B
28,2015ME10899,JASLEEN  KAUR,1,N,B
29,2016me19019,JOANNA SITARZ,1,N,B
30,2011ME10697,MOHIT PANWAR,2,N,B
31,2012ME10669,HIMANSHU CHOUDHARY,2,N,B
32,2012ME10739,VIKASH KUMAR PAL,2,N,B
33,2013ME10722,SHASHI KUMAR,2,N,B
34,2015ME10108,MANAS  JOSHI,2,N,B
35,2015ME10354,PARAS  GUPTA,2,N,B
36,2015ME10383,SHUBHAM  SINGLA,2,N,B
37,2015ME10627,ABHAYRAJ SINGH MEENA,2,N,B
38,2015ME10630,AKHILESH VERMA,2,N,B
39,2015ME10633,AMIT KUMAR SAHU,2,N,B
40,2015ME10636,ARTH JAIN,2,N,B
41,2015ME10639,AYUSH SINGH,2,N,B
42,2015ME10642,BHADORIA ADITYA AKHILESH,2,N,B
43,2015ME10645,DHANANJAY GUPTA,2,N,B
44,2015ME10648,HARDEEP SINGH,2,N,B
45,2015ME10651,KANU RAJ ANAND,2,N,B
46,2015ME10654,KUNAL INDRA,2,N,B
47,2015ME10657,LOKRAJ MEENA,2,N,B
48,2015ME10660,MOHIT KHINCHI,2,N,B
49,2015ME10663,NEERAJ KUMAR,2,N,B
50,2015ME10666,PRAKHAR KUMAR MAHOBIA,2,N,B
51,2015ME10669,PRATEEK BHARTI,2,N,B
52,2015ME10672,RAGHU KUMAR YADAV,2,N,B
53,2015ME10675,SANYAM AGARWAL,2,N,B
54,2015ME10678,SAURABH KUMAR,2,N,B
55,2015ME10681,SHASHWAT SINHA,2,N,B
56,2015ME10684,SHUVANG JANDIYAL,2,N,B
57,2015ME10687,VAIBHAV KEJRIWAL,2,N,B
58,2015ME10690,VIVEK CHANDRA,2,N,B
59,2015ME10693,YOGESH KUMAR KALAWAT,2,N,B
60,2008ME10549,UTTAM SINGH,3,N,B
61,2012ME10690,NIKESH BISHT,3,N,B
62,2013ME10662,ESHWAR SAINI,3,N,B
63,2013ME10698,NARENDRA KUMAR MEENA,3,N,B
64,2014ME10633,AMIT KUMAR MUNDA,3,N,B
65,2015ME10044,MANAN A  GANDHI,3,N,B
66,2015ME10101,HARSH VARDHAN  RAI,3,N,B
67,2015ME10396,UTKARSH  PRABHAKAR,3,N,B
68,2015ME10628,AKASH KUMAR,3,N,B
69,2015ME10631,AKSHAY KUMAR SONI,3,N,B
70,2015ME10634,ANKIT JAIPURIA,3,N,B
71,2015ME10637,ATA UL HAQUE,3,N,B
72,2015ME10640,AYUSH GARG,3,N,B
73,2015ME10643,BRIJESH SANWARIYA,3,N,B
74,2015ME10646,FATEHDEEP SINGH WALLA,3,N,B
75,2015ME10652,KARTIK GUPTA,3,N,B
76,2015ME10655,LOCHAN SHARMA,3,N,B
77,2015ME10658,MAYANK MAHAWAR,3,N,B
78,2015ME10661,MOHIT SINGH,3,N,B
79,2015ME10664,NIKHIL GARG,3,N,B
80,2015ME10670,PULKIT AGARWAL,3,N,B
81,2015ME10673,RAVI CHOUDHARY,3,N,B
82,2015ME10676,SAURABH GOTHWAD,3,N,B
83,2015ME10679,SAURAV KUMAR GUPTA,3,N,B
84,2015ME10682,SHUBHAM RAJ TOMAR,3,N,B
85,2015ME10685,SONAL GAUTAM,3,N,B
86,2015ME10688,VINAY,3,N,B
87,2012ME10716,SANDIP REANG,4,N,B
88,2015ME10110,MOHD  BABAR,4,N,B
