List of students registered in (IInd Semester 20162017)
Course Code : MCL347
Course Description : INTERMEDIATE HEAT TRANSFER
Serial No., Entry Number, Student Name, Course Group, Audit Withdrawal, Course Slot
1,2013ME10660,DEEPANSHU SINGH,1,N,H
2,2013ME10859,PRABHU PRASAD PANDA,1,N,H
3,2013ME20765,AMIT BHARGAVA,1,N,H
4,2013ME20779,GRISHMI CHAAND,1,N,H
5,2013ME20783,JITENDRA KUAMR MALI,1,N,H
6,2013ME20784,JYOTI NAYAK,1,N,H
7,2008ME10528,PRATEEK NEGI,2,N,H
8,2013ME10673,HIMANSHU KUGESIYA,2,N,H
9,2013ME10676,KAILASH MOOND,2,N,H
10,2013ME10709,RAJVENDRA SINGH,2,N,H
11,2013ME10719,SAURABH SINGH,2,N,H
12,2013ME10726,SHUBHAM VIJ,2,N,H
13,2013ME20766,ANKUR KUMAR,2,N,H
14,2013ME20767,ANSH GOEL,2,N,H
15,2013ME20770,AYUSH KUMAR SHEOHARE,2,N,H
16,2013ME20780,HIMANSHU BHARGAVA,2,N,H
17,2013ME20901,ANUPENDRA SINGH,2,N,H
18,2015ME10648,HARDEEP SINGH,2,N,H
19,2009ME10584,KAKARLA CHIRANJEEVI,3,N,H
20,2011ME10735,T ABHILASH,3,N,H
21,2013ME10699,NAVEEN KUMAR,3,N,H
22,2013ME10703,PRASHANT YADAV,3,N,H
23,2013ME10706,PUSKAR SHARMA,3,N,H
24,2013ME10734,TULIKA JATRELE,3,N,H
25,2013ME10736,VANKADOTH ESHWAR NAIK,3,N,H
26,2013ME10738,VARUN SHARMA,3,N,H
27,2013ME10742,YASH KUMAR BANSAL,3,N,H
28,2013ME20775,DAKSH ARORA,3,N,H
29,2013ME10117,SAUHARD GUPTA,4,N,H
30,2013ME10325,AMAN GOYAL,4,N,H
31,2013ME10346,HARSHIT CHAUHAN,4,N,H
32,2013ME10641,AGRAWAL SHUBHAM RAJIV,4,N,H
33,2013ME10645,ANIMESH SINGH,4,N,H
34,2013ME10648,ANURAG ACHARYA,4,N,H
35,2013ME10649,ARPIT SINGH,4,N,H
36,2013ME10650,ASHISH SINGH,4,N,H
37,2013ME10657,CHOUDHARY SHUBHAM PANKAJ,4,N,H
38,2013ME10659,DEEPAK KUMAR,4,N,H
