List of students registered in (IInd Semester 20162017)
Course Code : MCL361
Course Description : MANUFACTURING SYSTEM DESIGN
Serial No., Entry Number, Student Name, Course Group, Audit Withdrawal, Course Slot
1,2012ME20787,NIRANJAN MEENA,1,N,D
2,2013ME10721,SAURABHDEEP SINGH DEOPURI,1,N,D
3,2013ME10727,SHUBHAM SINGH,1,N,D
4,2013ME20804,SUNIL KUMAR MEENA,1,N,D
5,2014ME10648,BHUKYA CHARAN NAIK,1,N,D
6,2014ME10650,DAKSH MITTAL,1,N,D
7,2014ME10654,DIVYANSHU ARYAN,1,N,D
8,2014ME10657,HARSH SAHU,1,N,D
9,2014ME10659,HIMANSHU MESHRAM,1,N,D
10,2014ME10661,JARABHALA SANTHOSH KUMAR,1,N,D
11,2014ME10664,KUCHI SRI HARSHAVARDHAN,1,N,D
12,2014ME10666,MD ZAFAR ANWAR,1,N,D
13,2014ME10668,MOHIT KUMAR,1,N,D
14,2014ME10670,NISHANT ATTRI,1,N,D
15,2014ME10672,PUNJALA VARUN DATTA,1,N,D
16,2014ME10674,RAJESH KUMAR,1,N,D
17,2014ME10676,RANIT HALDER,1,N,D
18,2014ME10678,RITESH SINGH,1,N,D
19,2014ME10680,RITVIK SINGH,1,N,D
20,2014ME10682,SAMBHAV JAIN,1,N,D
21,2014ME10684,SHALINEE KUMARI MEENA,1,N,D
22,2014ME10686,SHREY PANDEY,1,N,D
23,2014ME10690,TALLAPALLI HUSSAIN KUMAR,1,N,D
24,2014ME10692,VIKAS DEEP,1,N,D
25,2014ME10869,APOORVA PRADHAN,1,N,D
26,2014ME20707,ADITYA JAIN,1,N,D
27,2014ME20711,AMAN TAMRAKAR,1,N,D
28,2014ME20714,ANKIT KUMAR,1,N,D
29,2014ME20719,AVANI MAHAWAR,1,N,D
30,2014ME20725,GAURAV SINGH,1,N,D
31,2014ME20728,GOURAV,1,N,D
32,2014ME20731,HARSHVARDHAN SINGH,1,N,D
33,2014ME20734,JITENDRA CHOUDHARY,1,N,D
34,2014ME20738,KUNAL KUMAR,1,N,D
35,2014ME20741,NITEESH KUMAR DHAYAL,1,N,D
36,2014ME20744,PAWAN YADAV,1,N,D
37,2014ME20748,PRIYANSHEE PALRIWALA,1,N,D
38,2014ME20751,RAHUL GUPTA,1,N,D
39,2014ME20754,RICKSHESH MANCHANDA,1,N,D
40,2014ME20760,SANDEEP KUMAR,1,N,D
41,2014ME20763,SHAKSHAM PANDEY,1,N,D
42,2014ME20767,SUYASH BHUTADA,1,N,D
43,2014ME20770,VAIBHAV SAXENA,1,N,D
44,2014ME20773,VISHVA PRAKASH SHARMA,1,N,D
45,2011ME20801,SURENDRA KUMAR MEENA,2,N,D
46,2012ME20803,SIRRA ABHINAV PRAKASH,2,N,D
47,2013ME10729,SUBHASISH DAS,2,N,D
48,2014ME10647,BANGARU CHENNEPALLI ROHITH REDDY,2,N,D
49,2014ME10649,CHANDAN KUMAR,2,N,D
50,2014ME10651,DASARI VENKAT RAMANA,2,N,D
51,2014ME10653,DIVYANSH AMETA,2,N,D
52,2014ME10656,GAUNDAR ANIKET DEELIP,2,N,D
53,2014ME10658,HARSHIT KUMAR,2,N,D
54,2014ME10662,JAYESH BANKOTI,2,N,D
55,2014ME10669,NAVNEET NITESH,2,N,D
56,2014ME10671,NOOKALA UDAY SAI KUMAR,2,N,D
57,2014ME10675,RAKESH SHARMA,2,N,D
58,2014ME10677,RAVURI SUMANTH,2,N,D
59,2014ME10679,RITHUL.P,2,N,D
60,2014ME10681,SAHIL MALIK,2,N,D
61,2014ME10687,SHREYANSH GATTANI,2,N,D
62,2014ME10689,SUMIT KUMAR MISHRA,2,N,D
63,2014ME10691,UTKARSH OJHA,2,N,D
64,2014ME10693,VINAY BORIWAL,2,N,D
65,2014ME20708,ADITYA KUMAR CHAURASIYA,2,N,D
66,2014ME20712,AMOGH GUPTA,2,N,D
67,2014ME20715,ANKUR GOEL,2,N,D
68,2014ME20720,AYUSH AGARWAL,2,N,D
69,2014ME20723,CHHAGAN LAL,2,N,D
70,2014ME20726,GAURAV MILANKUMAR SARDAL,2,N,D
71,2014ME20729,GOURAV KAMBOJ,2,N,D
72,2014ME20735,KANAV GARG,2,N,D
73,2014ME20740,MOHAMMAD OSAID,2,N,D
74,2014ME20742,NITISH KUMAR,2,N,D
75,2014ME20745,PRASHANT KUMAR MEENA,2,N,D
76,2014ME20749,PURNENDU TRIPATHI,2,N,D
77,2014ME20752,RAMU NAIDU MALLA,2,N,D
78,2014ME20755,RISHABH NAGPAL,2,N,D
79,2014ME20761,SANGRAM VUPPALA,2,N,D
80,2014ME20764,SHANTANU SURESH CHATE,2,N,D
81,2014ME20768,UJJWAL SINGLA,2,N,D
82,2014ME20771,VANDANA ROLAN,2,N,D
83,2014ME20774,YASHOVAT A. JAIN,2,N,D
84,2013ME10679,KARAN GOYAL,3,N,D
85,2013ME10685,KUMAR SAMBHAVA,3,N,D
86,2013ME10738,VARUN SHARMA,3,N,D
87,2014ME10107,KARAN JINDAL,3,N,D
88,2014ME10167,HARSH GUPTA,3,N,D
89,2014ME10306,ABHISHEK KUMAR,3,N,D
90,2014ME10357,QAIM ABBAS,3,N,D
91,2014ME10399,TUSHAR SHANI,3,N,D
92,2014ME10626,ABHIJEET JAIN,3,N,D
93,2014ME10627,ABHISHEK KUMAR SINGH,3,N,D
94,2014ME10628,ADITYA SINGH,3,N,D
95,2014ME10630,ADITYA SINGH SANGWAN,3,N,D
96,2014ME10632,AKSHAY DESHWAL,3,N,D
97,2014ME10636,ANANT SHARMA,3,N,D
98,2014ME10637,ANJNAY SOOD,3,N,D
99,2014ME10638,ANKIT PARASHAR,3,N,D
100,2014ME10640,APPANA RAJA ABHISHEK,3,N,D
101,2014ME10641,ASHISH KUMAR RAI,3,N,D
102,2014ME10642,ASHISH GAUTAM,3,N,D
103,2014ME10643,ATUL KUMAR,3,N,D
104,2014ME10644,AVINASH KUMAR,3,N,D
105,2014ME10645,AVINASH DONGRE,3,N,D
106,2014ME10646,BAGUSETTY NISCHAY,3,N,D
107,2014ME20709,AJAY KUMAWAT,3,N,D
108,2014ME20713,ANEESH CHANDRA NUNNA,3,N,D
109,2014ME20717,ARJIT MAHAJAN,3,N,D
110,2014ME20724,DHRUV GUPTA,3,N,D
111,2014ME20727,GIRISH YADAV,3,N,D
112,2014ME20730,HARSH BANSAL,3,N,D
113,2014ME20733,HIMANSHU UPADHYAY,3,N,D
114,2014ME20737,KAWTIKWAR SAMIRAN VIKAS,3,N,D
115,2014ME20743,OMKAR SUDHIR PATIL,3,N,D
116,2014ME20747,PRERIT SAMRIA,3,N,D
117,2014ME20750,RAHUL SINGHAL,3,N,D
118,2014ME20753,RAVI KUMAR CHOUDHARY,3,N,D
119,2014ME20756,RISHABH CHOUHAN,3,N,D
120,2014ME20759,S PARDHU NIHAR,3,N,D
121,2014ME20762,SANSIDDH KUMAR JAIN,3,N,D
122,2014ME20765,SHASHWAT SAXENA,3,N,D
123,2014ME20769,UTKARSH AGARWAL,3,N,D
124,2014ME20772,VINEET TOPNO,3,N,D
125,2013ME10653,BANAVATH ROOPESH,4,N,D
126,2013ME10654,BANDI SRI RAMA CHANDRA MURTHY,4,N,D
127,2013ME10659,DEEPAK KUMAR,4,N,D
