List of students registered in (IInd Semester 20162017)
Course Code : MCL741
Course Description : Control Engineering
Serial No., Entry Number, Student Name, Course Group, Audit Withdrawal, Course Slot
1,2012ME10658,BORKAR SHUBHAM GAJANAN,1,N,C
2,2015MEM2583,RAJ KUMAR,1,N,C
3,2016CEZ8425,AKSHAY  KUMAR,1,N,C
4,2016MEM2705,RAJESH  KUMAR,1,N,C
5,2016MEM2706,ANKUSH  KAPOOR,1,N,C
6,2016MEM2707,SHISHIR  PRIYADARISI,1,N,C
7,2016MEM2716,ABHISHEK  VATSA,1,N,C
8,2016MEM2723,DHARANIVENDHAN  T,1,N,C
9,2016MEM2725,ASHUTOSH  MAHAJAN,1,N,C
10,2016MEM2729,RAVI KANT RAVI,1,N,C
11,2016MEM2735,RAMSINGH  MEENA,1,N,C
12,2016MEM2736,KEYURKUMAR DINESHBHAI PATEL,1,N,C
13,2016MEM2941,SANJIV GUPTA,1,N,C
14,2016MEM2942,BHARAT RAM MEENA,1,N,C
15,2016MEY7536,ARVIND SURESH AMBALAPUZHA,1,N,C
16,2016MEZ8280,VINAYAK  SUDALAI,1,N,C
17,2016MEZ8353,VINAY KUMAR,1,N,C
