List of students registered in (IInd Semester 20162017)
Course Code : MCL778
Course Description : DESIGN AND METALLURGY OF WELDE
Serial No., Entry Number, Student Name, Course Group, Audit Withdrawal, Course Slot
1,2015MEP2600,AKASH GAURAV,1,N,X
2,2015MEP2605,MOHAMMAD ABDUL HAQUE,1,N,X
3,2015MEP2613,RAVI RANJAN,1,N,X
4,2016JID2894,SURENDRA  BABOO,1,N,X
5,2016MEZ8267,SHARAF U NISA,1,N,X
6,2012ME10652,ANGAD KUMAR,3,N,X
7,2012ME10690,NIKESH BISHT,3,N,X
8,2012ME10700,PREM RAJ MEENA,3,N,X
9,2011ME10729,SHIVANK RAWAT,4,N,X
