List of students registered in (IInd Semester 20162017)
Course Code : MCL730
Course Description : Designing with Advance Materials
Serial No., Entry Number, Student Name, Course Group, Audit Withdrawal, Course Slot
1,2012ME10658,BORKAR SHUBHAM GAJANAN,1,N,B
2,2012ME20763,AKSHAY NASA,1,N,B
3,2016AMZ8168,SUVADEEP  SEN,1,N,B
4,2016MEM2709,VAISHALI  JAIN,1,N,B
5,2016MEM2712,VASU RAJ,1,N,B
6,2016MEM2721,ABHINAV  SINGHAL,1,N,B
7,2016MEM2942,BHARAT RAM MEENA,1,N,B
8,2016MEY7534,PUSHPENDER PRASAD PANDAY,1,N,B
9,2016MEZ8542,MOHD  TAUHEED,1,N,B
10,2012ME20782,LOVISH AHUJA,2,N,B
11,2013ME10666,GOUTAM KUMAR,3,N,B
12,2013ME10733,TAJBIJE ABHISHEK SHASHIKANT,3,N,B
13,2013ME20761,AASHISH KUMAR,3,N,B
