List of students registered in (IInd Semester 20162017)
Course Code : MCL748
Course Description : Tribological System Design
Serial No., Entry Number, Student Name, Course Group, Audit Withdrawal, Course Slot
1,2015MEM2583,RAJ KUMAR,1,N,H
2,2016BMZ8400,AJIT  KUMAR,1,N,H
3,2016MEM2729,RAVI KANT RAVI,1,N,H
4,2016MEZ8276,JEEWAN CHANDRA ATWAL,1,N,H
5,2016MEZ8546,SURAJ  BHAT,1,N,H
6,2012ME10739,VIKASH KUMAR PAL,2,N,H
7,2012ME10690,NIKESH BISHT,3,N,H
8,2012ME10700,PREM RAJ MEENA,3,N,H
9,2013ME10656,CHEEKATI RAKESH BABU,4,N,H
