List of students registered in (IInd Semester 20162017)
Course Code : MCL705
Course Description : EXPERIMENTAL METHODS
Serial No., Entry Number, Student Name, Course Group, Audit Withdrawal, Course Slot
1,2016MEZ8544,ALOK  SRIVASTAVA,0,N,C
2,2016MEP2523,R BALARAMAN,1,N,C
3,2016MEP2578,SONAWANE DHANANJAY SUDHIR,1,N,C
4,2016MEP2776,SWAPNIL  GUPTA,1,N,C
5,2016MEP2777,MAYANK  GARG,1,N,C
6,2016MEP2778,NITESH  KUMAR,1,N,C
7,2016MEP2780,ABHISHEK  DALAL,1,N,C
8,2016MEP2781,MANPREET  SHARMA,1,N,C
9,2016MEP2782,RITWIK  NILABH,1,N,C
10,2016MEP2783,ABHINANDAN  PANDEY,1,N,C
11,2016MEP2786,NIKHIL  GUPTA,1,N,C
12,2016MEP2788,NAVNEET  DWIVEDI,1,N,C
13,2016MEP2790,JITENDRA  KUMAR,1,N,C
14,2016MEP2797,KAPIL  KUMAR,1,N,C
15,2016MEP2798,ABHISHEK  RAMAN,1,N,C
16,2016MEP2802,KARTIK  MEENA,1,N,C
17,2016MEP2803,DIVYA  NIGAM,1,N,C
18,2016MEP2806,MADHUP KUMAR TRIPATHI,1,N,C
19,2016MEP2928,KSHITIZ  SRIVASTAVA,1,N,C
20,2016MEP2929,MADHUR  SHUKLA,1,N,C
21,2016MEP2930,VIKAS  SUTHAR,1,N,C
22,2016MEP2931,VIKAS  SINGH,1,N,C
23,2016MEP2932,SACHIN  KUMAR,1,N,C
24,2016MEP2933,RAHUL  KUMAR,1,N,C
25,2016MEP2969,ROHAN RAHULE,1,N,C
26,2016MEP2970,JYOTI KUMARI,1,N,C
27,2016MEP2971,AJEET KUMAR SINGH,1,N,C
28,2016MET2563,AJAY SINGH,1,N,C
29,2016MET2570,VIVEK B BANDAL,1,N,C
30,2016MET2756,HARISH KUMAR VERMA,1,N,C
31,2016MET2759,DIVYA  TAWRA,1,N,C
32,2016MET2762,MUKESH  KUMAR,1,N,C
33,2016MET2766,CHANDRA  NAYAN,1,N,C
34,2016MET2769,MAYANK  CHOUDHARY,1,N,C
35,2016MET2771,AJAY  MURMU,1,N,C
36,2016MET2772,PUSHPAK KUMAR THAKRE,1,N,C
37,2016MEY7539,RAMENDRA KUMAR,1,N,C
38,2016MEZ8269,ANKUR KUMAR TIWARI,1,N,C
39,2016MEZ8538,SUFIA  KHATOON,1,N,C
40,2016MEZ8540,ANURAG  MISHRA,1,N,C
41,2016MEZ8548,SANTOSH  KUSHWAHA,1,N,C
42,2016MEZ8551,AISHA  AHMED,1,N,C
43,2016MEZ8554,AVINASH KUMAR,1,N,C
