List of students registered in (IInd Semester 20162017)
Course Code : MCL736
Course Description : Automotive Design
Serial No., Entry Number, Student Name, Course Group, Audit Withdrawal, Course Slot
1,2010ME10745,NITESH SINGH,1,N,D
2,2012ME10658,BORKAR SHUBHAM GAJANAN,1,N,D
3,2016MEM2705,RAJESH  KUMAR,1,N,D
4,2016MEM2706,ANKUSH  KAPOOR,1,N,D
5,2016MEM2707,SHISHIR  PRIYADARISI,1,N,D
6,2016MEM2709,VAISHALI  JAIN,1,N,D
7,2016MEM2712,VASU RAJ,1,N,D
8,2016MEM2716,ABHISHEK  VATSA,1,N,D
9,2016MEM2721,ABHINAV  SINGHAL,1,N,D
10,2016MEM2723,DHARANIVENDHAN  T,1,N,D
11,2016MEM2725,ASHUTOSH  MAHAJAN,1,N,D
12,2016MEM2735,RAMSINGH  MEENA,1,N,D
13,2016MEM2736,KEYURKUMAR DINESHBHAI PATEL,1,N,D
14,2016MEM2941,SANJIV GUPTA,1,N,D
15,2016MEY7534,PUSHPENDER PRASAD PANDAY,1,N,D
16,2016MEZ8277,AMAN  VIKRAM,1,N,D
17,2016MEZ8548,SANTOSH  KUSHWAHA,1,N,D
18,2016MEZ8550,VISHNU  SUKUMAR,1,N,D
19,2013ME10658,DARPAN,4,N,D
