List of students registered in (IInd Semester 20162017)
Course Code : MCL756
Course Description : SUPPLY CHAIN MANAGEMENT
Serial No., Entry Number, Student Name, Course Group, Audit Withdrawal, Course Slot
1,2013ME10645,ANIMESH SINGH,0,N,B
2,2016MEE2809,SHIVAM  KARAULIYA,0,N,B
3,2016MEE2924,VIJETA VERMA,0,N,B
4,2016MEE2973,MD MUMTAZ ALAM,0,N,B
5,2013ME10859,PRABHU PRASAD PANDA,1,N,B
6,2013ME20765,AMIT BHARGAVA,1,N,B
7,2013ME20779,GRISHMI CHAAND,1,N,B
8,2013ME20782,JITENDRA KUMAR,1,N,B
9,2013ME20783,JITENDRA KUAMR MALI,1,N,B
10,2013ME20784,JYOTI NAYAK,1,N,B
11,2013ME20803,SUMIT KUMAR,1,N,B
12,2016MEE2551,THALAJ KAPOOR,1,N,B
13,2016MEE2812,HRITIK  RAUSHAN,1,N,B
14,2016MEE2925,RAVI YADAV,1,N,B
15,2016MEZ8557,SURESH BABU MUTTANA,1,N,B
16,2013ME10689,LOKESH KUMAR,2,N,B
17,2013ME10695,MOHIT KUMAR,2,N,B
18,2013ME20766,ANKUR KUMAR,2,N,B
19,2013ME20774,CHIRAG AGARWAL,2,N,B
20,2013ME20901,ANUPENDRA SINGH,2,N,B
21,2013ME20926,GARVIT ARORA,2,N,B
22,2013ME10699,NAVEEN KUMAR,3,N,B
23,2013ME20778,DHRUV GUPTA,3,N,B
24,2013ME20781,HIRA LAL VERMA,3,N,B
25,2013ME20791,POORNIMA VERMA,3,N,B
26,2013ME20795,RAHUL SIDH,3,N,B
27,2013ME20801,SHREY BIYANI,3,N,B
28,2013ME20806,YASH NALWAYA,3,N,B
29,2013ME10117,SAUHARD GUPTA,4,N,B
30,2013ME10646,ANKIT GUPTA,4,N,B
31,2013ME10649,ARPIT SINGH,4,N,B
32,2013ME10650,ASHISH SINGH,4,N,B
33,2013ME10668,HARI GOPAL RASTOGI,4,N,B
