List of students registered in (IInd Semester 20162017)
Course Code : MCP301
Course Description : MECHANICAL ENGINEERING LAB - I
Serial No., Entry Number, Student Name, Course Group, Audit Withdrawal, Course Slot
1,2013ME10654,BANDI SRI RAMA CHANDRA MURTHY,0,N,E
2,2013ME10721,SAURABHDEEP SINGH DEOPURI,1,N,E
3,2013ME10727,SHUBHAM SINGH,1,N,E
4,2014ME10648,BHUKYA CHARAN NAIK,1,N,E
5,2014ME10650,DAKSH MITTAL,1,N,E
6,2014ME10652,DEEPAK BHAMBHU,1,N,E
7,2014ME10654,DIVYANSHU ARYAN,1,N,E
8,2014ME10657,HARSH SAHU,1,N,E
9,2014ME10659,HIMANSHU MESHRAM,1,N,E
10,2014ME10661,JARABHALA SANTHOSH KUMAR,1,N,E
11,2014ME10664,KUCHI SRI HARSHAVARDHAN,1,N,E
12,2014ME10666,MD ZAFAR ANWAR,1,N,E
13,2014ME10668,MOHIT KUMAR,1,N,E
14,2014ME10670,NISHANT ATTRI,1,N,E
15,2014ME10672,PUNJALA VARUN DATTA,1,N,E
16,2014ME10674,RAJESH KUMAR,1,N,E
17,2014ME10676,RANIT HALDER,1,N,E
18,2014ME10678,RITESH SINGH,1,N,E
19,2014ME10680,RITVIK SINGH,1,N,E
20,2014ME10682,SAMBHAV JAIN,1,N,E
21,2014ME10684,SHALINEE KUMARI MEENA,1,N,E
22,2014ME10686,SHREY PANDEY,1,N,E
23,2014ME10688,SIDDHARTH AGRAWAL,1,N,E
24,2014ME10690,TALLAPALLI HUSSAIN KUMAR,1,N,E
25,2014ME10692,VIKAS DEEP,1,N,E
26,2014ME10869,APOORVA PRADHAN,1,N,E
27,2008ME10528,PRATEEK NEGI,2,N,E
28,2013ME10688,LAVIT GOSWAMI,2,N,E
29,2013ME10729,SUBHASISH DAS,2,N,E
30,2014ME10647,BANGARU CHENNEPALLI ROHITH REDDY,2,N,E
31,2014ME10651,DASARI VENKAT RAMANA,2,N,E
32,2014ME10653,DIVYANSH AMETA,2,N,E
33,2014ME10656,GAUNDAR ANIKET DEELIP,2,N,E
34,2014ME10658,HARSHIT KUMAR,2,N,E
35,2014ME10662,JAYESH BANKOTI,2,N,E
36,2014ME10665,MAYANK GUPTA,2,N,E
37,2014ME10669,NAVNEET NITESH,2,N,E
38,2014ME10671,NOOKALA UDAY SAI KUMAR,2,N,E
39,2014ME10675,RAKESH SHARMA,2,N,E
40,2014ME10677,RAVURI SUMANTH,2,N,E
41,2014ME10679,RITHUL.P,2,N,E
42,2014ME10681,SAHIL MALIK,2,N,E
43,2014ME10683,SAURAV KUMAR,2,N,E
44,2014ME10687,SHREYANSH GATTANI,2,N,E
45,2014ME10689,SUMIT KUMAR MISHRA,2,N,E
46,2014ME10691,UTKARSH OJHA,2,N,E
47,2014ME10693,VINAY BORIWAL,2,N,E
48,2015ME10354,PARAS  GUPTA,2,N,E
49,2013ME10679,KARAN GOYAL,3,N,E
50,2013ME10685,KUMAR SAMBHAVA,3,N,E
51,2013ME10691,MADHUR COUDHARY,3,N,E
52,2013ME10698,NARENDRA KUMAR MEENA,3,N,E
53,2013ME10738,VARUN SHARMA,3,N,E
54,2014ME10107,KARAN JINDAL,3,N,E
55,2014ME10167,HARSH GUPTA,3,N,E
56,2014ME10306,ABHISHEK KUMAR,3,N,E
57,2014ME10357,QAIM ABBAS,3,N,E
58,2014ME10399,TUSHAR SHANI,3,N,E
59,2014ME10626,ABHIJEET JAIN,3,N,E
60,2014ME10627,ABHISHEK KUMAR SINGH,3,N,E
61,2014ME10630,ADITYA SINGH SANGWAN,3,N,E
62,2014ME10631,AKSHAT SIDDHANT,3,N,E
63,2014ME10632,AKSHAY DESHWAL,3,N,E
64,2014ME10635,ANAND SANGWAN,3,N,E
65,2014ME10636,ANANT SHARMA,3,N,E
66,2014ME10637,ANJNAY SOOD,3,N,E
67,2014ME10638,ANKIT PARASHAR,3,N,E
68,2014ME10640,APPANA RAJA ABHISHEK,3,N,E
69,2014ME10641,ASHISH KUMAR RAI,3,N,E
70,2014ME10643,ATUL KUMAR,3,N,E
71,2014ME10644,AVINASH KUMAR,3,N,E
72,2014ME10645,AVINASH DONGRE,3,N,E
73,2014ME10646,BAGUSETTY NISCHAY,3,N,E
