List of students registered in (IInd Semester 20162017)
Course Code : MCQ302
Course Description : SEMINAR COURSE - II
Serial No., Entry Number, Student Name, Course Group, Audit Withdrawal, Course Slot
1,2013ME10664,GIRDHARI LAL JAKHAR,1,N,P
2,2013ME10682,KHUSHAL SONI,1,N,P
3,2013ME10701,PINTU KUMAWAT,1,N,P
4,2014CS10219,GANGASANI SAI SRIMANTH,1,N,P
5,2014CS10246,PRAGNESH JOGADIYA,1,N,P
6,2014CS10267,VISHNU BHALAKI,1,N,P
7,2014ME10678,RITESH SINGH,1,N,P
8,2014ME20725,GAURAV SINGH,1,N,P
9,2015ME20724,ARCHIT MATTA,1,N,P
10,2015ME20748,NIKHIL BANSAL,1,N,P
11,2013ME20770,AYUSH KUMAR SHEOHARE,2,N,P
12,2013ME20780,HIMANSHU BHARGAVA,2,N,P
13,2013ME20786,MANDALI SANDEEP,2,N,P
14,2014CS10268,WAGHMARE SAURABH MILIND,2,N,P
15,2014ME20732,HEMANT,2,N,P
16,2014ME20774,YASHOVAT A. JAIN,2,N,P
17,2015ME10108,MANAS  JOSHI,2,N,P
18,2015ME10383,SHUBHAM  SINGLA,2,N,P
19,2015ME20722,ANTRIKSH MATHUR,2,N,P
20,2015ME20728,BHAGYAM CHOUDHARY,2,N,P
21,2015ME20773,YUGAL KISHOR MEENA,2,N,P
22,2013ME10662,ESHWAR SAINI,3,N,P
23,2014ME10628,ADITYA SINGH,3,N,P
24,2015ME20729,BHAVYA KAUSHIK,3,N,P
25,2013EE30557,KARAN VARSHNEY,4,N,P
26,2013ME10651,AVDHESH MEENA,4,N,P
27,2013ME10659,DEEPAK KUMAR,4,N,P
