List of students registered in (IInd Semester 20162017)
Course Code : MCQ303
Course Description : SEMINAR COURSE - III
Serial No., Entry Number, Student Name, Course Group, Audit Withdrawal, Course Slot
1,2013ME10682,KHUSHAL SONI,1,N,P
2,2013ME10859,PRABHU PRASAD PANDA,1,N,P
3,2013ME20765,AMIT BHARGAVA,1,N,P
4,2013ME20771,BACHANTI KRISHNA,1,N,P
5,2013ME20792,PRABUDDH RAI,1,N,P
6,2013ME20803,SUMIT KUMAR,1,N,P
7,2014ME10678,RITESH SINGH,1,N,P
8,2014ME20707,ADITYA JAIN,1,N,P
9,2013ME10692,MANISH KUMAR MEENA,2,N,P
10,2013ME20777,DHAWAL JAIN,2,N,P
11,2014ME10671,NOOKALA UDAY SAI KUMAR,2,N,P
12,2014ME20708,ADITYA KUMAR CHAURASIYA,2,N,P
13,2014ME20740,MOHAMMAD OSAID,2,N,P
14,2013ME10674,HITESH CHAUHAN,3,N,P
15,2013ME10698,NARENDRA KUMAR MEENA,3,N,P
16,2013ME10703,PRASHANT YADAV,3,N,P
17,2013ME20768,ARUN BHANDARI,3,N,P
18,2013ME20795,RAHUL SIDH,3,N,P
19,2014ME10644,AVINASH KUMAR,3,N,P
20,2014ME10646,BAGUSETTY NISCHAY,3,N,P
21,2014ME20733,HIMANSHU UPADHYAY,3,N,P
22,2013ME10643,AKSHAT GARG,4,N,P
23,2013ME10645,ANIMESH SINGH,4,N,P
24,2013ME10651,AVDHESH MEENA,4,N,P
