List of students registered in (IInd Semester 20162017)
Course Code : MSD890
Course Description : MAJOR PROJECT (UNIQUE CORE)
Serial No., Entry Number, Student Name, Course Group, Audit Withdrawal, Course Slot
1,2015SMF6501,AMULYA Y G,1,N,P
2,2015SMF6502,ANKIT,1,N,P
3,2015SMF6505,ELLURU SAHITYA,1,N,P
4,2015SMF6506,KARAN LAMBA,1,N,P
5,2015SMF6507,KIRAN LINGALA,1,N,P
6,2015SMF6508,MADISETTY SANDEEP,1,N,P
7,2015SMF6509,MAHJABEEN MIRZA BEG,1,N,P
8,2015SMF6510,MANUJ KHULLAR,1,N,P
9,2015SMF6511,MD SHAYAAN AMBER,1,N,P
10,2015SMF6512,MOHIT BHUTANI,1,N,P
11,2015SMF6513,MONIKA MAHANSARIA,1,N,P
12,2015SMF6514,NARAYANAN,1,N,P
13,2015SMF6515,NIKHIL KUMAR,1,N,P
14,2015SMF6516,NIKITA BANSAL,1,N,P
15,2015SMF6517,NISHANT GUPTA,1,N,P
16,2015SMF6520,PAWANPREET SINGH,1,N,P
17,2015SMF6521,PEDHAREDLA AKHILESH KUMAR,1,N,P
18,2015SMF6522,POLAKI KISHOR RAO,1,N,P
19,2015SMF6523,RISHABH GUPTA,1,N,P
20,2015SMF6524,RISHABH SRIVASTAVA,1,N,P
21,2015SMF6528,STUTI AGRAWAL,1,N,P
22,2015SMF6529,UMANG BHAMBRI,1,N,P
23,2015SMF6531,VARUN VIJH,1,N,P
24,2015SMF6534,VISHAV GAURAV RAHI,1,N,P
25,2015SMF6582,AKSHAY GANJU,1,N,P
26,2015SMF6583,ESHA SRIVASTAVA,1,N,P
27,2015SMF6584,GAUTAM THAKUR,1,N,P
28,2015SMF6586,HARDIK GUPTA,1,N,P
29,2015SMF6587,ISHAAN KHURANA,1,N,P
30,2015SMF6588,K NAVEEN,1,N,P
31,2015SMF6589,RISHA MOHAN,1,N,P
32,2015SMF6590,RISHABH JAIN,1,N,P
33,2015SMF6591,ROCHIT ANAND,1,N,P
34,2015SMF6592,SHANTANU MEHTA,1,N,P
35,2015SMF6593,SHRIRANG DATTATRAY HALWE,1,N,P
36,2015SMF6594,VARSHA KANSAL,1,N,P
37,2015SMF6605,RAHULDEV,1,N,P
