List of students registered in (IInd Semester 20162017)
Course Code : MSD892
Course Description : MAJOR PROJECT (UNIQUE CORE)
Serial No., Entry Number, Student Name, Course Group, Audit Withdrawal, Course Slot
1,2014SMN6576,BHARTENDRA PRATAPSINGH,1,N,P
2,2014SMN6582,GAURAV,1,N,P
3,2014SMN6584,GURPREET SINGH,1,N,P
4,2014SMN6587,ISHANI DAS,1,N,P
5,2014SMN6588,JASMINDER PALSINGH SEHGAL,1,N,P
6,2014SMN6589,MAHIMA JAIN,1,N,P
7,2014SMN6591,MANISH RAJPAL,1,N,P
8,2014SMN6593,MANPREET SINGHMANN,1,N,P
9,2014SMN6595,MOHITE SURAJSHASHIKANT,1,N,P
10,2014SMN6597,NITESH MAAN,1,N,P
11,2014SMN6598,PRASHANT TEWARI,1,N,P
12,2014SMN6599,PUSHPENDRA PRATAPSINGH,1,N,P
13,2014SMN6600,RAHUL SINGH,1,N,P
14,2014SMN6601,RAHUL BAJAJ,1,N,P
15,2014SMN6605,RAJNEESH GUPTA,1,N,P
16,2014SMN6606,RAMAN KUMAR,1,N,P
17,2014SMN6607,REETESH KUMAR,1,N,P
18,2014SMN6609,SACHIN JAIN,1,N,P
19,2014SMN6610,SAURABH SHARMA,1,N,P
20,2014SMN6612,SHRI HARIVIJAYAN,1,N,P
21,2014SMN6616,VANDANA,1,N,P
