List of students registered in (IInd Semester 20162017)
Course Code : MSL303
Course Description : MARKETING MANAGEMENT
Serial No., Entry Number, Student Name, Course Group, Audit Withdrawal, Course Slot
1,2014CH70191,SUMIT,0,N,A
2,2013CH10063,ABHISHEK CHOUDHARY,1,N,A
3,2014CE10060,SIDDHARTH CHAUHAN,1,N,A
4,2014CE10325,ASHUTOSH SHARMA,1,N,A
5,2014CE10383,SHUBHAM AGRAWAL,1,N,A
6,2014CE10397,TINISH GUPTA,1,N,A
7,2014CH10100,HETRAM,1,N,A
8,2014CH10103,JAHANAVI BANSAL,1,N,A
9,2014CH10110,MEHUL KAMRA,1,N,A
10,2014CH10146,YASH DAVE,1,N,A
11,2014CH10933,SANJANA GARG,1,N,A
12,2014CH70170,KASHISH JALAN,1,N,A
13,2014CH70194,UDIT S BEHL,1,N,A
14,2014CH70198,YOGESHWARI CHANDRAWAT,1,N,A
15,2014ME10670,NISHANT ATTRI,1,N,A
16,2014ME10672,PUNJALA VARUN DATTA,1,N,A
17,2014ME10676,RANIT HALDER,1,N,A
18,2014PH10787,ARVIND YADAV,1,N,A
19,2014PH10803,MANAS PODDAR,1,N,A
20,2014PH10809,PARYULL JAIN,1,N,A
21,2014TT10865,AMIT VERMA,1,N,A
22,2014TT10881,DIVYAM GUPTA,1,N,A
23,2014TT10897,KUMAR ROHAN,1,N,A
24,2014TT10899,MAHENDRA KUMAR SHESHAMA,1,N,A
25,2014TT10918,PUNIT KUMAR,1,N,A
26,2014TT10921,RAJAT AGGARWAL,1,N,A
27,2014TT10935,SAURABH SAXENA,1,N,A
28,2014TT10951,VIKASH KUMAR,1,N,A
29,2014TT10955,YASH BANSAL,1,N,A
30,2014TT10956,YUDHISHTHAR POONIA,1,N,A
31,2013CH70369,PALASH NANDWANI,2,N,A
32,2013ME20796,RAVI SAINI,2,N,A
33,2014CE10301,AARUSH GUPTA,2,N,A
34,2014CE10340,HARSHA TIWARI,2,N,A
35,2014CE10352,NITISH,2,N,A
36,2014CE10358,RAGHAV RATTAN,2,N,A
37,2014CH10104,JITENDRA MEGHWAL,2,N,A
38,2014CH10117,PRASHANT JAIN,2,N,A
39,2014CH70154,AKANKSHA PUWAR,2,N,A
40,2014CH70156,ANIKET SAHA,2,N,A
41,2014CH70197,YASH CHOUDHARY,2,N,A
42,2014ME10647,BANGARU CHENNEPALLI ROHITH REDDY,2,N,A
43,2014ME10658,HARSHIT KUMAR,2,N,A
44,2014ME10662,JAYESH BANKOTI,2,N,A
45,2014ME10681,SAHIL MALIK,2,N,A
46,2014ME10693,VINAY BORIWAL,2,N,A
47,2014PH10782,ABHISHEK BHARDWAJ,2,N,A
48,2014PH10802,KULDEEP UDAI,2,N,A
49,2014TT10855,ABHAY KUMAR,2,N,A
50,2014TT10858,ABHISHEK CHOUHAN,2,N,A
51,2014TT10891,KARAN SINGLA,2,N,A
52,2014TT10930,RUPIKA,2,N,A
53,2014BB10029,ARCHIT KUMAR,3,N,A
54,2014BB10035,GAJRAJ SINGH YADAV,3,N,A
55,2014BB10052,RASHMI YADAV,3,N,A
56,2014BB10063,VARSHA SESHADRI,3,N,A
57,2014CE10307,AKHIL GOYAL,3,N,A
58,2014CE10370,RIYA AGARWAL,3,N,A
59,2014CH10096,DIVYANSHI YADAV,3,N,A
60,2014CH10130,SAURABH PANDEY,3,N,A
61,2014CH10138,SHUBHAM JAIN,3,N,A
62,2014ME10626,ABHIJEET JAIN,3,N,A
63,2014ME10630,ADITYA SINGH SANGWAN,3,N,A
64,2014MT60557,KISHAN SAHU,3,N,A
65,2014TT10860,ADITYA PRATAP SINGH,3,N,A
66,2014TT10862,AJAY,3,N,A
67,2014TT10908,NARESH KUMAR MEENA,3,N,A
68,2014TT10925,RISHABH SHARMA,3,N,A
69,2014TT10927,RISHI K GARG,3,N,A
70,2014CE10312,AMOL SINGH,4,N,A
71,2014CE10372,SAMARTH GOYAL,4,N,A
72,2014CH10084,APOORV KATIYAR,4,N,A
73,2014CH10086,ARUSHI GOEL,4,N,A
74,2014CH10087,ARYAN GUPTA,4,N,A
75,2014CH10089,ASHUTOSH DHEWAL,4,N,A
76,2014EE10137,SHUBHAM KUNDAL,4,N,A
77,2014MT10612,SATYAM KUMAR,4,N,A
78,2014MT10614,VAIBHAV GUPTA,4,N,A
79,2014TT10886,HITESH KHATRI,4,N,A
80,2014TT10894,KRISHNA KUMAR RATHI,4,N,A
