List of students registered in (IInd Semester 20162017)
Course Code : MSL724
Course Description : COMMUNICATION SKILLS
Serial No., Entry Number, Student Name, Course Group, Audit Withdrawal, Course Slot
1,2015PHS7121,HARISH GARG,1,N,S2
2,2016SMN6636,NIVEDITA MALIK,1,N,S2
3,2016SMN6637,SHYAM KUMAR,1,N,S2
4,2016SMN6639,AKSHAY CHAUHAN,1,N,S2
5,2016SMN6640,ROHIT GROVER,1,N,S2
6,2016SMN6641,KULBIR SINGH LAMBA,1,N,S2
7,2016SMN6642,NAVEEN KUMAR SOLANKI,1,N,S2
8,2016SMN6643,KULDEEP SINGH,1,N,S2
9,2016SMN6644,AMIT DEWAN,1,N,S2
10,2016SMN6646,SHREY WASON,1,N,S2
11,2016SMN6647,SREERAJ PR,1,N,S2
12,2016SMN6648,SAMIR GUPTA,1,N,S2
13,2016SMN6649,TRIPTI PANDEY,1,N,S2
14,2016SMN6650,HONEY RAZA,1,N,S2
15,2016SMN6651,ANKIT SINGH,1,N,S2
16,2016SMN6652,AKASH GOEL,1,N,S2
17,2016SMN6653,CHANCHAL BANERJEE,1,N,S2
18,2016SMN6654,AKSHAY KUMAR JHA,1,N,S2
19,2016SMN6656,NAVEEN KUMAR MISHRA,1,N,S2
20,2016SMN6657,SIMRANJEET SINGH AHUJA,1,N,S2
21,2016SMN6658,VINAY JOSHI,1,N,S2
22,2016SMN6659,RAHUL ARORA,1,N,S2
23,2016SMN6660,ANKIT KUMAR,1,N,S2
24,2016SMN6661,ARCHIT SRIVASTAVA,1,N,S2
25,2016SMN6662,K S V L NARAYANA,1,N,S2
26,2016SMN6663,DISHA SAXENA,1,N,S2
27,2016SMN6665,HEMANT TIWARI,1,N,S2
28,2016SMN6666,AVIRAL RAJEEV,1,N,S2
29,2016SMN6667,MANINDER SINGH,1,N,S2
30,2016SMN6668,RAJESH KUMAR,1,N,S2
31,2016SMN6669,RISHABH KUMAR,1,N,S2
32,2016SMN6670,SACHIN TANWAR,1,N,S2
33,2016SMN6675,RAJESH KUMAR,1,N,S2
34,2016SMN6677,NIRAJ KUMAR,1,N,S2
35,2016SMN6679,THANARAJ S,1,N,S2
36,2016SMN6680,DEEPAK KUMAR,1,N,S2
37,2016SMN6681,TARUN PRASAD,1,N,S2
38,2016SMN6682,PRITHA BARUA,1,N,S2
39,2016SMN6683,AMMI RUHAMA TIRKEY,1,N,S2
40,2016SMN6684,GARIMA GAUR,1,N,S2
41,2016SMN6685,VIVEK KUMAR GUPTA,1,N,S2
42,2016SMN6687,RAKHI ARORA,1,N,S2
43,2016SMN6688,ANKUSH GROVER,1,N,S2
44,2016SMN6689,SIPI SHAMBHAVI,1,N,S2
45,2016SMN6690,PUSKAR RAY,1,N,S2
46,2016SMN6691,SHARANDEEP SINGH BALUJA,1,N,S2
47,2016SMN6692,AASHISH BHATLA,1,N,S2
48,2016SMN6693,SWANIT SUMAN,1,N,S2
49,2016SMN6696,NISHANT SINGHAL,1,N,S2
50,2016SMN6698,RAJINDER PARTAP SINGH,1,N,S2
51,2016SMN6699,MAYANK KRISHAN,1,N,S2
52,2016SMN6700,HIMANSHI CHHIBBER,1,N,S2
53,2016SMN6701,RABAB FATIMA,1,N,S2
54,2016SMN6702,NITESH PAREEK,1,N,S2
