List of students registered in (IInd Semester 20162017)
Course Code : MSL703
Course Description : Management of Technology Transfer and Absorption
Serial No., Entry Number, Student Name, Course Group, Audit Withdrawal, Course Slot
1,2014PH10823,SHAILENDRA P SINGH DHAKAD,1,N,R
2,2015SMN6538,AAKASH JAIN,1,N,R
3,2015SMN6539,ABHINAV MOHAPATRA,1,N,R
4,2015SMN6540,ABHINAV KUMAR,1,N,R
5,2015SMN6541,AKSHIT MITTAL,1,N,R
6,2015SMN6542,AMIR SULTAN,1,N,R
7,2015SMN6543,ANAND KAJLA,1,N,R
8,2015SMN6544,ATUL SHARMA,1,N,R
9,2015SMN6548,GAURAV SHARMA,1,N,R
10,2015SMN6549,GAUTAM PRAKASH,1,N,R
11,2015SMN6551,HARPREET SINGH KALSI,1,N,R
12,2015SMN6552,ISHMEET SINGH,1,N,R
13,2015SMN6553,JENNY JOHN,1,N,R
14,2015SMN6555,MEENAL SHARMA,1,N,R
15,2015SMN6556,MOHIT CHATURVEDI,1,N,R
16,2015SMN6557,NAVEEN MALIK,1,N,R
17,2015SMN6558,NIDHI ARORA,1,N,R
18,2015SMN6559,NIKHIL SUKHNANI,1,N,R
19,2015SMN6560,POOJA DUA,1,N,R
20,2015SMN6564,RACHIT KUMAR,1,N,R
21,2015SMN6565,RAJAT,1,N,R
22,2015SMN6566,ROHAN KRISHNA,1,N,R
23,2015SMN6567,RUHANI ARORA,1,N,R
24,2015SMN6568,SAURABH SINGH NEGI,1,N,R
25,2015SMN6569,SMARAJIT MISHRA,1,N,R
26,2015SMN6570,SONAM JAIN,1,N,R
27,2015SMN6572,SWATI TYAGI,1,N,R
28,2015SMN6574,TARUN KUMAR VERMA,1,N,R
29,2015SMN6576,VAIBHAV SAWHNEY,1,N,R
30,2015SMN6577,VINOD,1,N,R
31,2016SMZ8030,ABHISHEK CHANDER CHANDA,1,N,R
32,2016SMZ8444,ISHITA  BATRA,1,N,R
33,2013ME10699,NAVEEN KUMAR,3,N,R
34,2015CE10340,MITUL MITTAL,4,N,R
