List of students registered in (IInd Semester 20162017)
Course Code : MSL745
Course Description : OPERATIONS MANAGEMENT
Serial No., Entry Number, Student Name, Course Group, Audit Withdrawal, Course Slot
1,2016BSZ8460,SONALI  SHANKAR,1,N,H
2,2016SMF6507,HARSHITA,1,N,H
3,2016SMF6509,MANU MEHTA,1,N,H
4,2016SMF6510,MAHALAKSHMI BS,1,N,H
5,2016SMF6519,AISHWARYA,1,N,H
6,2016SMF6522,SANDEEP M P,1,N,H
7,2016SMF6523,GOPAL SUNDER GUPTA,1,N,H
8,2016SMF6534,SUDNYA MAKARAND DESAI,1,N,H
9,2016SMF6539,VEMULA VINAY KUMAR,1,N,H
10,2016SMF6542,C R EASHWAR PRASAD,1,N,H
11,2016SMF6544,VIVEK KOTHAPALLY,1,N,H
12,2016SMF6573,RHEA JAYANT,1,N,H
13,2016SMF6581,JIVTESH SINGH,1,N,H
14,2016SMF6585,RIGZIN YANGDOL,1,N,H
15,2016SMF6607,VYAS CHINTAN PARIMAL,1,N,H
16,2016SMF6608,ASHUTOSH MITTAL,1,N,H
17,2016SMF6609,SHRUTI NARANG,1,N,H
18,2016SMF6610,ANIRUDH GOYAL,1,N,H
19,2016SMF6611,UTKARSHA MANI,1,N,H
20,2016SMF6613,ABHIRUP MUKHERJEE,1,N,H
21,2016SMF6614,BHAVYA SURI,1,N,H
22,2016SMF6615,KOMALI KANDLAKUNTA,1,N,H
23,2016SMF6616,MANHAR JINDAL,1,N,H
24,2016SMF6617,SWAPNA JOSHI,1,N,H
25,2016SMF6618,JAKHARIA BHARGAV BIPINBHAI,1,N,H
26,2016SMF6623,SUGANDHA GOYAL,1,N,H
27,2016SMF6624,ARCHANA,1,N,H
28,2016SMF6626,GITESH ARORA,1,N,H
29,2016SMF6628,PALLAVI JAIN,1,N,H
30,2016SMF6632,SAJAL ARORA,1,N,H
31,2016SMF6633,SAJID WASIM HAQUE,1,N,H
32,2016SMF6635,HARIKISHORE V,1,N,H
33,2016SMF6636,ADITYA RAJ,1,N,H
34,2016SMF6637,KUMTHEKAR SHREEYANKA PRAVIN,1,N,H
35,2016SMF6638,SHUBHAM GARG,1,N,H
36,2016SMF6639,KESHAV KUNAL,1,N,H
37,2016SMF6640,ASTHA SINGHAL,1,N,H
38,2016SMF6644,K ABHINAY,1,N,H
39,2016SMF6645,VISHIKA YADAV,1,N,H
40,2016SMF6647,KRANTHI KUMAR POGAKU,1,N,H
41,2016SMF6648,KOPAL JAIN,1,N,H
42,2016SMF6649,GUNDEEP SINGH SHAH,1,N,H
43,2016SMF6650,MOHIT SINDHANI,1,N,H
44,2016SMF6682,RICHA KHETAN,1,N,H
45,2016SMF6684,ABBAS SINGAPURWALA,1,N,H
46,2016SMF6685,ABHISHEK DUTTA,1,N,H
47,2016SMF6686,HIMANSHU JAIN,1,N,H
48,2016SMF6687,VAIBHAV KAROLIA,1,N,H
49,2016SMF6690,UTKARSH AGARWAL,1,N,H
50,2016SMF6691,AISHWARYA CHAUHAN,1,N,H
51,2016SMF6692,ADITI JAIN,1,N,H
52,2016SMF6693,PARA AKHIL,1,N,H
53,2016SMF6694,SHASHANK CHOUDHARY,1,N,H
54,2016SMF6695,PRAKHKHAR GUPTA,1,N,H
55,2016SMF6696,YASH BHATIA,1,N,H
56,2016SMF6697,ROMAULD F,1,N,H
57,2016SMF6698,RIA BAGLA,1,N,H
58,2016SMF6699,SAXENA JASWANT NARENDRA,1,N,H
59,2016SMF6700,PRITAM KUMAR MAHAPATRA,1,N,H
60,2016SMF6701,RUPAL SHARMA,1,N,H
61,2016SMF6702,ROHIT ARORA,1,N,H
62,2016SMF6703,DEEPANSHU KAUSHIK,1,N,H
63,2016SMF6704,UDIT GUPTA,1,N,H
64,2016SMF6705,SUDHA CHANDAN PANDA,1,N,H
65,2016SMF6706,MUNDHADA ADITYA GHANSHYAM,1,N,H
66,2016SMF6707,THARUN SOMA RAJ MANDAPALLI,1,N,H
67,2016SMF6708,SUTAPA DEY,1,N,H
68,2016SMF6709,M R SHREYAS,1,N,H
69,2016SMF6710,HIMANSHU AGGARWAL,1,N,H
70,2016SMF6711,ANKUR DIXIT,1,N,H
71,2016SMF6712,GAGANDEEP OBEROI,1,N,H
72,2016SMF6720,DIPIKA AGARWAL,1,N,H
73,2016SMT6590,AKSHAY KUMAR BALI,1,N,H
74,2016SMT6591,JYOTI GARG,1,N,H
75,2016SMT6595,POORNIMA ASIJA,1,N,H
76,2016SMT6601,SANDIP DAS,1,N,H
77,2016SMT6623,SAURABH SINGH,1,N,H
78,2016SMT6624,SUSHANT CHOUDHERY,1,N,H
79,2016SMT6626,UJJAWAL MAYANK SRIVASTAVA,1,N,H
80,2016SMT6629,V ANISHKUMAR,1,N,H
81,2016SMT6631,KOTANGALE PRATIK RAVINDRA,1,N,H
82,2016SMT6635,SHAYANTU SINHA ROY,1,N,H
83,2016SMT6636,ABHISHEK GUPTA,1,N,H
84,2016SMT6637,MANOJ M K,1,N,H
85,2016SMT6640,POORVI JAIN,1,N,H
86,2016SMT6688,VIKASH KUMAR,1,N,H
87,2016SMT6713,KUSHAGRA AGARWAL,1,N,H
88,2016SMT6714,ARPIT BHATIA,1,N,H
89,2016SMT6715,JOBIN JOSE,1,N,H
90,2016SMT6716,SANDEEPAN SARMAH,1,N,H
91,2016SMT6717,TUSHAR DHINGRA,1,N,H
92,2016SMT6718,ROHIT VAISH,1,N,H
93,2016SMT6719,PAVAN NANDKISHORE SHARMA,1,N,H
94,2016SMZ8443,SHRADDHA  MISHRA,1,N,H
95,2016SMZ8450,ANCHAL  PATIL,1,N,H
96,2016SMZ8451,VEEPAN  KUMAR,1,N,H
