List of students registered in (IInd Semester 20162017)
Course Code : MSL874
Course Description : Indian Financial System
Serial No., Entry Number, Student Name, Course Group, Audit Withdrawal, Course Slot
1,2015ANZ8479,PANKAJ DIKSHIT,1,N,T1
2,2015SMN6538,AAKASH JAIN,1,N,T1
3,2015SMN6539,ABHINAV MOHAPATRA,1,N,T1
4,2015SMN6540,ABHINAV KUMAR,1,N,T1
5,2015SMN6544,ATUL SHARMA,1,N,T1
6,2015SMN6551,HARPREET SINGH KALSI,1,N,T1
7,2015SMN6552,ISHMEET SINGH,1,N,T1
8,2015SMN6553,JENNY JOHN,1,N,T1
9,2015SMN6555,MEENAL SHARMA,1,N,T1
10,2015SMN6557,NAVEEN MALIK,1,N,T1
11,2015SMN6558,NIDHI ARORA,1,N,T1
12,2015SMN6564,RACHIT KUMAR,1,N,T1
13,2015SMN6565,RAJAT,1,N,T1
14,2015SMN6567,RUHANI ARORA,1,N,T1
15,2015SMN6568,SAURABH SINGH NEGI,1,N,T1
16,2015SMN6572,SWATI TYAGI,1,N,T1
17,2015SMN6576,VAIBHAV SAWHNEY,1,N,T1
