List of students registered in (IInd Semester 20162017)
Course Code : MSL885
Course Description : Digital Marketing-Analytics & Optimization
Serial No., Entry Number, Student Name, Course Group, Audit Withdrawal, Course Slot
1,2013CH10061,AASTHA DHIMAN,1,N,T
2,2014SMN6568,ADITYA DAS,1,N,T
3,2014SMN6593,MANPREET SINGHMANN,1,N,T
4,2014SMN6610,SAURABH SHARMA,1,N,T
5,2015JTM2769,AMIT KUMAR SAH,1,N,T
6,2015SMF6501,AMULYA Y G,1,N,T
7,2015SMF6502,ANKIT,1,N,T
8,2015SMF6506,KARAN LAMBA,1,N,T
9,2015SMF6507,KIRAN LINGALA,1,N,T
10,2015SMF6508,MADISETTY SANDEEP,1,N,T
11,2015SMF6509,MAHJABEEN MIRZA BEG,1,N,T
12,2015SMF6512,MOHIT BHUTANI,1,N,T
13,2015SMF6513,MONIKA MAHANSARIA,1,N,T
14,2015SMF6516,NIKITA BANSAL,1,N,T
15,2015SMF6521,PEDHAREDLA AKHILESH KUMAR,1,N,T
16,2015SMF6522,POLAKI KISHOR RAO,1,N,T
17,2015SMF6523,RISHABH GUPTA,1,N,T
18,2015SMF6524,RISHABH SRIVASTAVA,1,N,T
19,2015SMF6528,STUTI AGRAWAL,1,N,T
20,2015SMF6529,UMANG BHAMBRI,1,N,T
21,2015SMF6531,VARUN VIJH,1,N,T
22,2015SMF6534,VISHAV GAURAV RAHI,1,N,T
23,2015SMF6582,AKSHAY GANJU,1,N,T
24,2015SMF6583,ESHA SRIVASTAVA,1,N,T
25,2015SMF6584,GAUTAM THAKUR,1,N,T
26,2015SMF6587,ISHAAN KHURANA,1,N,T
27,2015SMF6588,K NAVEEN,1,N,T
28,2015SMF6589,RISHA MOHAN,1,N,T
29,2015SMF6590,RISHABH JAIN,1,N,T
30,2015SMF6591,ROCHIT ANAND,1,N,T
31,2015SMF6592,SHANTANU MEHTA,1,N,T
32,2015SMF6593,SHRIRANG DATTATRAY HALWE,1,N,T
33,2015SMF6594,VARSHA KANSAL,1,N,T
34,2015SMF6605,RAHULDEV,1,N,T
35,2015SMN6541,AKSHIT MITTAL,1,N,T
36,2015SMN6542,AMIR SULTAN,1,N,T
37,2015SMN6543,ANAND KAJLA,1,N,T
38,2015SMN6548,GAURAV SHARMA,1,N,T
39,2015SMN6556,MOHIT CHATURVEDI,1,N,T
40,2015SMN6559,NIKHIL SUKHNANI,1,N,T
41,2015SMN6560,POOJA DUA,1,N,T
42,2015SMN6566,ROHAN KRISHNA,1,N,T
43,2015SMN6570,SONAM JAIN,1,N,T
44,2015SMN6574,TARUN KUMAR VERMA,1,N,T
45,2015SMT6581,AMIT DAS,1,N,T
46,2015SMT6595,ANUSHA KAKAR,1,N,T
47,2015SMT6596,APANSHU GOEL,1,N,T
48,2015SMT6597,KARTHIK MISHRA,1,N,T
49,2015SMT6598,MUSKAN GUPTA,1,N,T
50,2015SMT6599,PRABHAT RANJAN MISHRA,1,N,T
51,2015SMT6601,PRAVEEN RANA,1,N,T
52,2015SMT6603,URVI GUPTA,1,N,T
53,2015SMT6604,ROHIT CHAUDHARY,1,N,T
54,2016BSZ8039,PULKIT,1,N,T
55,2016BSZ8040,BISHAL DEY SARKAR,1,N,T
56,2016BSZ8460,SONALI  SHANKAR,1,N,T
57,2016SMZ8019,PURVA  GROVER,1,N,T
58,2016SMZ8026,SUSHIL  PUNIA,1,N,T
59,2016SMZ8449,ABHISHEK  KUMAR,1,N,T
60,2016SMZ8455,NEERAJ  YADAV,1,N,T
61,2016SMZ8456,BIBHUTI,1,N,T
62,2016SMZ8459,APURVA  CHAMARIA,1,N,T
63,2012CE10354,JATIN KEWLANI,2,N,T
64,2014ME10689,SUMIT KUMAR MISHRA,2,N,T
65,2013MT60597,HARSHDEEP GUPTA,3,N,T
