List of students registered in (IInd Semester 20162017)
Course Code : MSL840
Course Description : MANUFACTURING STRATEGY
Serial No., Entry Number, Student Name, Course Group, Audit Withdrawal, Course Slot
1,2015SMF6501,AMULYA Y G,1,N,Q
2,2015SMF6502,ANKIT,1,N,Q
3,2015SMF6505,ELLURU SAHITYA,1,N,Q
4,2015SMF6510,MANUJ KHULLAR,1,N,Q
5,2015SMF6511,MD SHAYAAN AMBER,1,N,Q
6,2015SMF6512,MOHIT BHUTANI,1,N,Q
7,2015SMF6513,MONIKA MAHANSARIA,1,N,Q
8,2015SMF6515,NIKHIL KUMAR,1,N,Q
9,2015SMF6516,NIKITA BANSAL,1,N,Q
10,2015SMF6521,PEDHAREDLA AKHILESH KUMAR,1,N,Q
11,2015SMF6522,POLAKI KISHOR RAO,1,N,Q
12,2015SMF6524,RISHABH SRIVASTAVA,1,N,Q
13,2015SMF6528,STUTI AGRAWAL,1,N,Q
14,2015SMF6529,UMANG BHAMBRI,1,N,Q
15,2015SMF6531,VARUN VIJH,1,N,Q
16,2015SMF6582,AKSHAY GANJU,1,N,Q
17,2015SMF6583,ESHA SRIVASTAVA,1,N,Q
18,2015SMF6584,GAUTAM THAKUR,1,N,Q
19,2015SMF6586,HARDIK GUPTA,1,N,Q
20,2015SMF6588,K NAVEEN,1,N,Q
21,2015SMF6591,ROCHIT ANAND,1,N,Q
22,2015SMF6593,SHRIRANG DATTATRAY HALWE,1,N,Q
23,2015SMN6557,NAVEEN MALIK,1,N,Q
24,2015SMN6574,TARUN KUMAR VERMA,1,N,Q
25,2015SMN6576,VAIBHAV SAWHNEY,1,N,Q
26,2015SMT6581,AMIT DAS,1,N,Q
27,2015SMT6595,ANUSHA KAKAR,1,N,Q
28,2015SMT6598,MUSKAN GUPTA,1,N,Q
29,2015SMT6601,PRAVEEN RANA,1,N,Q
30,2015SMT6604,ROHIT CHAUDHARY,1,N,Q
31,2016MEE2551,THALAJ KAPOOR,1,N,Q
32,2016MEE2808,ASHISH KUMAR BHANWALA,1,N,Q
33,2016MEE2809,SHIVAM  KARAULIYA,1,N,Q
34,2016MEE2813,RAJAN  KUMAR,1,N,Q
35,2016MEE2820,VIVEK PRAKASH CHAUDHARY,1,N,Q
36,2016MEE2821,KALPESH  MOURYA,1,N,Q
37,2016MEE2924,VIJETA VERMA,1,N,Q
38,2016MEE2925,RAVI YADAV,1,N,Q
39,2016SMZ8022,VIPULESH  SHARDEO,1,N,Q
40,2016SMZ8443,SHRADDHA  MISHRA,1,N,Q
41,2016SMZ8450,ANCHAL  PATIL,1,N,Q
