List of students registered in (IInd Semester 20162017)
Course Code : MTD702
Course Description : PROJECT 2
Serial No., Entry Number, Student Name, Course Group, Audit Withdrawal, Course Slot
1,2015MAS7065,ATUL KUMAR,1,N,P
2,2015MAS7067,DEEPAK KUMAR,1,N,P
3,2015MAS7068,DEEPISHA SOLANKI,1,N,P
4,2015MAS7071,HARIOM,1,N,P
5,2015MAS7075,KESHAV SHARMA,1,N,P
6,2015MAS7078,KULDEEP SINGH YADAV,1,N,P
7,2015MAS7081,MINAKSHI PUNAM MANDAL,1,N,P
8,2015MAS7086,PRADEEP SINGH,1,N,P
9,2015MAS7093,RAKESH ARORA,1,N,P
10,2015MAS7094,RAKSHA AGARWAL,1,N,P
11,2015MAS7099,SHEKHAR SUMAN,1,N,P
12,2015MAS7103,SUKHVINDRA SINGH,1,N,P
13,2015MAS7105,TANMAY CHOUDHURY,1,N,P
