List of students registered in (IInd Semester 20162017)
Course Code : MTL101
Course Description : LINEAR ALGEBRA & DIFFE. EQUA.
Serial No., Entry Number, Student Name, Course Group, Audit Withdrawal, Course Slot
1,2013ME10653,BANAVATH ROOPESH,0,N,DM
2,2013CE10382,RAJESH KUMAR,1,N,DM
3,2013CE10395,SUBHAM MEENA,1,N,DM
4,2013CH10067,ADITYA KOTIA,1,N,DM
5,2014TT10902,MANOJ KUMAR,1,N,DM
6,2013CH10064,ABHISHEK KUMAR,2,N,DM
7,2013ME10692,MANISH KUMAR MEENA,2,N,DM
8,2013ME10722,SHASHI KUMAR,2,N,DM
9,2013TT10940,KIRAN PRAKASH,2,N,DM
10,2015ME20743,LENDEGAONKAR SAMVIDHAN,2,N,DM
11,2015PH10790,AMIT KUMAR,2,N,DM
12,2012EE10444,CHANDRA MOHAN DEWADWAL,3,N,DM
13,2013CE10381,RAHUL MEENA,3,N,DM
14,2013BB50008,DAROKAR JAYANT JIVAN,4,N,DM
15,2013BB50037,SHILPA KAMBOJ,4,N,DM
16,2014TT10904,MOHIT CHAUHAN,4,N,DM
17,2015CH10078,ADITYA JAGRAT,4,N,DM
18,2016CE10211,ASHUTOSH RAJ,11,,DM
19,2016CE10213,ADARSH AGRAWAL,11,,DM
20,2016CE10297,DEVANSHU JORWAL,11,,DM
21,2016CH10081,NAVISH GOYAL,11,,DM
22,2016CH10118,VIPIN YADAV,11,,DM
23,2016CH70170,AAYUSH GOYAL,11,,DM
24,2016CH70174,VIKAS KUMAR JAT,11,,DM
25,2016CS50392,ANSH SAPRA,11,,DM
26,2016EE10433,MOHIT GUPTA,11,,DM
27,2016EE10474,SARTHAK SABLANIA,11,,DM
28,2016EE30494,SHIVAM KUMAR,11,,DM
29,2016ME10706,VIKASH,11,,DM
30,2016ME10718,SHIBA NARAYAN BISWAL,11,,DM
31,2016ME20781,NIRMAL KUMAR,11,,DM
32,2016MT10616,ESHAN BALACHANDAR,11,,DM
33,2016MT10621,SAURABH KUMAR M SHAH,11,,DM
34,2016MT10624,MANI KARAN SONI,11,,DM
35,2016MT10625,ARSHDEEP SINGH,11,,DM
36,2016PH10547,SURAJ BAHUGUNA,11,,DM
37,2016PH10579,SONAL KUMARI,11,,DM
38,2016PH10580,SHUBHAM VERMA,11,,DM
39,2016BB10035,VARUNI SARWAL,12,,DM
40,2016BB10051,ABHISHEK KUMAR SINGH,12,,DM
41,2016BB10053,SATYAGEET,12,,DM
42,2016CE10248,NIKHIL AGRAWAL,12,,DM
43,2016CE10269,NILESH KUMAR,12,,DM
44,2016CE10289,PRADEEP GOYAL,12,,DM
45,2016CH10073,SUSHANT MENDIRATTA,12,,DM
46,2016CH10136,INDRA KUMAR RAJAK,12,,DM
47,2016CS10362,KHAMMAMPATI ANIRUDH,12,,DM
48,2016EE30504,PIYUSH NAIN,12,,DM
49,2016EE30530,KARTIK HANS,12,,DM
50,2016EE30532,SHWETA MEENA,12,,DM
51,2016ME20777,HITESH AGARWAL,12,,DM
52,2016MT10626,RUPESH KUMAR SANKHALA,12,,DM
53,2016MT10627,AILA MANI DEEPAK REDDY,12,,DM
54,2016MT10634,VADLANA SURYA PRAKASH,12,,DM
55,2016MT10635,KADAM AJIT BALAJI,12,,DM
56,2016MT10640,ESLAVATH MIDHIL NAIK,12,,DM
57,2016PH10572,PRINCE SONU MAYANK,12,,DM
58,2016TT10843,AMAN JINDAL,12,,DM
59,2016TT10855,VANI BATRA,12,,DM
60,2016BB10032,AISHWARYA SINGH,13,,DM
61,2016BB10048,SARANSH KUMAR,13,,DM
62,2016BB10062,KARAN BIRPALI,13,,DM
63,2016CE10201,VIDUSHI TOSHNIWAL,13,,DM
64,2016CE10273,ROHIT BIDIYASAR,13,,DM
65,2016CE10283,SHIVAM KARTIKEYAN ATAL,13,,DM
66,2016CH10109,PIYUSH VERMA,13,,DM
67,2016CH70166,NAMYA AGARWAL,13,,DM
68,2016CS10313,SARVAGYA VINAYAK SHARMA,13,,DM
69,2016CS10324,R JAYANTH REDDY,13,,DM
70,2016CS10342,ANKIT AKASH JHA,13,,DM
71,2016EE10438,N TARUN SAI GANESH,13,,DM
72,2016EE10447,CHAMAKURI VISHNU BHARAT,13,,DM
73,2016EE10479,DHRUV KAWAT,13,,DM
74,2016EE30533,USMAN HAFIZ,13,,DM
75,2016ME20786,VINAY KAYATH,13,,DM
76,2016ME20787,KHUSHEE,13,,DM
77,2016ME20809,ALOK MEENA,13,,DM
78,2016MT10606,PRATEEK GOYAL,13,,DM
79,2016PH10558,KSHITI SNEH RAI,13,,DM
80,2016TT10902,SEEMA GARHWAL,13,,DM
81,2016BB10046,UDDESHYA JAISWAL,14,,DM
82,2016CE10281,MITHILESH KUMAR BHARTIYA,14,,DM
83,2016CE10287,GAURAV,14,,DM
84,2016CH10100,PRATHAM MEHTA,14,,DM
85,2016CH10110,ADITYA RAJAN,14,,DM
86,2016CS10331,ADITYA JETHA,14,,DM
87,2016CS10339,DONAPATI HARDHIK,14,,DM
88,2016CS10349,GOLLA VENKATA SAI DHEERAJ,14,,DM
89,2016CS10353,KORAKOPPULA SURESH,14,,DM
90,2016CS10356,JAY KUMAR MODI,14,,DM
91,2016CS50389,AVALJOT SINGH,14,,DM
92,2016EE10420,SANTOSH KUMAR,14,,DM
93,2016EE30491,ALANKRIT GARG,14,,DM
94,2016EE30519,TARUN SAHU,14,,DM
95,2016ME10674,VIKRAM BARANWAL,14,,DM
96,2016ME10685,ADITYA SINGLA,14,,DM
97,2016ME10716,MANISH BAGHEL,14,,DM
98,2016ME10720,SATYAM RATHORE,14,,DM
99,2016ME20793,AKSHAY PATEL,14,,DM
100,2016MT10614,SAMBHAV KHURANA,14,,DM
101,2016TT10872,MITANSHU MUCHHAL,14,,DM
102,2016CE10217,PANKAJ JOSHI,15,,DM
103,2016CE10266,PRASHANT YADAV,15,,DM
104,2016CH10097,PRATYUSH DHASMANA,15,,DM
105,2016CH10107,NISHAD SINGHI,15,,DM
106,2016CH10123,ABHISHEK PATEL,15,,DM
107,2016CS10314,SUNIL KUMAR,15,,DM
108,2016CS50391,MANKARAN SINGH,15,,DM
109,2016EE10424,SAJAL JAIN,15,,DM
110,2016EE10427,AVINASH BHUTANI,15,,DM
111,2016EE10453,INDR RAJ GURJAR,15,,DM
112,2016EE10464,RAHIL CHOUDHARY,15,,DM
113,2016EE10465,CHILUKAMARI SHIVA SAI KRISHNA,15,,DM
114,2016EE10471,NISHANT VERMA,15,,DM
115,2016EE30531,HARSH JEDIA,15,,DM
116,2016ME10727,ALOK KUMAR,15,,DM
117,2016ME20773,MANUJ TREHAN,15,,DM
118,2016MT10609,DAANISH BANSAL,15,,DM
119,2016MT10631,DEEPAK CHAURASIA,15,,DM
120,2016MT60654,MEHAK AGGARWAL,15,,DM
121,2016TT10880,ASHISH SIYAG,15,,DM
122,2016TT10919,ASHISH MEENA,15,,DM
123,2016CE10209,ABHINAV ANAND,16,,DM
124,2016CE10225,SANJAY SINGH TOMAR,16,,DM
125,2016CE10251,MANOJ KUMAR YADAV,16,,DM
126,2016CE10255,KUSHAL KUMAR,16,,DM
127,2016CE10271,MUKUL ANAND,16,,DM
128,2016CE10275,SANDRANA SAI KUMAR,16,,DM
129,2016CH10139,PRADEEP DASARI,16,,DM
130,2016CH70161,AAKRITI SINGH,16,,DM
131,2016CS10321,ARPAN MANGAL,16,,DM
132,2016CS10340,KULKARNI NIKHIL DILIP,16,,DM
133,2016EE10425,PARIMEYA RANADIVE,16,,DM
134,2016ME10690,ANIKET GUPTA,16,,DM
135,2016ME10710,PRIYADARSHAN,16,,DM
136,2016ME10712,VINOD KUMAR,16,,DM
137,2016ME10725,RISHABH VERMA,16,,DM
138,2016ME20764,PRANJAL AGARWAL,16,,DM
139,2016ME20795,FAHAD JAMAL,16,,DM
140,2016MT60655,SAURAV KUMAR SHARMA,16,,DM
141,2016PH10595,PRASHANT MEENA,16,,DM
142,2016TT10863,NAVENDU VATS,16,,DM
143,2016TT10871,VAIBHAW,16,,DM
144,2016BB10041,SONAL ARORA,17,,DM
145,2016BB10060,NAVDEEP,17,,DM
146,2016BB50004,SAKSHAM SHARMA,17,,DM
147,2016CE10205,OJASWI DUBEY,17,,DM
148,2016CE10240,HANEESH AGGARWAL,17,,DM
149,2016CH10095,DHANESH SETHIA,17,,DM
150,2016CS10330,KONUGANTI SAI KUMAR REDDY,17,,DM
151,2016CS50386,JAYANT JAIN,17,,DM
152,2016EE10483,RAHUL MEENA,17,,DM
153,2016EE30500,GEETIKA MATHUR,17,,DM
154,2016EE30509,SIDDHARTH KUMAR,17,,DM
155,2016ME10694,GANTAVYA BHATT,17,,DM
156,2016ME10695,AKASH ARUN GUPTA,17,,DM
157,2016ME10719,HARSH KUMAR,17,,DM
158,2016MT10607,NALIN GUPTA,17,,DM
159,2016MT10619,SHIVAM SINGLA,17,,DM
160,2016PH10554,YASH BADOLA,17,,DM
161,2016PH10592,DILEEP PASWAN,17,,DM
162,2016TT10835,ANUBHAV BHATIA,17,,DM
163,2016TT10862,SARTHAK INANI,17,,DM
164,2016TT10917,ANKIT BATHAM,17,,DM
165,2016CE10242,SANCHIT BEDI,18,,DM
166,2016CE10279,U TEJA VISHNU,18,,DM
167,2016CH70162,UMESH SHAHDADPURI,18,,DM
168,2016CH70182,HITESH MAAN,18,,DM
169,2016CS10352,PRANAV BHAGAT,18,,DM
170,2016CS50397,ANIKET KUMAR,18,,DM
171,2016EE10434,KASHISH JAIN,18,,DM
172,2016EE10443,HARSHIT JAIN,18,,DM
173,2016EE10449,RAHUL KULHARI,18,,DM
174,2016EE10475,ANKIT KUMAR BUNKAR,18,,DM
175,2016EE10482,NIKHIL MEENA,18,,DM
176,2016EE10484,NAMONARAYAN MEENA,18,,DM
177,2016ME10728,ANKIT BENIWAL,18,,DM
178,2016ME20746,MOHIT GOYAL,18,,DM
179,2016ME20761,SANIDHYA TIWARI,18,,DM
180,2016ME20792,DODDI SHYAM KUMAR NAIDU,18,,DM
181,2016ME20796,UTKARSH PRAJAPATI,18,,DM
182,2016ME20811,MAYANK KUMAR,18,,DM
183,2016PH10585,ABHIJEET GURJAR,18,,DM
184,2016TT10848,ARCHIT AGARWAL,18,,DM
185,2016TT10890,VIKAS YADAV,18,,DM
186,2016BB10045,SANJAY SINGH POONIA,19,,DM
187,2016BB10058,PRAKASH KUMAR BADAL,19,,DM
188,2016BB50012,PRADHUMN ENGLE,19,,DM
189,2016CE10238,ANKIT GOYAL,19,,DM
190,2016CE10256,GOPATHI SAMBA SHIVA,19,,DM
191,2016CH10074,NAMRATA TRIPATHI,19,,DM
192,2016CH10083,PALLEWAD SHIVRAJ PRAKASHRAO,19,,DM
193,2016CH10104,PRASHANT JHALANI,19,,DM
194,2016CH70165,YASH KABRA,19,,DM
195,2016CS10319,HARSHIT GOEL,19,,DM
196,2016CS10327,UDIT JAIN,19,,DM
197,2016CS10338,G S M RISHIKESH REDDY,19,,DM
198,2016EE10422,GANDHI SIDDHESH ATUL,19,,DM
199,2016EE10444,SURAMYA SAXENA,19,,DM
200,2016EE30524,ROHIT KRISHNIA,19,,DM
201,2016ME10691,DEVANSHU AGARWAL,19,,DM
202,2016ME20755,UTKARSH AGRAWAL,19,,DM
203,2016ME20771,ARSH SIDANA,19,,DM
204,2016ME20784,HIMANSHU SUTHAR,19,,DM
205,2016ME20790,ARPIT KUMAR,19,,DM
206,2016TT10922,PIYUSH PAINKRA,19,,DM
207,2016BB10025,JIVESH MADAN,20,,DM
208,2016CE10210,ADITYA PARTAP SINGH,20,,DM
209,2016CE10229,AKHIL KUMAR,20,,DM
210,2016CE10232,ACHYUTAM RAI,20,,DM
211,2016CE10244,VIROK SHARMA,20,,DM
212,2016CE10254,ANJALI CHOUDHARY,20,,DM
213,2016CE10285,TULSA RAM,20,,DM
214,2016CH10079,SARYANSH,20,,DM
215,2016CH10119,MS AISHWARYAH,20,,DM
216,2016CH10130,JASLEEN KAUR,20,,DM
217,2016CH70179,DEEPANSHU RAJ,20,,DM
218,2016CH70191,VAIBHAV SUNIL DAWANE,20,,DM
219,2016CS10376,BRAJMOHAN,20,,DM
220,2016EE10430,VIPUL VAIBHAV,20,,DM
221,2016EE10439,NARAYAN KUNAL RAGHUWANSH,20,,DM
222,2016ME10697,SWAPNESH AGRAWAL,20,,DM
223,2016ME10707,MANISH YADAV,20,,DM
224,2016ME20758,AMAN JAIN,20,,DM
225,2016MT60650,ASHRAY AMAN,20,,DM
226,2016TT10885,AMAN YADAV,20,,DM
227,2016TT10892,SONAL JANGIR,20,,DM
228,2012MT50593,HARSH MAAN,1,N,DP
229,2013ME10721,SAURABHDEEP SINGH DEOPURI,1,N,DP
230,2013PH10836,ANNU KUMAR TIGGA,1,N,DP
231,2013PH10853,MONIKA DAMOR,1,N,DP
232,2013PH10882,YATEE GUPTA,1,N,DP
233,2013TT10922,DHARYA YADAV,1,N,DP
234,2014ME10659,HIMANSHU MESHRAM,1,N,DP
235,2015EE10484,SUJIT KUMAR GUPTA,1,,DP
236,2016BB10054,ARUNIMA SINGH,1,,DP
237,2016CE10263,SUDHIR KUMAR,1,,DP
238,2016CE10264,ARVIND KUMAR,1,,DP
239,2016CE10293,YOGENDRA KUMAR SINGH,1,,DP
240,2016CH70154,DEEPAK SONAWAT,1,,DP
241,2016CH70156,SHIKHAR MAKKER,1,,DP
242,2016CH70160,SHIVAM JAIN,1,,DP
243,2016CS10318,VARADA PAVAN SAI,1,,DP
244,2016CS10325,ANUGU SAI KIRAN REDDY,1,,DP
245,2016CS10333,PARTH SHAH,1,,DP
246,2016CS10341,PULKIT GAUR,1,,DP
247,2016CS10351,ADIGOPULA SAI TEJA,1,,DP
248,2016EE10437,DEVESH JOSHI,1,,DP
249,2016EE10473,ANKIT MEGHWANSHI,1,,DP
250,2016EE30496,HARDIK SALUJA,1,,DP
251,2016EE30497,VINAYAK GOYAL,1,,DP
252,2016EE30518,RACHAKONDA SIDDARTHA,1,,DP
253,2016ME10686,PRANAV CHAWLA,1,,DP
254,2016ME20788,DEEPAK PATEL,1,,DP
255,2016MT10608,SHAGUN SINGH,1,,DP
256,2016PH10556,KHUSHAL SETHI,1,,DP
257,2016TT10849,PRATEEK KINRA,1,,DP
258,2013PH10826,AJAY KUMAR MEENA,2,N,DP
259,2014TT10185,SHAILA KAROLE,2,N,DP
260,2014TT10900,MANISH SUTHAR,2,N,DP
261,2015MT10590,ANUJ RATHOR,2,,DP
262,2015TT10934,SAJAN KUMAR,2,N,DP
263,2016CE10221,PRATIK BHASKAR,2,,DP
264,2016CE10235,PRATEET GARG,2,,DP
265,2016CE10252,VIKAS VERMA,2,,DP
266,2016CE10284,VARUN KUMAR PRASHANT,2,,DP
267,2016CE10300,SHUBHAM MEENA,2,,DP
268,2016CE10302,VINOD KUMAR GHUNAVAT,2,,DP
269,2016CE10305,SHIVANK PRATAP SINGH,2,,DP
270,2016CH10075,VANSHIKA JINDAL,2,,DP
271,2016CH10096,AKHIL KUMAR,2,,DP
272,2016CH70176,MAHENDRA SINGH GODARA,2,,DP
273,2016CH70177,AMAN PATEL,2,,DP
274,2016CH70180,SHUBHAM RANJAN,2,,DP
275,2016CH70190,RISHABH VERMA,2,,DP
276,2016CS10348,HIMANSHU,2,,DP
277,2016ME10675,RAHUL MOTWANI,2,,DP
278,2016ME10699,SHASHWAT JAIN,2,,DP
279,2016ME10705,FARAZ MAZHAR,2,,DP
280,2016ME20794,RAJAN GUPTA,2,,DP
281,2016MT10605,AKSHAY JAIN,2,,DP
282,2016MT60648,ABHAY SAXENA,2,,DP
283,2016PH10540,ASHUTOSH KUMAR MISHRA,2,,DP
284,2016TT10912,SHASHI RANJAN KUMAR,2,,DP
285,2012PH10844,IMAN MANDAL,3,N,DP
286,2013TT10914,BALJOT SINGH,3,N,DP
287,2013TT10944,NEERAJ MEENA,3,N,DP
288,2013TT10976,VIJENDRA SINGH MEENA,3,N,DP
289,2013TT10978,VISHAL BYADWAL,3,N,DP
290,2014BB50005,KANISHK,3,N,DP
291,2014EE30503,ARUN KUMAR MEENA,3,N,DP
292,2014ME20772,VINEET TOPNO,3,N,DP
293,2015ME10643,BRIJESH SANWARIYA,3,N,DP
294,2016BB50008,G PRATHIBHA BHARADWAJ,3,,DP
295,2016CE10215,SURESH,3,,DP
296,2016CE10241,GEETAGYA DUBEY,3,,DP
297,2016CE10303,RATHOD SUSHANTH,3,,DP
298,2016CH10086,SWARNAVA SANYAL,3,,DP
299,2016CH10117,VIKASH KUMAR,3,,DP
300,2016CH10127,DIVYANSH MATHUR,3,,DP
301,2016CS10355,SACHIN KUMAR PRAJAPATI,3,,DP
302,2016CS50395,SAMARTH AGGARWAL,3,,DP
303,2016EE10413,SIDDHANT,3,,DP
304,2016EE10423,SANYAM CHHANGANI,3,,DP
305,2016EE10450,JITENDER SINGH,3,,DP
306,2016EE30508,CHANDRASHEKHAR,3,,DP
307,2016ME10684,DEEPANSU KAUSHIK,3,,DP
308,2016ME10734,PRITESH MEENA,3,,DP
309,2016ME20783,PUNIT,3,,DP
310,2016MT10617,AYUSH CHAURASIA,3,,DP
311,2016PH10586,RAGHAV KUMAR,3,,DP
312,2016TT10833,ANURAG SHARMA,3,,DP
313,2016TT10844,KHUSHANK SINGHAL,3,,DP
314,2016TT10905,SHENDRE UNNATI MILIND,3,,DP
315,2016TT10925,VINI MEENA,3,,DP
316,2011TT10989,RAHUL RANA,4,N,DP
317,2013BB50039,SHUBHAM CHAWLA,4,N,DP
318,2013ME10663,GHANENDRA PRATAP SINGH,4,N,DP
319,2013TT10891,AASHNA MEHRA,4,N,DP
320,2014TT10890,KARAN SINGLA,4,N,DP
321,2014TT10943,SUNIL KUMAR,4,N,DP
322,2015MT60570,VISHWASH TETARWAL,4,,DP
323,2016BB10049,MUSKAN CHOUDHARY,4,,DP
324,2016BB50013,SHUBHAM MEHROL,4,,DP
325,2016CE10239,ANIMESH JAIN,4,,DP
326,2016CE10267,SURESH,4,,DP
327,2016CH10108,DAKSH NARUKA,4,,DP
328,2016CH10121,VAIDHYAPRAKASH CHOUDHARY,4,,DP
329,2016CH70158,KRITIKA GROVER,4,,DP
330,2016CH70168,PARTH AGARWAL,4,,DP
331,2016CH70172,SWAPNIL,4,,DP
332,2016CH70181,NAITIK,4,,DP
333,2016CH70183,KIRTI VERMA,4,,DP
334,2016CS10326,SARANSH VERMA,4,,DP
335,2016CS10335,ADITYA JAIN,4,,DP
336,2016CS10359,TARUN KUMAR YADAV,4,,DP
337,2016ME10713,RISHABH JANGID,4,,DP
338,2016ME20757,TANMAY GOYAL,4,,DP
339,2016MT10615,CHINMAY RAI,4,,DP
340,2016MT10629,HARSH KUMAR,4,,DP
341,2016PH10564,DEEPAK SHARMA,4,,DP
342,2016TT10901,DIVYANSH RANA,4,,DP
343,2016TT10911,VIRAJ SINGH,4,,DP
344,2016TT10926,PRANAY PIYUSH,4,,DP
345,2015TT10882,CHAITANYA PHULORIA,5,,DP
346,2016CE10222,DIVYANSH GUPTA,5,,DP
347,2016CE10290,VIJAY KUMAR MEGHWANSHI,5,,DP
348,2016CH10093,ISHAAN GUPTA,5,,DP
349,2016CH10128,RAKESH KUMAR,5,,DP
350,2016CH70178,SIDDHARTH SINGH,5,,DP
351,2016CS10346,MAYANK SHUKLA,5,,DP
352,2016CS10347,PUSHPAM ANAND,5,,DP
353,2016CS10358,KURMAPU VENKATA VIJAYA SAI PRASANTH,5,,DP
354,2016EE10416,ANKIT AGARWAL,5,,DP
355,2016EE10419,VALLAMKONDU RUSHI MANOJ,5,,DP
356,2016EE30501,PRAFFUL GOYAL,5,,DP
357,2016ME20745,ANMOL BHARDWAJ,5,,DP
358,2016ME20750,ADITYA JAIN,5,,DP
359,2016ME20754,ARJUN BHARDWAJ,5,,DP
360,2016ME20759,SARTHAK ASATI,5,,DP
361,2016ME20766,SHIVANI BANSAL,5,,DP
362,2016ME20775,ANSHUL AGRAWAL,5,,DP
363,2016PH10567,GOBIND SINGH,5,,DP
364,2016TT10823,HARSH GARG,5,,DP
365,2016TT10852,SHRENIC TEJAWAT,5,,DP
366,2016TT10861,ROHAN JAIN,5,,DP
367,2016TT10927,MANOHAR JAMRA,5,,DP
368,2015ME20723,ANUBHAV UKIL,6,,DP
369,2016BB10028,SANYAM MODI,6,,DP
370,2016BB10064,TANVI MEENA,6,,DP
371,2016BB50014,AMAN KUMAR,6,,DP
372,2016CE10288,ABHISHEK VERMA,6,,DP
373,2016CH10091,UJJWAL NEMCHAND TATER,6,,DP
374,2016CH10112,DIVYA CHOUDHARY,6,,DP
375,2016CH70155,PRABHAT SHARMA,6,,DP
376,2016CS10320,RAYALA HARICHANDAN,6,,DP
377,2016CS10336,SARTHAK R VISHNOI,6,,DP
378,2016CS10361,AVINASH KUMAR,6,,DP
379,2016CS10363,MANISH TANWAR,6,,DP
380,2016CS50402,HIRE SANKET SANJAYPANT,6,,DP
381,2016EE10431,GAJERA DEV,6,,DP
382,2016EE10446,KANISH GARG,6,,DP
383,2016EE30492,CHAHAT CHAWLA,6,,DP
384,2016ME10689,SAUMYA GUPTA,6,,DP
385,2016ME10714,NANDKISHORE,6,,DP
386,2016ME10723,AVINASH BAIRWA,6,,DP
387,2016MT10610,NAMAN JAIN,6,,DP
388,2016TT10824,ARUNDHATI DIXIT,6,,DP
389,2016TT10864,SAMIR GUPTA,6,,DP
390,2016CE10243,GARIMA GUPTA,7,,DP
391,2016CH10114,SATYAM ANAND,7,,DP
392,2016CH10140,DHARMENDRA KUMAR MEENA,7,,DP
393,2016CS10323,AKSHAY NEEMA,7,,DP
394,2016CS10375,PRADYUMNA MEENA,7,,DP
395,2016CS10378,J SRI HARSHA VARDHAN SAI,7,,DP
396,2016CS50399,ABHISHEK MADERANA,7,,DP
397,2016EE10415,ALLA UPENDHER REDDY,7,,DP
398,2016EE10417,HIMANSHU GARG,7,,DP
399,2016EE30502,NAVAL DUBEY,7,,DP
400,2016EE30512,SHUBHAM JAIN,7,,DP
401,2016ME10673,DEVANSH JINDAL,7,,DP
402,2016ME10711,SUDHEER KUMAR BHALOTHIA,7,,DP
403,2016ME10729,JAWANJAL PRIYADARSHAN PRAKASH,7,,DP
404,2016ME20782,KESHAV JANGID,7,,DP
405,2016MT10622,KISHAN K PATEL,7,,DP
406,2016MT10638,GIRRAJ GODIYA,7,,DP
407,2016PH10569,ANMOL OJHA,7,,DP
408,2016PH10596,DEEPAK MEENA,7,,DP
409,2016PH10597,ABHINANDAN KUMAR SINGH,7,,DP
410,2016PH10599,AMAN MANDIA,7,,DP
411,2016BB10059,EESHWAR DUTT NIRMAL,8,,DP
412,2016CE10203,HIMANSHU SINGH,8,,DP
413,2016CE10224,DIPTANGSHU SEN,8,,DP
414,2016CE10231,ADARSH KUMAR SONU,8,,DP
415,2016CE10286,RANJAN KUMAR,8,,DP
416,2016CH10143,ADITI GUPTA,8,,DP
417,2016CH70157,YASH HARSHAJIT SHETH,8,,DP
418,2016CH70187,KARTIKEYA KUMAR,8,,DP
419,2016CS50405,MUKESH BHAGAT,8,,DP
420,2016EE30498,AKASH GOYAL,8,,DP
421,2016EE30515,AMAN SINGH,8,,DP
422,2016EE30525,ADITYA VARMA,8,,DP
423,2016ME10677,PAVANI,8,,DP
424,2016ME10692,CHANDAN MITTAL,8,,DP
425,2016ME10708,SHUBHAM VERMA,8,,DP
426,2016ME10726,KUMAR SAURAV,8,,DP
427,2016ME20753,TUSHAR BANSAL,8,,DP
428,2016ME20776,DIVYANI BHAIYA,8,,DP
429,2016TT10873,SAURABH VERMA,8,,DP
430,2016TT10914,JASWINDER SINGH,8,,DP
431,2015PH10810,KOWTHARAPU SAI RAGHURAM,9,,DP
432,2015PH10817,RAJ KUMAR AJAY,9,,DP
433,2016CE10236,ANURAG GOYAL,9,,DP
434,2016CH10142,NAMAN KUMAR,9,,DP
435,2016CS10317,SHUBHAM JAIN,9,,DP
436,2016EE10426,HEMANT KUMAR,9,,DP
437,2016EE10448,POGU RAHUL RAJU,9,,DP
438,2016EE10454,AMIT YADAV,9,,DP
439,2016EE10461,RAMAN,9,,DP
440,2016EE30503,RAHUL P MODPUR,9,,DP
441,2016EE30513,ANKUSH SHAW,9,,DP
442,2016ME10721,SHUBHAM KUMAR,9,,DP
443,2016ME10735,KRISHN MEENA,9,,DP
444,2016ME10737,AKSHMEET MEENA,9,,DP
445,2016ME20768,NISHTHA SAXENA,9,,DP
446,2016ME20780,MIHIR RAJ,9,,DP
447,2016MT10639,MUDE LOKESH NAIK,9,,DP
448,2016PH10551,MOHAMMAD MURSALEEN,9,,DP
449,2016PH10581,GUNDELLI POOJITH,9,,DP
450,2016TT10846,HARRY SEHRAWAT,9,,DP
451,2016TT10853,SHAURYA BAVEJA,9,,DP
452,2016TT10868,RIDHI JAIN,9,,DP
453,2016TT10897,MAYANK RAJ YOGI,9,,DP
454,2016BB10056,PRAGYA MEHRA,10,,DP
455,2016CE10206,KETAN JAIN,10,,DP
456,2016CE10212,KESHAV PRASOON,10,,DP
457,2016CE10265,ASHUTOSH JANU,10,,DP
458,2016CH10124,AMBATI CHANDRA SEKHAR,10,,DP
459,2016CH10126,GAURAV SINGH TANWAR,10,,DP
460,2016CS10369,PRANAV BAURASIA,10,,DP
461,2016CS50393,ATISHYA JAIN,10,,DP
462,2016EE10452,ANUJ KUMAR CHAURASIYA,10,,DP
463,2016ME10703,KUSHAAGRA GOYAL,10,,DP
464,2016ME20767,SHANTNAV AGARWAL,10,,DP
465,2016ME20769,MAYANK KHATRI,10,,DP
466,2016ME20772,AYYANGER SAKET SHIVKUMAR,10,,DP
467,2016ME20785,RAKSHIT,10,,DP
468,2016ME20806,ABHISHEK SINGH,10,,DP
469,2016TT10826,MAITREYA WAGH,10,,DP
470,2016TT10847,NIKHIL SAREEN,10,,DP
471,2016TT10850,ANUJ CHOPRA,10,,DP
472,2016TT10869,CHINTAN SOMANI,10,,DP
473,2016TT10877,SUDHANSHU SINGH,10,,DP
474,2016TT10921,RAHUL MEENA,10,,DP
475,2015PH10799,DIVYANSH MANDHANI,11,,DP
476,2015TT10913,MD. SHARJEEL AZHAR,16,,DP
477,2015BB10039,JATIN,20,,DP
