List of students registered in (IInd Semester 20162017)
Course Code : MTL106
Course Description : PROBABILITY & STOCHASTIC PRO.
Serial No., Entry Number, Student Name, Course Group, Audit Withdrawal, Course Slot
1,2012mt50611,PRAVEEN KUMAR,0,N,D
2,2012PH10872,SANDEEP AGGARWAL,1,N,D
3,2013CE10341,DIWAKAR VIKRAM SINGH,1,N,D
4,2013CE10344,HANZALA SHAFI,1,N,D
5,2013CE10420,YATHARTH SETH,1,N,D
6,2013CH70155,DEVENDRA KUMAR,1,N,D
7,2013CH70178,SHOURYA KHICHARIYA,1,N,D
8,2013PH10866,SARTHAK WAHAL,1,N,D
9,2013PH10875,SIDDHARTH ARVIND VADNERKAR,1,N,D
10,2014CS10228,KIRAN KUMAR METTA,1,N,D
11,2014EE10444,KARAN KUMAR KOLI,1,N,D
12,2014EE10488,SHUVAM AGARWAL,1,N,D
13,2015EE10111,MOHIT  GOYAL,1,N,D
14,2015EE10421,AAKASH AGRAWAL,1,N,D
15,2015EE10425,ABHISHEK KUMAR,1,N,D
16,2015EE10429,AKASH KESHARI,1,N,D
17,2015EE10433,AMITEJ PANGTEY,1,N,D
18,2015EE10437,ANURAG RAWAT,1,N,D
19,2015EE10441,ASHRAY GUPTA,1,N,D
20,2015EE10445,DHANANJAY R VARMA,1,N,D
21,2015EE10449,HIMANSHU SINGH,1,N,D
22,2015EE10453,JAGMOHAN SOREN,1,N,D
23,2015EE10457,KULDEEP MEENA,1,N,D
24,2015EE10465,RAJAN GOYAL,1,N,D
25,2015EE10469,ROHIT,1,N,D
26,2015EE10473,SARVESH KHANDELWAL,1,N,D
27,2015EE10477,SHRIDU VERMA,1,N,D
28,2015EE10481,SONU KUMAR GUPTA,1,N,D
29,2015EE10485,SUMIT KUMAR,1,N,D
30,2015EE10489,TINISH BHATTACHARYA,1,N,D
31,2015EE10493,VIVEK ARORA,1,N,D
32,2015EE10641,AYUSH  JAIN,1,N,D
33,2015EE10730,BINDAL ASHUTOSH  ARUN,1,N,D
34,2015EE10781,ABHAY  CHANDRA,1,N,D
35,2015EE10835,VARUN  SRIVASTAVA,1,N,D
36,2015MT60373,SANDEEP  KUMAR,1,N,D
37,2016cs19013,ADITYA JOSHI,1,N,D
38,2010EE10479,SAWAN KUMAR,2,N,D
39,2012CS10265,RATANLAL,2,N,D
40,2012EE10464,MOHAMED FASIL C P,2,N,D
41,2013CE10316,ADITYA,2,N,D
42,2013CH10142,ABHISHEK SHARMA,2,N,D
43,2013CH10969,SHUBHAM BAGESHWAR,2,N,D
44,2013CH70146,AKASH SINGH,2,N,D
45,2013PH10824,ADYANT AGRAWAL,2,N,D
46,2013PH10871,SHREYAS PADHY,2,N,D
47,2014EE10445,KASI SAI SRIKAR,2,N,D
48,2014PH10839,VIVEKANANDA CHAUDHURI,2,N,D
49,2015EE10080,AMAN KUMAR  SINGH,2,N,D
50,2015EE10422,ABHILASH SONI,2,N,D
51,2015EE10426,ADITYA KUMAR,2,N,D
52,2015EE10430,AKSHAY VERMA,2,N,D
53,2015EE10434,ANIL BERA,2,N,D
54,2015EE10438,ANVESH GUPTA,2,N,D
55,2015EE10442,ASIF ANIS,2,N,D
56,2015EE10446,DIVYANSH GUPTA,2,N,D
57,2015EE10450,HIMANSHU CHANDEL,2,N,D
58,2015EE10454,KARTIK CHOUDHARY,2,N,D
59,2015EE10458,LAXMAN KUMAR MEENA,2,N,D
60,2015EE10462,MUDIT BANSAL,2,N,D
61,2015EE10466,RAMADEV SAI TEJA,2,N,D
62,2015EE10470,RUPESH KASHYAP,2,N,D
63,2015EE10474,SATHULURI ARUN CHAITHANYA,2,N,D
64,2015EE10478,SHUBHAM RAO,2,N,D
65,2015EE10482,SOURABH VEERWAL,2,N,D
66,2015EE10486,SUSHANT SINGH SAROTE,2,N,D
67,2015EE10490,UDIT SINGLA,2,N,D
68,2015EE10494,VUDALA SAI SUSRITH,2,N,D
69,2015EE10908,MADHUR  SINGAL,2,N,D
70,2015EE30112,MOULIK  CHORARIA,2,N,D
71,2015EE30152,AKASH  GOYAL,2,N,D
72,2015EE30761,SANYAM  GUPTA,2,N,D
73,2011CS10215,GAMPALA NAVEEN,3,N,D
74,2011CS10260,VISWA TEJA GAJULAVARTHY,3,N,D
75,2012ME20783,MADARAM NIKHIL CHAITANYA,3,N,D
76,2012MT50589,BANOTH GOVARDHAN,3,N,D
77,2013BB50014,EKATMIKA,3,N,D
78,2013BB50038,SHREYA PAL,3,N,D
79,2013BB50042,SPARSH DAYAL AGARWAL,3,N,D
80,2013BB50044,TISHYA KAPOOR,3,N,D
81,2013BB50046,VAGEESH GUPTA,3,N,D
82,2013CE10359,N LAKSHMAN,3,N,D
83,2013CE10368,PADALA SURESH KUMAR,3,N,D
84,2013CH10076,ASEEM KHANDUJA,3,N,D
85,2013CH10090,MANISH KANSAL,3,N,D
86,2013CH10094,OJASVI MONGA,3,N,D
87,2013CH10118,SAURABH MAURYA,3,N,D
88,2013CH10124,SHUBHAM VISHWAKARMA,3,N,D
89,2013EE30562,RAHUL VERMA,3,N,D
90,2014CS10260,TUHINANKSU DAS,3,N,D
91,2014EE30503,ARUN KUMAR MEENA,3,N,D
92,2014EE30524,NISHANT NAIN,3,N,D
93,2014EE30526,PANKAJ SANODIYA,3,N,D
94,2014MT10584,AKSHAY KUMAR,3,N,D
95,2015EE10045,NARAYANI  BHATIA,3,N,D
96,2015EE10379,SHIVAM  CHANDRA,3,N,D
97,2015EE10423,ABHISHEK BAIRWA,3,N,D
98,2015EE10427,ADITYA KUMAR,3,N,D
99,2015EE10431,ALLURI BHARATH,3,N,D
100,2015EE10439,APOORV PANDEY,3,N,D
101,2015EE10443,BHAVYA KALANI,3,N,D
102,2015EE10447,GARVIT GUPTA,3,N,D
103,2015EE10451,HIMANSHU ROHILLA,3,N,D
104,2015EE10455,KHUSHWANT KHATRI,3,N,D
105,2015EE10463,NIMISH GOEL,3,N,D
106,2015EE10467,RAUNAK GAUTAM,3,N,D
107,2015EE10471,SAKSHI JAIN,3,N,D
108,2015EE10479,SHWETA SINGH,3,N,D
109,2015EE10483,SUBRAT SINGH BALOT,3,N,D
110,2015EE10487,SUSHANT DAGA,3,N,D
111,2015EE10491,VINAY SANGWAN,3,N,D
112,2015EE10495,YOGESH KUMAR SINGH,3,N,D
113,2015EE10519,KRUTIKA  JAISWAL,3,N,D
114,2015EE10691,YASH  GARG,3,N,D
115,2015EE10735,ISHAN  TEWARI,3,N,D
116,2015EE30121,PRAKHAR  AGRAWAL,3,N,D
117,2015EE30501,AASHISH BHORSE,3,N,D
118,2015EE30503,ABHISHEK VERMA,3,N,D
119,2015EE30505,ADITI NEEMA,3,N,D
120,2015EE30507,AISHWARY SRIVASTAVA,3,N,D
121,2015EE30509,AYUSH JOSHI,3,N,D
122,2015EE30511,BIR SINGH,3,N,D
123,2015EE30513,DEEPANSHU RATHI,3,N,D
124,2015EE30515,DIVYA CHARAN,3,N,D
125,2015EE30517,HARSH MAHESHWARI,3,N,D
126,2015EE30521,MOHAMMAD ALI KHAN,3,N,D
127,2015EE30523,NIMISH MANGAL,3,N,D
128,2015EE30525,PARIKSHIT PAYAL,3,N,D
129,2015EE30529,PRANJAL GUPTA,3,N,D
130,2015EE30531,RAKESH KUMAR,3,N,D
131,2015EE30533,SACHIN KUMAWAT,3,N,D
132,2015EE30535,SAMARTH PATIL,3,N,D
133,2015EE30537,SARTHAK TYAGI,3,N,D
134,2015EE30539,SHIVAM SHEKHAR SINGH,3,N,D
135,2015EE30543,UTKARSH SAXENA,3,N,D
136,2015EE30649,HARSH HEMANT  MALARA,3,N,D
137,2015EE30750,PRADEEP  KUMAR,3,N,D
138,2015MT10601,KOTALA VINEETH,3,N,D
139,2015MT10605,PANKAJ,3,N,D
140,2015MT10609,RAJAT PANWAR,3,N,D
141,2015MT10611,SACHIN MALAV,3,N,D
142,2015MT10613,SAMVIT DAMMALAPATI,3,N,D
143,2015MT60555,AYUSH MALPANI,3,N,D
144,2015MT60561,MD TAUSIF ALAM,3,N,D
145,2012CS50290,KSHITIJ MORODIA,4,N,D
146,2012EE50558,SHUBHAM KUMAR,4,N,D
147,2013BB50008,DAROKAR JAYANT JIVAN,4,N,D
148,2013BB50022,MIRA KABRA,4,N,D
149,2013BB50045,TUSHAR KHANDELWAL,4,N,D
150,2013CH10089,MANISH KRISHNA BHAT,4,N,D
151,2013EE10515,VIKAS BHASKAR,4,N,D
152,2013MT60617,SHALINI MEENA,4,N,D
153,2014EE10439,DUNNA AGNI SWAROOP,4,N,D
154,2014EE30521,NEERAJ MEENA,4,N,D
155,2015EE10114,NATASHA  MEENA,4,N,D
156,2015EE10428,ADUSUMALLI LAKSHMI HIMAVANTH,4,N,D
157,2015EE10432,AMAN MOHAPATRA,4,N,D
158,2015EE10436,ANUDEEP VIBHUTI,4,N,D
159,2015EE10440,ASHISH MEHTA,4,N,D
160,2015EE10444,BOORA AASISH,4,N,D
161,2015EE10448,GAURAV KUMAR SINGH,4,N,D
162,2015EE10452,HITUL ARORA,4,N,D
163,2015EE10456,KOMARABATHINA ISAAC PRASANTH,4,N,D
164,2015EE10464,PEEYUSH KARNANI,4,N,D
165,2015EE10468,RISHABH GUPTA,4,N,D
166,2015EE10472,SARTHAK JAIN,4,N,D
167,2015EE10476,SHAH KRUNAL TUSHAR,4,N,D
168,2015EE10488,TARUN GUPTA,4,N,D
169,2015EE10492,VINEET KUMAR,4,N,D
170,2015EE10504,ADITI  JHA,4,N,D
171,2015EE10534,SAKSHAM  SONI,4,N,D
172,2015EE30502,ABHAY SINGH,4,N,D
173,2015EE30506,ADITYA SINGHAL,4,N,D
174,2015EE30508,ARPIT BANKAWAT,4,N,D
175,2015EE30510,AYUSHI GARG,4,N,D
176,2015EE30512,CHETAN KUMAR HARSOLIYA,4,N,D
177,2015EE30514,DIGVIJAI SINGH,4,N,D
178,2015EE30516,DIVYANSH SHUKLA,4,N,D
179,2015EE30518,HUNNEY KOTIYA,4,N,D
180,2015EE30520,MAHENDRA MEENA,4,N,D
181,2015EE30522,N AKASH,4,N,D
182,2015EE30524,NISHANT KUMAR SHARMA,4,N,D
183,2015EE30526,PIYUSH BARUPAL,4,N,D
184,2015EE30528,PRANAV VERMA,4,N,D
185,2015EE30530,PRASHANT ANAND,4,N,D
186,2015EE30532,ROBIN BANSAL,4,N,D
187,2015EE30536,SANGAM BHARTI,4,N,D
188,2015EE30538,SATISH KUMAR GAURAV,4,N,D
189,2015EE30540,SUGHOSH MODEM,4,N,D
190,2015EE30542,TANMAY THAREJA,4,N,D
191,2015EE30544,VIJAY SHANKER DUBEY,4,N,D
192,2015EE30898,ISHU  JAIN,4,N,D
193,2015MT10602,MAJOR SINGH,4,N,D
194,2015MT10606,PRAKHAR ANAND,4,N,D
195,2015MT10608,PRANAV GOTHWAL,4,N,D
196,2015MT10610,RIDAM MAHESHWARI,4,N,D
197,2015MT10612,SAIF ALI,4,N,D
198,2015MT10616,VANGALA NAVEEN REDDY,4,N,D
199,2015MT10870,ANIMESH  CHOUDHARY,4,N,D
