List of students registered in (IInd Semester 20162017)
Course Code : MTL122
Course Description : REAL AND COMPLEX ANALYSIS
Serial No., Entry Number, Student Name, Course Group, Audit Withdrawal, Course Slot
1,2013CE10397,SUGAM BANSAL,1,N,F
2,2013CE10416,VISHAL TYAGI,1,N,F
3,2013PH10873,SHUBHAM MEENA,1,N,F
4,2015MT60373,SANDEEP  KUMAR,1,N,F
5,2015PH10785,AGRAWAL ANURAG RAJESH,1,N,F
6,2015PH10787,AMAN SINGAL,1,N,F
7,2013PH10828,AKASH BISWAL,2,N,F
8,2013PH10830,AMEEK MALHOTRA,2,N,F
9,2013PH10878,UJJWAL AGARWAL,2,N,F
10,2014CE10339,GAURAV ATTRI,2,N,F
11,2015MT10182,RIBHAV  GAUR,2,N,F
12,2015MT10725,ASHISH  GUPTA,2,N,F
13,2015MT60358,PULKIT  GOEL,2,N,F
14,2013MT60583,AKSHAY ROYAL,3,N,F
15,2013MT60593,DEEPAK SOLANKI,3,N,F
16,2013MT60613,RATNESH KUMAR,3,N,F
17,2014CE10391,SUMIT YADAV,3,N,F
18,2014MT10045,NIHARIKA,3,N,F
19,2014MT10584,AKSHAY KUMAR,3,N,F
20,2014MT10613,SUBODH PUSHKAR,3,N,F
21,2014MT60552,AMIT KUMAR,3,N,F
22,2014MT60570,VISHAVJEET SINGH,3,N,F
23,2015MT10319,AVINASH  KUMAR,3,N,F
24,2015MT10375,SAURABH  PAL,3,N,F
25,2015MT10581,AAKASH VARSHNEY,3,N,F
26,2015MT10583,ABHIMANYU SWAMI,3,N,F
27,2015MT10585,ABHISHEK YADAV,3,N,F
28,2015MT10587,AMAR PRAKASH,3,N,F
29,2015MT10589,ANUBHAV GARG,3,N,F
30,2015MT10591,ARYAN DIGWAL,3,N,F
31,2015MT10593,AYUSH GARG,3,N,F
32,2015MT10595,CHARVI NAHAR,3,N,F
33,2015MT10597,DEVARAKONDA MANASA,3,N,F
34,2015MT10599,HARSHAAN DARGAN,3,N,F
35,2015MT10601,KOTALA VINEETH,3,N,F
36,2015MT10603,MAYANK GUPTA,3,N,F
37,2015MT10605,PANKAJ,3,N,F
38,2015MT10607,PRAKHAR SINGH,3,N,F
39,2015MT10611,SACHIN MALAV,3,N,F
40,2015MT10613,SAMVIT DAMMALAPATI,3,N,F
41,2015MT10615,SUMEET KHANDELWAL,3,N,F
42,2015MT10617,VARTIKA BISHT,3,N,F
43,2015MT60113,NABEEL  JAVED,3,N,F
44,2015MT60545,YOGESH  GUPTA,3,N,F
45,2015MT60551,AJAY YADAV,3,N,F
46,2015MT60553,ARYAMAN GARG,3,N,F
47,2015MT60555,AYUSH MALPANI,3,N,F
48,2015MT60557,BHUVNESH KHANDELWAL,3,N,F
49,2015MT60559,DEEPENDRA KUMAR MEENA,3,N,F
50,2015MT60561,MD TAUSIF ALAM,3,N,F
51,2015MT60563,PRANAV KUMAR,3,N,F
52,2015MT60565,RAVI KHANNAWALIA,3,N,F
53,2015MT60567,SIDDHARTH KHERA,3,N,F
54,2015MT60569,UTSAV SEN,3,N,F
55,2013CE10417,VISHAL ANAND,4,N,F
56,2013EE30551,ASHUTOSH S MARWAH,4,N,F
57,2013MT60602,MASA AKHIL,4,N,F
58,2015MT10560,HULLAS  JINDAL,4,N,F
59,2015MT10582,AASAVARI DHANANJAY KAKNE,4,N,F
60,2015MT10584,ABHISHEK KUMAR YADAV,4,N,F
61,2015MT10586,ADITI NARWARE,4,N,F
62,2015MT10588,AMIT MEENA,4,N,F
63,2015MT10592,AVANEEP GUPTA,4,N,F
64,2015MT10594,BARINDERPREET SINGH,4,N,F
65,2015MT10596,DARSHAN GOLGHATE,4,N,F
66,2015MT10598,DRASHTI KHATSURIYA,4,N,F
67,2015MT10602,MAJOR SINGH,4,N,F
68,2015MT10604,MEGHNA CHOUDHARY,4,N,F
69,2015MT10606,PRAKHAR ANAND,4,N,F
70,2015MT10608,PRANAV GOTHWAL,4,N,F
71,2015MT10612,SAIF ALI,4,N,F
72,2015MT10614,SHIVANGI AGRAWAL,4,N,F
73,2015MT10616,VANGALA NAVEEN REDDY,4,N,F
74,2015MT10870,ANIMESH  CHOUDHARY,4,N,F
75,2015MT60554,AYUSH AGARWAL,4,N,F
76,2015MT60556,AYUSH SINGHAL,4,N,F
77,2015MT60558,CHINMAY SINGH,4,N,F
78,2015MT60562,NIKHIL KUMAR AGRAWAL,4,N,F
79,2015MT60564,RANDHEER KUMAR GAUTAM,4,N,F
80,2015MT60566,SAMARTH GULYANI,4,N,F
81,2015MT60568,TARUN GUPTA,4,N,F
