List of students registered in (IInd Semester 20162017)
Course Code : MTL390
Course Description : STATISTICAL METHODS
Serial No., Entry Number, Student Name, Course Group, Audit Withdrawal, Course Slot
1,2012MT50605,MOHINDER PRATAP SINGH MEENA,1,N,B
2,2013CS10205,AKSHIT TREHAN,1,N,B
3,2013CS10212,ANUPAM KHANDELWAL,1,N,B
4,2013CS10246,PRATEEK KUMAR VERMA,1,N,B
5,2013CS10248,PRIYAM AGRAWAL,1,N,B
6,2013CS10255,SANMUKHANI RISHIT GOPAL,1,N,B
7,2013EE10440,ARNAV KANSAL,1,N,B
8,2014EE10494,VIJAY RAGHAV GOYAL,1,N,B
9,2014PH10829,SHUBHI AGRAWAL,1,N,B
10,2012ME20806,VARUN SURAPANENI,2,N,B
11,2012CH70156,HARSH SARDA,3,N,B
12,2013CS10220,FARAN AHMAD,3,N,B
13,2013MT60583,AKSHAY ROYAL,3,N,B
14,2014MT10355,PRANJAL KUMAR,3,N,B
15,2014MT10554,DEVANG AGRAWAL,3,N,B
16,2014MT10582,ADARSH ONKAR,3,N,B
17,2014MT10586,ARPIT SANGAL,3,N,B
18,2014MT10590,GAUTAM JAIN,3,N,B
19,2014MT10592,HARDIK VERMA,3,N,B
20,2014MT10594,KSHITIZ SHARMA,3,N,B
21,2014MT10596,MAHENDRA YADAV,3,N,B
22,2014MT10601,RAHUL PANWAR,3,N,B
23,2014MT10603,RISHUBH PARIHAR,3,N,B
24,2014MT10605,SACHIT MALIK,3,N,B
25,2014MT10607,SAHIL AGGARWAL,3,N,B
26,2014MT10609,SANCHIT MALIK,3,N,B
27,2014MT10611,SANJAY PANDEY,3,N,B
28,2014MT10613,SUBODH PUSHKAR,3,N,B
29,2014MT10615,VIPUL GUPTA,3,N,B
30,2014MT10716,ANSHUL AGGARWAL,3,N,B
31,2014MT60362,RAUNAK LOHIYA,3,N,B
32,2014MT60555,GAUTAM KUMAR,3,N,B
33,2014MT60557,KISHAN SAHU,3,N,B
34,2014MT60559,PARAMKUSHAM SAI SATVIK,3,N,B
35,2014MT60561,RISHABH MAHESHWARI,3,N,B
36,2014MT60563,RUBY,3,N,B
37,2014MT60566,SHUBHAM PALIWAL,3,N,B
38,2014MT60568,TANYA,3,N,B
39,2014MT60570,VISHAVJEET SINGH,3,N,B
40,2014MT60663,KAPIL AHUJA,3,N,B
41,2013CS50281,DEEPAK SAINI,4,N,B
42,2013CS50292,PRANEET KHANDELWAL,4,N,B
43,2013CS50295,RONAK KHANDELWAL,4,N,B
44,2013MT60585,ANIMEK SAHU,4,N,B
45,2013MT60606,NEIL KAKKAR,4,N,B
46,2013MT60624,UTKARSH,4,N,B
47,2014MT10510,GIRI HRUSHIKESH REDDY,4,N,B
48,2014MT10581,ABHISHEK KUMAR,4,N,B
49,2014MT10583,AJINKYA JOSHI,4,N,B
50,2014MT10585,ANISH MAHISHI,4,N,B
51,2014MT10587,BANOTHU SRINIKESH NAIK,4,N,B
52,2014MT10589,GAUTAM DUDEJA,4,N,B
53,2014MT10591,GURKIRAT SINGH BAJWA,4,N,B
54,2014MT10593,KOMAL RATAN SHIPE,4,N,B
55,2014MT10595,MADHUR MITTAL,4,N,B
56,2014MT10597,MAKWANA JUGAL DHARMESH,4,N,B
57,2014MT10600,RAGHAV MITTAL,4,N,B
58,2014MT10602,RIMSHA KHAN,4,N,B
59,2014MT10604,ROHIT,4,N,B
60,2014MT10606,SAGAR MALIK,4,N,B
61,2014MT10608,SAKSHAM SINGH KUSHWAHA,4,N,B
62,2014MT10610,SANJANA GUPTA,4,N,B
63,2014MT10612,SATYAM KUMAR,4,N,B
64,2014MT10614,VAIBHAV GUPTA,4,N,B
65,2014MT10616,VISHAL,4,N,B
66,2014MT60502,ANSHUL BASIA,4,N,B
67,2014MT60551,ALANKAR MESHRAM,4,N,B
68,2014MT60553,DARPAN GUPTA,4,N,B
69,2014MT60558,NITIN KUMAR,4,N,B
70,2014MT60560,PREETHAM P,4,N,B
71,2014MT60562,RISHABH RAJ,4,N,B
72,2014MT60564,SAHIL BHATNAGAR,4,N,B
73,2014MT60567,SIDDHANT GUPTA,4,N,B
74,2014MT60569,VAIBHAV GUPTA,4,N,B
75,2014MT60571,YASH TIWARI,4,N,B
