List of students registered in (IInd Semester 20162017)
Course Code : MTL507
Course Description : TOPOLOGY
Serial No., Entry Number, Student Name, Course Group, Audit Withdrawal, Course Slot
1,2013MAS7088,PRANSHU TIWARI,1,N,B
2,2013MAS7096,ABHISHEK VERMA,1,N,B
3,2013PH10854,NAKADE UDAY JAGDISH,1,N,B
4,2014MAS7055,ABHISHEK YADAV,1,N,B
5,2014MAS7057,ASHEESH KUMARYADAV,1,N,B
6,2014MAS7063,CHANDAN KUMAR,1,N,B
7,2014MAS7066,DIVAKAR VIKRAMSINGH,1,N,B
8,2014MAS7106,VISHAL AGRAWAL,1,N,B
9,2015MAS7058,ANKIT KUMAR RATHORE,1,N,B
10,2015MAS7064,ASHUTOSH MISHRA,1,N,B
11,2015MAS7069,GAMBHEER SINGH,1,N,B
12,2015MAS7077,KRISHNA KUMARI,1,N,B
13,2015MAS7079,MANOJ KUMAR,1,N,B
14,2015MAS7085,POONAM JORWAL,1,N,B
15,2015MAS7088,PRAKASH SINGH,1,N,B
16,2015MAS7092,RAJENDRA,1,N,B
17,2015MAS7097,SARVESH KUMAR YADAV,1,N,B
18,2016MAS7060,ANKIT SINGH,1,N,B
19,2016MAS7061,ACHUTA MURALI KARTHIK VANKAYALA,1,N,B
20,2016MAS7062,SANDEEP KUMAR KAUSHIK,1,N,B
21,2016MAS7063,SHASHI BHUSHAN SAH,1,N,B
22,2016MAS7064,HIMANSHU BANSAL,1,N,B
23,2016MAS7065,SAKSHI SINGLA,1,N,B
24,2016MAS7066,GARIMA NAUTIYAL,1,N,B
25,2016MAS7067,NEHA BHADALA,1,N,B
26,2016MAS7068,PRIYA RANI,1,N,B
27,2016MAS7069,SHRUTI KAUSHAL,1,N,B
28,2016MAS7070,SHASHANK VASHISTHA,1,N,B
29,2016MAS7071,ANUBHAV CHAUHAN,1,N,B
30,2016MAS7072,DHEERAJ GOYAL,1,N,B
31,2016MAS7073,PREETI DEVI,1,N,B
32,2016MAS7074,SHUBHAM AGARWAL,1,N,B
33,2016MAS7075,ANKITA TULSHYAN,1,N,B
34,2016MAS7076,GEETIKA BANSAL,1,N,B
35,2016MAS7077,KAPIL GUPTA,1,N,B
36,2016MAS7078,RAJESH,1,N,B
37,2016MAS7079,ANURADHA GOYAL,1,N,B
38,2016MAS7080,SAKSHI,1,N,B
39,2016MAS7081,HEMASHREE BISHT,1,N,B
40,2016MAS7082,ANISHA,1,N,B
41,2016MAS7083,KARTIKYA PRADHAN,1,N,B
42,2016MAS7084,ANURAG JHA,1,N,B
43,2016MAS7085,NAVJEET SINGH,1,N,B
44,2016MAS7086,SHIWANI YADAV,1,N,B
45,2016MAS7087,MONIKA YADAV,1,N,B
46,2016MAS7088,DHARMPAL PALSANIA,1,N,B
47,2016MAS7089,POOJA,1,N,B
48,2016MAS7090,DEVENDRA SINGH KASANA,1,N,B
49,2016MAS7091,GOUTAM YOGI,1,N,B
50,2016MAS7092,PRAGATI CHAUHAN,1,N,B
51,2016MAS7093,ANSHUL PAL,1,N,B
52,2016MAS7094,SANTOSH KUMAR CHAUDHARY,1,N,B
53,2016MAS7095,ANIL KUMAR,1,N,B
54,2016MAS7096,YOGESH KUMAR,1,N,B
55,2016MAS7097,BHAWNA,1,N,B
56,2016MAS7098,PRATEEK DHOKWAL,1,N,B
57,2016MAS7099,ABHINAY KUMAR GUPTA,1,N,B
58,2016MAS7100,MAHIPAL BOBASYA,1,N,B
59,2016MAS7101,ANKIT KUMAR ANURAGI,1,N,B
60,2016MAS7102,SADHNA RAWAT,1,N,B
61,2016MAS7104,MAHENOOR ALI,1,N,B
62,2016MAS7107,SAWAN KUMAR MARIG,1,N,B
63,2016MAS7108,MONIKA MEENA,1,N,B
64,2016MAS7109,ARJUN LAKRA,1,N,B
65,2016MAS7112,AMITA RANI,1,N,B
66,2014CS10244,NITIN RATHOR,2,N,B
67,2011MT50613,PORIKA VENKATESH,3,N,B
