List of students registered in (IInd Semester 20162017)
Course Code : MTL776
Course Description : GRAPH ALGORITHMS
Serial No., Entry Number, Student Name, Course Group, Audit Withdrawal, Course Slot
1,2010MT50614,SACHIN CHAUHAN,1,N,H
2,2011MT50605,KARAN SINGH KOLI,1,N,H
3,2011MT50617,ROHIT NEGI,1,N,H
4,2011MT50620,SUBHASH MEENA,1,N,H
5,2012MT50599,KUSHAGRA GUPTA,1,N,H
6,2012MT50626,VIDHEM CHHABRA,1,N,H
7,2013EE10441,AVINASH PATEL,1,N,H
8,2013MAS7096,ABHISHEK VERMA,1,N,H
9,2015EEZ8076,ANSHUL THAKUR,1,N,H
10,2015MAS7056,AKASH ARORA,1,N,H
11,2015MAS7057,AMBER KUMAR,1,N,H
12,2015MAS7061,ANSHUL KUMAR,1,N,H
13,2015MAS7062,ASHISH KUMAR,1,N,H
14,2015MAS7067,DEEPAK KUMAR,1,N,H
15,2015MAS7069,GAMBHEER SINGH,1,N,H
16,2015MAS7070,GAURAV DALAL,1,N,H
17,2015MAS7073,ILINA CHOWDHURY,1,N,H
18,2015MAS7076,KIRODI LAL MEENA,1,N,H
19,2015MAS7077,KRISHNA KUMARI,1,N,H
20,2015MAS7080,MEENA YADAV,1,N,H
21,2015MAS7082,MOHAMMAD IRSHAD KHAN,1,N,H
22,2015MAS7083,MOHAN,1,N,H
23,2015MAS7086,PRADEEP SINGH,1,N,H
24,2015MAS7087,PRADEEP KUMAR,1,N,H
25,2015MAS7093,RAKESH ARORA,1,N,H
26,2015MAS7096,SANDEEP MALIK,1,N,H
27,2015MAS7097,SARVESH KUMAR YADAV,1,N,H
28,2015MAS7098,SHALINI SHARMA,1,N,H
29,2015MAS7099,SHEKHAR SUMAN,1,N,H
30,2015MAS7104,SWATI YADAV,1,N,H
31,2015MAS7105,TANMAY CHOUDHURY,1,N,H
32,2015MAS7106,TSHERING DORJEE BHUTIA,1,N,H
33,2015MAS7107,VIKRAM,1,N,H
34,2015MAS7108,YOGESH MANTRI,1,N,H
35,2016MAZ8189,JUHI  CHAUDHARY,1,N,H
36,2011MT50588,AMIT KUMAR GUPTA,2,N,H
37,2012MT50582,ABHINAV KUMAR SHAW,2,N,H
38,2012MT50594,HEMLATA MAHAWAR,2,N,H
39,2012MT50621,SOURABH SINGH DHYANIA,2,N,H
40,2012MT50627,VINEET KUMAR,2,N,H
41,2013CS10224,HARMAN KUMAR,2,N,H
42,2014EE10482,SAUMAV KAPOOR,2,N,H
43,2012MT50586,ANIMESH ANGRISH,3,N,H
44,2012MT50595,HIMANSHU BIBYAN,3,N,H
45,2012MT50598,KRISHNKANT MEENA,3,N,H
46,2012MT50604,MILAN AGGARWAL,3,N,H
47,2012MT50619,SAURABH BHADADA,3,N,H
48,2013EE10565,RITU GOYAL,3,N,H
49,2013ME20785,KULDEEP SHARMA,3,N,H
50,2013MT60581,ADARSH KUMAR,3,N,H
51,2013MT60584,AMIT VISHNOI,3,N,H
52,2013MT60591,AYUSH ANAND,3,N,H
53,2013MT60592,BHAVYA BANSAL,3,N,H
54,2013MT60593,DEEPAK SOLANKI,3,N,H
55,2013MT60594,DEEPAK CHOUDHARY,3,N,H
56,2013MT60597,HARSHDEEP GUPTA,3,N,H
57,2013MT60600,KARTIKAY GARG,3,N,H
58,2013MT60601,KUMAR SHUBHAM,3,N,H
59,2013MT60603,MRIDUL KRISHNA,3,N,H
60,2013MT60605,NEERAJ KUMAR,3,N,H
61,2013MT60607,ONKAR SIYAG,3,N,H
62,2013MT60608,PANKAJ,3,N,H
63,2013MT60609,PUNEET MITTAL,3,N,H
64,2013MT60613,RATNESH KUMAR,3,N,H
65,2013MT60614,RAVEENA RASHMIRAJ KARJODKAR,3,N,H
66,2013MT60620,SHUBHAM SINGH,3,N,H
67,2013MT60623,SRISHTI SINGLA,3,N,H
68,2013MT60625,VIPUL KUMAR BACHANI,3,N,H
69,2013MT60626,YASH KEERTI,3,N,H
70,2014MT10586,ARPIT SANGAL,3,N,H
71,2014MT10594,KSHITIZ SHARMA,3,N,H
72,2014MT10601,RAHUL PANWAR,3,N,H
73,2014MT10603,RISHUBH PARIHAR,3,N,H
74,2014MT10609,SANCHIT MALIK,3,N,H
75,2014MT10611,SANJAY PANDEY,3,N,H
76,2014MT10615,VIPUL GUPTA,3,N,H
77,2014MT10716,ANSHUL AGGARWAL,3,N,H
78,2014MT60559,PARAMKUSHAM SAI SATVIK,3,N,H
79,2014MT60561,RISHABH MAHESHWARI,3,N,H
80,2014MT60563,RUBY,3,N,H
81,2014MT60568,TANYA,3,N,H
82,2013MT60079,DEEPALI GUPTA,4,N,H
83,2013MT60582,ADITYA NARAYAN SINGH,4,N,H
84,2013MT60587,ANMOL SOOD,4,N,H
85,2013MT60588,ARPIT JAISWAL,4,N,H
86,2013MT60590,ATUL DALUKA,4,N,H
87,2013MT60595,DEEPANSHU GEED,4,N,H
88,2013MT60596,GOVIND SARAN GAUTAM,4,N,H
89,2013MT60599,JOYDEEP MEDHI,4,N,H
90,2013MT60604,MUKESH BHATI,4,N,H
91,2013MT60606,NEIL KAKKAR,4,N,H
92,2013MT60610,RAHUL KUMAR RATHORE,4,N,H
93,2013MT60611,RAMNEEK BHATIA,4,N,H
94,2013MT60612,RASHMI RAJ,4,N,H
95,2013MT60615,SARTHAK YASH SETHI,4,N,H
96,2013MT60616,SATYEN PANDITA,4,N,H
97,2013MT60617,SHALINI MEENA,4,N,H
98,2013MT60621,SHUBHI SINGH,4,N,H
99,2013MT60624,UTKARSH,4,N,H
100,2013MT60627,YUVRAJ SINGH,4,N,H
101,2014MT10510,GIRI HRUSHIKESH REDDY,4,N,H
102,2014MT10581,ABHISHEK KUMAR,4,N,H
103,2014MT10585,ANISH MAHISHI,4,N,H
104,2014MT10591,GURKIRAT SINGH BAJWA,4,N,H
105,2014MT10597,MAKWANA JUGAL DHARMESH,4,N,H
106,2014MT10600,RAGHAV MITTAL,4,N,H
107,2014MT10604,ROHIT,4,N,H
108,2014MT10606,SAGAR MALIK,4,N,H
109,2014MT10608,SAKSHAM SINGH KUSHWAHA,4,N,H
110,2014MT10610,SANJANA GUPTA,4,N,H
111,2014MT10614,VAIBHAV GUPTA,4,N,H
112,2014MT60569,VAIBHAV GUPTA,4,N,H
113,2014MT60571,YASH TIWARI,4,N,H
