List of students registered in (IInd Semester 20162017)
Course Code : MTL792
Course Description : MODERN METH. IN PAR. DIFF. EQ.
Serial No., Entry Number, Student Name, Course Group, Audit Withdrawal, Course Slot
1,2015MAS7061,ANSHUL KUMAR,0,N,K
2,2015MAS7085,POONAM JORWAL,0,N,K
3,2012MT50599,KUSHAGRA GUPTA,1,N,K
4,2014MAS7055,ABHISHEK YADAV,1,N,K
5,2014MAS7085,PRIYAL GARG,1,N,K
6,2015MAS7062,ASHISH KUMAR,1,N,K
7,2015MAS7067,DEEPAK KUMAR,1,N,K
8,2015MAS7081,MINAKSHI PUNAM MANDAL,1,N,K
9,2015MAS7086,PRADEEP SINGH,1,N,K
10,2015MAS7087,PRADEEP KUMAR,1,N,K
11,2015MAS7091,PUROHIT NISARG BHARATBHAI,1,N,K
12,2015MAS7093,RAKESH ARORA,1,N,K
13,2015MAS7098,SHALINI SHARMA,1,N,K
14,2015MAS7099,SHEKHAR SUMAN,1,N,K
15,2015MAS7101,SONAL GUPTA,1,N,K
16,2015MAS7104,SWATI YADAV,1,N,K
17,2015MAS7105,TANMAY CHOUDHURY,1,N,K
18,2015MAS7106,TSHERING DORJEE BHUTIA,1,N,K
19,2016MAS7112,AMITA RANI,1,N,K
20,2016MAZ8186,DIVYA  GOEL,1,N,K
21,2016MAZ8187,LIPSY,1,N,K
22,2016MAZ8190,AMAN  RANI,1,N,K
23,2016MAZ8351,SAURABH  VERMA,1,N,K
24,2012MT50589,BANOTH GOVARDHAN,3,N,K
25,2012MT50613,PREM SINGH,3,N,K
26,2012MT50619,SAURABH BHADADA,3,N,K
27,2012MT50625,VARUN KUMAR,3,N,K
