List of students registered in (IInd Semester 20162017)
Course Code : NEN101
Course Description : PROFE. ETHICS &SOCIAL RESP.-2
Serial No., Entry Number, Student Name, Course Group, Audit Withdrawal, Course Slot
1,2014TT10944,SURYA PRAKASH SHUKLA,1,N,P
2,2015EE10484,SUJIT KUMAR GUPTA,1,,P
3,2016BB10054,ARUNIMA SINGH,1,,P
4,2016CE10263,SUDHIR KUMAR,1,,P
5,2016CE10264,ARVIND KUMAR,1,,P
6,2016CE10293,YOGENDRA KUMAR SINGH,1,,P
7,2016CH70154,DEEPAK SONAWAT,1,,P
8,2016CH70156,SHIKHAR MAKKER,1,,P
9,2016CH70160,SHIVAM JAIN,1,,P
10,2016CS10318,VARADA PAVAN SAI,1,,P
11,2016CS10325,ANUGU SAI KIRAN REDDY,1,,P
12,2016CS10333,PARTH SHAH,1,,P
13,2016CS10341,PULKIT GAUR,1,,P
14,2016CS10351,ADIGOPULA SAI TEJA,1,,P
15,2016EE10437,DEVESH JOSHI,1,,P
16,2016EE10473,ANKIT MEGHWANSHI,1,,P
17,2016EE30496,HARDIK SALUJA,1,,P
18,2016EE30497,VINAYAK GOYAL,1,,P
19,2016EE30518,RACHAKONDA SIDDARTHA,1,,P
20,2016ME10686,PRANAV CHAWLA,1,,P
21,2016ME20788,DEEPAK PATEL,1,,P
22,2016MT10608,SHAGUN SINGH,1,,P
23,2016PH10556,KHUSHAL SETHI,1,,P
24,2016TT10849,PRATEEK KINRA,1,,P
25,2013CH10080,HARDEEP SINGH,2,N,P
26,2015MT10590,ANUJ RATHOR,2,,P
27,2016CE10221,PRATIK BHASKAR,2,,P
28,2016CE10235,PRATEET GARG,2,,P
29,2016CE10252,VIKAS VERMA,2,,P
30,2016CE10284,VARUN KUMAR PRASHANT,2,,P
31,2016CE10300,SHUBHAM MEENA,2,,P
32,2016CE10302,VINOD KUMAR GHUNAVAT,2,,P
33,2016CE10305,SHIVANK PRATAP SINGH,2,,P
34,2016CH10075,VANSHIKA JINDAL,2,,P
35,2016CH10096,AKHIL KUMAR,2,,P
36,2016CH70176,MAHENDRA SINGH GODARA,2,,P
37,2016CH70177,AMAN PATEL,2,,P
38,2016CH70180,SHUBHAM RANJAN,2,,P
39,2016CH70190,RISHABH VERMA,2,,P
40,2016CS10348,HIMANSHU,2,,P
41,2016ME10675,RAHUL MOTWANI,2,,P
42,2016ME10699,SHASHWAT JAIN,2,,P
43,2016ME10705,FARAZ MAZHAR,2,,P
44,2016ME20794,RAJAN GUPTA,2,,P
45,2016MT10605,AKSHAY JAIN,2,,P
46,2016MT60648,ABHAY SAXENA,2,,P
47,2016PH10540,ASHUTOSH KUMAR MISHRA,2,,P
48,2016TT10912,SHASHI RANJAN KUMAR,2,,P
49,2014ME20721,BANOTH NARENDER,3,N,P
50,2016BB50008,G PRATHIBHA BHARADWAJ,3,,P
51,2016CE10215,SURESH,3,,P
52,2016CE10241,GEETAGYA DUBEY,3,,P
53,2016CE10303,RATHOD SUSHANTH,3,,P
54,2016CH10086,SWARNAVA SANYAL,3,,P
55,2016CH10117,VIKASH KUMAR,3,,P
56,2016CH10127,DIVYANSH MATHUR,3,,P
57,2016CS10355,SACHIN KUMAR PRAJAPATI,3,,P
58,2016CS50395,SAMARTH AGGARWAL,3,,P
59,2016EE10413,SIDDHANT,3,,P
60,2016EE10423,SANYAM CHHANGANI,3,,P
61,2016EE10450,JITENDER SINGH,3,,P
62,2016EE30508,CHANDRASHEKHAR,3,,P
63,2016ME10684,DEEPANSU KAUSHIK,3,,P
64,2016ME10734,PRITESH MEENA,3,,P
65,2016ME20783,PUNIT,3,,P
66,2016MT10617,AYUSH CHAURASIA,3,,P
67,2016PH10586,RAGHAV KUMAR,3,,P
68,2016TT10833,ANURAG SHARMA,3,,P
69,2016TT10844,KHUSHANK SINGHAL,3,,P
70,2016TT10905,SHENDRE UNNATI MILIND,3,,P
71,2016TT10925,VINI MEENA,3,,P
72,2013BB50012,DHRUV BHALLA,4,N,P
73,2014MT60558,NITIN KUMAR,4,N,P
74,2015MT60570,VISHWASH TETARWAL,4,,P
75,2015TT10878,ASHUTOSH SINGH,4,N,P
76,2016BB10049,MUSKAN CHOUDHARY,4,,P
77,2016BB50013,SHUBHAM MEHROL,4,,P
78,2016CE10239,ANIMESH JAIN,4,,P
79,2016CE10267,SURESH,4,,P
80,2016CH10108,DAKSH NARUKA,4,,P
81,2016CH10121,VAIDHYAPRAKASH CHOUDHARY,4,,P
82,2016CH70158,KRITIKA GROVER,4,,P
83,2016CH70168,PARTH AGARWAL,4,,P
84,2016CH70172,SWAPNIL,4,,P
85,2016CH70181,NAITIK,4,,P
86,2016CH70183,KIRTI VERMA,4,,P
87,2016CS10326,SARANSH VERMA,4,,P
88,2016CS10335,ADITYA JAIN,4,,P
89,2016CS10359,TARUN KUMAR YADAV,4,,P
90,2016ME10713,RISHABH JANGID,4,,P
91,2016ME20757,TANMAY GOYAL,4,,P
92,2016MT10615,CHINMAY RAI,4,,P
93,2016MT10629,HARSH KUMAR,4,,P
94,2016PH10564,DEEPAK SHARMA,4,,P
95,2016TT10901,DIVYANSH RANA,4,,P
96,2016TT10911,VIRAJ SINGH,4,,P
97,2016TT10926,PRANAY PIYUSH,4,,P
98,2015TT10882,CHAITANYA PHULORIA,5,,P
99,2016CE10222,DIVYANSH GUPTA,5,,P
100,2016CE10290,VIJAY KUMAR MEGHWANSHI,5,,P
101,2016CH10093,ISHAAN GUPTA,5,,P
102,2016CH10128,RAKESH KUMAR,5,,P
103,2016CH70178,SIDDHARTH SINGH,5,,P
104,2016CS10346,MAYANK SHUKLA,5,,P
105,2016CS10347,PUSHPAM ANAND,5,,P
106,2016CS10358,KURMAPU VENKATA VIJAYA SAI PRASANTH,5,,P
107,2016EE10416,ANKIT AGARWAL,5,,P
108,2016EE10419,VALLAMKONDU RUSHI MANOJ,5,,P
109,2016EE30501,PRAFFUL GOYAL,5,,P
110,2016ME20745,ANMOL BHARDWAJ,5,,P
111,2016ME20750,ADITYA JAIN,5,,P
112,2016ME20754,ARJUN BHARDWAJ,5,,P
113,2016ME20759,SARTHAK ASATI,5,,P
114,2016ME20766,SHIVANI BANSAL,5,,P
115,2016ME20775,ANSHUL AGRAWAL,5,,P
116,2016PH10567,GOBIND SINGH,5,,P
117,2016TT10823,HARSH GARG,5,,P
118,2016TT10852,SHRENIC TEJAWAT,5,,P
119,2016TT10861,ROHAN JAIN,5,,P
120,2016TT10927,MANOHAR JAMRA,5,,P
121,2015ME20723,ANUBHAV UKIL,6,,P
122,2016BB10028,SANYAM MODI,6,,P
123,2016BB10064,TANVI MEENA,6,,P
124,2016BB50014,AMAN KUMAR,6,,P
125,2016CE10288,ABHISHEK VERMA,6,,P
126,2016CH10091,UJJWAL NEMCHAND TATER,6,,P
127,2016CH10112,DIVYA CHOUDHARY,6,,P
128,2016CH70155,PRABHAT SHARMA,6,,P
129,2016CS10320,RAYALA HARICHANDAN,6,,P
130,2016CS10336,SARTHAK R VISHNOI,6,,P
131,2016CS10361,AVINASH KUMAR,6,,P
132,2016CS10363,MANISH TANWAR,6,,P
133,2016CS50402,HIRE SANKET SANJAYPANT,6,,P
134,2016EE10431,GAJERA DEV,6,,P
135,2016EE10446,KANISH GARG,6,,P
136,2016EE30492,CHAHAT CHAWLA,6,,P
137,2016ME10689,SAUMYA GUPTA,6,,P
138,2016ME10714,NANDKISHORE,6,,P
139,2016ME10723,AVINASH BAIRWA,6,,P
140,2016MT10610,NAMAN JAIN,6,,P
141,2016TT10824,ARUNDHATI DIXIT,6,,P
142,2016TT10864,SAMIR GUPTA,6,,P
143,2016CE10243,GARIMA GUPTA,7,,P
144,2016CH10114,SATYAM ANAND,7,,P
145,2016CH10140,DHARMENDRA KUMAR MEENA,7,,P
146,2016CS10323,AKSHAY NEEMA,7,,P
147,2016CS10375,PRADYUMNA MEENA,7,,P
148,2016CS10378,J SRI HARSHA VARDHAN SAI,7,,P
149,2016CS50399,ABHISHEK MADERANA,7,,P
150,2016EE10415,ALLA UPENDHER REDDY,7,,P
151,2016EE10417,HIMANSHU GARG,7,,P
152,2016EE30502,NAVAL DUBEY,7,,P
153,2016EE30512,SHUBHAM JAIN,7,,P
154,2016ME10673,DEVANSH JINDAL,7,,P
155,2016ME10711,SUDHEER KUMAR BHALOTHIA,7,,P
156,2016ME10729,JAWANJAL PRIYADARSHAN PRAKASH,7,,P
157,2016ME20782,KESHAV JANGID,7,,P
158,2016MT10622,KISHAN K PATEL,7,,P
159,2016MT10638,GIRRAJ GODIYA,7,,P
160,2016PH10569,ANMOL OJHA,7,,P
161,2016PH10596,DEEPAK MEENA,7,,P
162,2016PH10597,ABHINANDAN KUMAR SINGH,7,,P
163,2016PH10599,AMAN MANDIA,7,,P
164,2016BB10059,EESHWAR DUTT NIRMAL,8,,P
165,2016CE10203,HIMANSHU SINGH,8,,P
166,2016CE10224,DIPTANGSHU SEN,8,,P
167,2016CE10231,ADARSH KUMAR SONU,8,,P
168,2016CE10286,RANJAN KUMAR,8,,P
169,2016CH10143,ADITI GUPTA,8,,P
170,2016CH70157,YASH HARSHAJIT SHETH,8,,P
171,2016CH70187,KARTIKEYA KUMAR,8,,P
172,2016CS50405,MUKESH BHAGAT,8,,P
173,2016EE30498,AKASH GOYAL,8,,P
174,2016EE30515,AMAN SINGH,8,,P
175,2016EE30525,ADITYA VARMA,8,,P
176,2016ME10677,PAVANI,8,,P
177,2016ME10692,CHANDAN MITTAL,8,,P
178,2016ME10708,SHUBHAM VERMA,8,,P
179,2016ME10726,KUMAR SAURAV,8,,P
180,2016ME20753,TUSHAR BANSAL,8,,P
181,2016ME20776,DIVYANI BHAIYA,8,,P
182,2016TT10873,SAURABH VERMA,8,,P
183,2016TT10914,JASWINDER SINGH,8,,P
184,2015PH10810,KOWTHARAPU SAI RAGHURAM,9,,P
185,2015PH10817,RAJ KUMAR AJAY,9,,P
186,2016CE10236,ANURAG GOYAL,9,,P
187,2016CH10142,NAMAN KUMAR,9,,P
188,2016CS10317,SHUBHAM JAIN,9,,P
189,2016EE10426,HEMANT KUMAR,9,,P
190,2016EE10448,POGU RAHUL RAJU,9,,P
191,2016EE10454,AMIT YADAV,9,,P
192,2016EE10461,RAMAN,9,,P
193,2016EE30503,RAHUL P MODPUR,9,,P
194,2016EE30513,ANKUSH SHAW,9,,P
195,2016ME10721,SHUBHAM KUMAR,9,,P
196,2016ME10735,KRISHN MEENA,9,,P
197,2016ME10737,AKSHMEET MEENA,9,,P
198,2016ME20768,NISHTHA SAXENA,9,,P
199,2016ME20780,MIHIR RAJ,9,,P
200,2016MT10639,MUDE LOKESH NAIK,9,,P
201,2016PH10551,MOHAMMAD MURSALEEN,9,,P
202,2016PH10581,GUNDELLI POOJITH,9,,P
203,2016TT10846,HARRY SEHRAWAT,9,,P
204,2016TT10853,SHAURYA BAVEJA,9,,P
205,2016TT10868,RIDHI JAIN,9,,P
206,2016TT10897,MAYANK RAJ YOGI,9,,P
207,2016BB10056,PRAGYA MEHRA,10,,P
208,2016CE10206,KETAN JAIN,10,,P
209,2016CE10212,KESHAV PRASOON,10,,P
210,2016CE10265,ASHUTOSH JANU,10,,P
211,2016CH10124,AMBATI CHANDRA SEKHAR,10,,P
212,2016CH10126,GAURAV SINGH TANWAR,10,,P
213,2016CS10369,PRANAV BAURASIA,10,,P
214,2016CS50393,ATISHYA JAIN,10,,P
215,2016EE10452,ANUJ KUMAR CHAURASIYA,10,,P
216,2016ME10703,KUSHAAGRA GOYAL,10,,P
217,2016ME20767,SHANTNAV AGARWAL,10,,P
218,2016ME20769,MAYANK KHATRI,10,,P
219,2016ME20772,AYYANGER SAKET SHIVKUMAR,10,,P
220,2016ME20785,RAKSHIT,10,,P
221,2016ME20806,ABHISHEK SINGH,10,,P
222,2016TT10826,MAITREYA WAGH,10,,P
223,2016TT10847,NIKHIL SAREEN,10,,P
224,2016TT10850,ANUJ CHOPRA,10,,P
225,2016TT10869,CHINTAN SOMANI,10,,P
226,2016TT10877,SUDHANSHU SINGH,10,,P
227,2016TT10921,RAHUL MEENA,10,,P
228,2015PH10799,DIVYANSH MANDHANI,11,,P
229,2016CE10211,ASHUTOSH RAJ,11,,P
230,2016CE10213,ADARSH AGRAWAL,11,,P
231,2016CE10297,DEVANSHU JORWAL,11,,P
232,2016CH10081,NAVISH GOYAL,11,,P
233,2016CH10118,VIPIN YADAV,11,,P
234,2016CH70170,AAYUSH GOYAL,11,,P
235,2016CH70174,VIKAS KUMAR JAT,11,,P
236,2016CS50392,ANSH SAPRA,11,,P
237,2016EE10433,MOHIT GUPTA,11,,P
238,2016EE10474,SARTHAK SABLANIA,11,,P
239,2016EE30494,SHIVAM KUMAR,11,,P
240,2016ME10706,VIKASH,11,,P
241,2016ME10718,SHIBA NARAYAN BISWAL,11,,P
242,2016ME20781,NIRMAL KUMAR,11,,P
243,2016MT10616,ESHAN BALACHANDAR,11,,P
244,2016MT10621,SAURABH KUMAR M SHAH,11,,P
245,2016MT10624,MANI KARAN SONI,11,,P
246,2016MT10625,ARSHDEEP SINGH,11,,P
247,2016PH10547,SURAJ BAHUGUNA,11,,P
248,2016PH10579,SONAL KUMARI,11,,P
249,2016PH10580,SHUBHAM VERMA,11,,P
250,2016BB10035,VARUNI SARWAL,12,,P
251,2016BB10051,ABHISHEK KUMAR SINGH,12,,P
252,2016BB10053,SATYAGEET,12,,P
253,2016CE10248,NIKHIL AGRAWAL,12,,P
254,2016CE10269,NILESH KUMAR,12,,P
255,2016CE10289,PRADEEP GOYAL,12,,P
256,2016CH10073,SUSHANT MENDIRATTA,12,,P
257,2016CH10136,INDRA KUMAR RAJAK,12,,P
258,2016CS10362,KHAMMAMPATI ANIRUDH,12,,P
259,2016EE30504,PIYUSH NAIN,12,,P
260,2016EE30530,KARTIK HANS,12,,P
261,2016EE30532,SHWETA MEENA,12,,P
262,2016ME20777,HITESH AGARWAL,12,,P
263,2016MT10626,RUPESH KUMAR SANKHALA,12,,P
264,2016MT10627,AILA MANI DEEPAK REDDY,12,,P
265,2016MT10634,VADLANA SURYA PRAKASH,12,,P
266,2016MT10635,KADAM AJIT BALAJI,12,,P
267,2016MT10640,ESLAVATH MIDHIL NAIK,12,,P
268,2016PH10572,PRINCE SONU MAYANK,12,,P
269,2016TT10843,AMAN JINDAL,12,,P
270,2016TT10855,VANI BATRA,12,,P
271,2016BB10032,AISHWARYA SINGH,13,,P
272,2016BB10048,SARANSH KUMAR,13,,P
273,2016BB10062,KARAN BIRPALI,13,,P
274,2016CE10201,VIDUSHI TOSHNIWAL,13,,P
275,2016CE10273,ROHIT BIDIYASAR,13,,P
276,2016CE10283,SHIVAM KARTIKEYAN ATAL,13,,P
277,2016CH10109,PIYUSH VERMA,13,,P
278,2016CH70166,NAMYA AGARWAL,13,,P
279,2016CS10313,SARVAGYA VINAYAK SHARMA,13,,P
280,2016CS10324,R JAYANTH REDDY,13,,P
281,2016CS10342,ANKIT AKASH JHA,13,,P
282,2016EE10438,N TARUN SAI GANESH,13,,P
283,2016EE10447,CHAMAKURI VISHNU BHARAT,13,,P
284,2016EE10479,DHRUV KAWAT,13,,P
285,2016EE30533,USMAN HAFIZ,13,,P
286,2016ME20786,VINAY KAYATH,13,,P
287,2016ME20787,KHUSHEE,13,,P
288,2016ME20809,ALOK MEENA,13,,P
289,2016MT10606,PRATEEK GOYAL,13,,P
290,2016PH10558,KSHITI SNEH RAI,13,,P
291,2016TT10902,SEEMA GARHWAL,13,,P
292,2016BB10046,UDDESHYA JAISWAL,14,,P
293,2016CE10281,MITHILESH KUMAR BHARTIYA,14,,P
294,2016CE10287,GAURAV,14,,P
295,2016CH10100,PRATHAM MEHTA,14,,P
296,2016CH10110,ADITYA RAJAN,14,,P
297,2016CS10331,ADITYA JETHA,14,,P
298,2016CS10339,DONAPATI HARDHIK,14,,P
299,2016CS10349,GOLLA VENKATA SAI DHEERAJ,14,,P
300,2016CS10353,KORAKOPPULA SURESH,14,,P
301,2016CS10356,JAY KUMAR MODI,14,,P
302,2016CS50389,AVALJOT SINGH,14,,P
303,2016EE10420,SANTOSH KUMAR,14,,P
304,2016EE30491,ALANKRIT GARG,14,,P
305,2016EE30519,TARUN SAHU,14,,P
306,2016ME10674,VIKRAM BARANWAL,14,,P
307,2016ME10685,ADITYA SINGLA,14,,P
308,2016ME10716,MANISH BAGHEL,14,,P
309,2016ME10720,SATYAM RATHORE,14,,P
310,2016ME20793,AKSHAY PATEL,14,,P
311,2016MT10614,SAMBHAV KHURANA,14,,P
312,2016TT10872,MITANSHU MUCHHAL,14,,P
313,2016CE10217,PANKAJ JOSHI,15,,P
314,2016CE10266,PRASHANT YADAV,15,,P
315,2016CH10097,PRATYUSH DHASMANA,15,,P
316,2016CH10107,NISHAD SINGHI,15,,P
317,2016CH10123,ABHISHEK PATEL,15,,P
318,2016CS10314,SUNIL KUMAR,15,,P
319,2016CS50391,MANKARAN SINGH,15,,P
320,2016EE10424,SAJAL JAIN,15,,P
321,2016EE10427,AVINASH BHUTANI,15,,P
322,2016EE10453,INDR RAJ GURJAR,15,,P
323,2016EE10464,RAHIL CHOUDHARY,15,,P
324,2016EE10465,CHILUKAMARI SHIVA SAI KRISHNA,15,,P
325,2016EE10471,NISHANT VERMA,15,,P
326,2016EE30531,HARSH JEDIA,15,,P
327,2016ME10727,ALOK KUMAR,15,,P
328,2016ME20773,MANUJ TREHAN,15,,P
329,2016MT10609,DAANISH BANSAL,15,,P
330,2016MT10631,DEEPAK CHAURASIA,15,,P
331,2016MT60654,MEHAK AGGARWAL,15,,P
332,2016TT10880,ASHISH SIYAG,15,,P
333,2016TT10919,ASHISH MEENA,15,,P
334,2015TT10913,MD. SHARJEEL AZHAR,16,,P
335,2016CE10209,ABHINAV ANAND,16,,P
336,2016CE10225,SANJAY SINGH TOMAR,16,,P
337,2016CE10251,MANOJ KUMAR YADAV,16,,P
338,2016CE10255,KUSHAL KUMAR,16,,P
339,2016CE10271,MUKUL ANAND,16,,P
340,2016CE10275,SANDRANA SAI KUMAR,16,,P
341,2016CH10139,PRADEEP DASARI,16,,P
342,2016CH70161,AAKRITI SINGH,16,,P
343,2016CS10321,ARPAN MANGAL,16,,P
344,2016CS10340,KULKARNI NIKHIL DILIP,16,,P
345,2016EE10425,PARIMEYA RANADIVE,16,,P
346,2016ME10690,ANIKET GUPTA,16,,P
347,2016ME10710,PRIYADARSHAN,16,,P
348,2016ME10712,VINOD KUMAR,16,,P
349,2016ME10725,RISHABH VERMA,16,,P
350,2016ME20764,PRANJAL AGARWAL,16,,P
351,2016ME20795,FAHAD JAMAL,16,,P
352,2016MT60655,SAURAV KUMAR SHARMA,16,,P
353,2016PH10595,PRASHANT MEENA,16,,P
354,2016TT10863,NAVENDU VATS,16,,P
355,2016TT10871,VAIBHAW,16,,P
356,2016BB10041,SONAL ARORA,17,,P
357,2016BB10060,NAVDEEP,17,,P
358,2016BB50004,SAKSHAM SHARMA,17,,P
359,2016CE10205,OJASWI DUBEY,17,,P
360,2016CE10240,HANEESH AGGARWAL,17,,P
361,2016CH10095,DHANESH SETHIA,17,,P
362,2016CS10330,KONUGANTI SAI KUMAR REDDY,17,,P
363,2016CS50386,JAYANT JAIN,17,,P
364,2016EE10483,RAHUL MEENA,17,,P
365,2016EE30500,GEETIKA MATHUR,17,,P
366,2016EE30509,SIDDHARTH KUMAR,17,,P
367,2016ME10694,GANTAVYA BHATT,17,,P
368,2016ME10695,AKASH ARUN GUPTA,17,,P
369,2016ME10719,HARSH KUMAR,17,,P
370,2016MT10607,NALIN GUPTA,17,,P
371,2016MT10619,SHIVAM SINGLA,17,,P
372,2016PH10554,YASH BADOLA,17,,P
373,2016PH10592,DILEEP PASWAN,17,,P
374,2016TT10835,ANUBHAV BHATIA,17,,P
375,2016TT10862,SARTHAK INANI,17,,P
376,2016TT10917,ANKIT BATHAM,17,,P
377,2016CE10242,SANCHIT BEDI,18,,P
378,2016CE10279,U TEJA VISHNU,18,,P
379,2016CH70162,UMESH SHAHDADPURI,18,,P
380,2016CH70182,HITESH MAAN,18,,P
381,2016CS10352,PRANAV BHAGAT,18,,P
382,2016CS50397,ANIKET KUMAR,18,,P
383,2016EE10434,KASHISH JAIN,18,,P
384,2016EE10443,HARSHIT JAIN,18,,P
385,2016EE10449,RAHUL KULHARI,18,,P
386,2016EE10475,ANKIT KUMAR BUNKAR,18,,P
387,2016EE10482,NIKHIL MEENA,18,,P
388,2016EE10484,NAMONARAYAN MEENA,18,,P
389,2016ME10728,ANKIT BENIWAL,18,,P
390,2016ME20746,MOHIT GOYAL,18,,P
391,2016ME20761,SANIDHYA TIWARI,18,,P
392,2016ME20792,DODDI SHYAM KUMAR NAIDU,18,,P
393,2016ME20796,UTKARSH PRAJAPATI,18,,P
394,2016ME20811,MAYANK KUMAR,18,,P
395,2016PH10585,ABHIJEET GURJAR,18,,P
396,2016TT10848,ARCHIT AGARWAL,18,,P
397,2016TT10890,VIKAS YADAV,18,,P
398,2016BB10045,SANJAY SINGH POONIA,19,,P
399,2016BB10058,PRAKASH KUMAR BADAL,19,,P
400,2016BB50012,PRADHUMN ENGLE,19,,P
401,2016CE10238,ANKIT GOYAL,19,,P
402,2016CE10256,GOPATHI SAMBA SHIVA,19,,P
403,2016CH10074,NAMRATA TRIPATHI,19,,P
404,2016CH10083,PALLEWAD SHIVRAJ PRAKASHRAO,19,,P
405,2016CH10104,PRASHANT JHALANI,19,,P
406,2016CH70165,YASH KABRA,19,,P
407,2016CS10319,HARSHIT GOEL,19,,P
408,2016CS10327,UDIT JAIN,19,,P
409,2016CS10338,G S M RISHIKESH REDDY,19,,P
410,2016EE10422,GANDHI SIDDHESH ATUL,19,,P
411,2016EE10444,SURAMYA SAXENA,19,,P
412,2016EE30524,ROHIT KRISHNIA,19,,P
413,2016ME10691,DEVANSHU AGARWAL,19,,P
414,2016ME20755,UTKARSH AGRAWAL,19,,P
415,2016ME20771,ARSH SIDANA,19,,P
416,2016ME20784,HIMANSHU SUTHAR,19,,P
417,2016ME20790,ARPIT KUMAR,19,,P
418,2016TT10922,PIYUSH PAINKRA,19,,P
419,2015BB10039,JATIN,20,,P
420,2016BB10025,JIVESH MADAN,20,,P
421,2016CE10210,ADITYA PARTAP SINGH,20,,P
422,2016CE10229,AKHIL KUMAR,20,,P
423,2016CE10232,ACHYUTAM RAI,20,,P
424,2016CE10244,VIROK SHARMA,20,,P
425,2016CE10254,ANJALI CHOUDHARY,20,,P
426,2016CE10285,TULSA RAM,20,,P
427,2016CH10079,SARYANSH,20,,P
428,2016CH10119,MS AISHWARYAH,20,,P
429,2016CH10130,JASLEEN KAUR,20,,P
430,2016CH70179,DEEPANSHU RAJ,20,,P
431,2016CH70191,VAIBHAV SUNIL DAWANE,20,,P
432,2016CS10376,BRAJMOHAN,20,,P
433,2016EE10430,VIPUL VAIBHAV,20,,P
434,2016EE10439,NARAYAN KUNAL RAGHUWANSH,20,,P
435,2016ME10697,SWAPNESH AGRAWAL,20,,P
436,2016ME10707,MANISH YADAV,20,,P
437,2016ME20758,AMAN JAIN,20,,P
438,2016MT60650,ASHRAY AMAN,20,,P
439,2016TT10885,AMAN YADAV,20,,P
440,2016TT10892,SONAL JANGIR,20,,P
441,2016BB10055,VIKAS KUMAR,21,,P
442,2016BB50011,SUDHISH P,21,,P
443,2016CE10227,ANOOP BISHNOI,21,,P
444,2016CE10253,VIKAS FALDOLIYA,21,,P
445,2016CH10106,ADEESH KOLLURU,21,,P
446,2016CH70151,ANUJ AGGARWAL,21,,P
447,2016CH70188,SHEETAL RASGON,21,,P
448,2016CS10365,VADDADI SAI ROHAN,21,,P
449,2016EE10451,TUSHAR CHAUDHARY,21,,P
450,2016EE30493,MIHIR KUMAR,21,,P
451,2016EE30522,SONU KUMAR,21,,P
452,2016ME10688,KUSHAAL SINGH,21,,P
453,2016ME20749,PRIYAM SODHIYA,21,,P
454,2016ME20751,VAIBHAV SAXENA,21,,P
455,2016ME20797,LOKESH DADORIYA,21,,P
456,2016MT60646,UPADHYAYULA SETHU MADHAV,21,,P
457,2016PH10568,RITWIK SAIN,21,,P
458,2016PH10594,SHIVAIY ARORA,21,,P
459,2016TT10827,PRAKHAR GUPTA,21,,P
460,2016TT10875,MAMTA JAT,21,,P
461,2016TT10894,RAJKUMAR DHAKAD,21,,P
462,2016TT10910,AKANKSHA KANWAL,21,,P
463,2015BB10031,BHARTI NAKWAL,22,,P
464,2016BB10063,GHANSHYAM MEENA,22,,P
465,2016BB50015,BABU LAL MEENA,22,,P
466,2016CE10228,MADHAV KUMAR JHA,22,,P
467,2016CE10282,LOKESH HARIOUDH,22,,P
468,2016CH10070,ABHIGYA PARASHAR,22,,P
469,2016CH10116,BHUWNESH CHAUDHARY,22,,P
470,2016CH70152,NIKITA AGRAWAL,22,,P
471,2016CH70189,AKASH CHAUHAN,22,,P
472,2016CS10366,SAMPAT KHINCHI,22,,P
473,2016EE10456,AMIT VERMA,22,,P
474,2016EE30499,VAIBHAV PORWAL,22,,P
475,2016EE30527,RAHUL NIMBAL,22,,P
476,2016ME10702,SHASHWAT MAITI,22,,P
477,2016ME20802,KUNAL KUMAR,22,,P
478,2016MT10633,ARJYA DAS,22,,P
479,2016MT60649,MASINI VENU MADHAV REDDY,22,,P
480,2016PH10571,SHUBHAM PRIYADARSHI,22,,P
481,2016TT10828,BHAKTI AJAY AGRAWAL,22,,P
482,2016TT10876,VIKAS DHAYAL,22,,P
483,2016TT10896,RAVI GOLECHHA,22,,P
484,2016TT10904,ABHISHEK RAWAT,22,,P
485,2016TT10913,PARSHANT KUMAR,22,,P
486,2015BB50014,SAYAK BANERJEE,23,,P
487,2016BB10023,RAGHAV MISHRA,23,,P
488,2016BB10065,RAJ KUMAR MEENA,23,,P
489,2016CE10230,PARAS ARORA,23,,P
490,2016CE10295,GAURAV,23,,P
491,2016CH10122,YOGESH GUPTA,23,,P
492,2016CH70153,UNNATI AGRAWAL,23,,P
493,2016CH70193,SWEETI NARZARY,23,,P
494,2016CS10371,SHUBHAM,23,,P
495,2016EE10445,SIDDHANT JINDAL,23,,P
496,2016EE10457,LAKSHYA PRATAP RASTOGI,23,,P
497,2016EE30505,HARSH JAIN,23,,P
498,2016EE30534,VISHNU SOLANKI,23,,P
499,2016ME10704,BHUVESH GOYAL,23,,P
500,2016ME20789,PRABHAT KANAUJIA,23,,P
501,2016ME20803,MIHIR GAUTAM,23,,P
502,2016MT60651,ARUSHI AGRAWAL,23,,P
503,2016MT60653,SAJAL GUPTA,23,,P
504,2016PH10574,AKSHANSH CHOUDHARY,23,,P
505,2016TT10829,PARTH CHOPRA,23,,P
506,2016TT10878,PREETI SAINI,23,,P
507,2016TT10898,AAMNA AFROZ,23,,P
508,2016TT10918,ASHOK MEENA,23,,P
509,2016BB10030,SANNAT MENGI,24,,P
510,2016CE10233,AKARSH SHRIVASTAVA,24,,P
511,2016CE10296,UPPADI ROSHINI SAI,24,,P
512,2016CH10076,SIDDHARTH SINGH,24,,P
513,2016CH10129,SANJEEV,24,,P
514,2016CH70163,PRATHAM BAHETI,24,,P
515,2016CH70194,SARANSH GHUNAWAT,24,,P
516,2016CS10310,SHINGI SIDDHANT NAVIN,24,,P
517,2016CS10373,SHANTANU VERMA,24,,P
518,2016CS10374,AYUSH VERMA,24,,P
519,2016EE10458,MARZOOQ ABDUL KAREEM,24,,P
520,2016EE30506,MAYANK MISHRA,24,,P
521,2016ME10671,NISHANT JINDAL,24,,P
522,2016ME10709,NEERAJ VERMA,24,,P
523,2016ME20804,VIKAS MALLICK,24,,P
524,2016MT60656,GANDHARVA KUMAR,24,,P
525,2016PH10575,SUMIT SINGH,24,,P
526,2016TT10834,YATISH BANSAL,24,,P
527,2016TT10879,MUKESH KUMAR,24,,P
528,2016TT10899,YEWALE JAYANT AVINASH,24,,P
529,2016TT10923,MANISH PAINKRA,24,,P
530,2015TT10857,ABHISHEK MEENA,25,,P
531,2016BB10031,NADIYADRA HEMAL NILESHBHAI,25,,P
532,2016BB10042,PRAGYA GUPTA,25,,P
533,2016CE10204,MD FASIH RAGHIB,25,,P
534,2016CE10234,SIDDHARTH TIWARI,25,,P
535,2016CE10298,RAHUL MEENA,25,,P
536,2016CH10077,AMIT CHOUDHARY,25,,P
537,2016CH10132,SUNIL KUMAR,25,,P
538,2016CH70159,SAMIT DUREJA,25,,P
539,2016CH70164,SAURABH SINGH,25,,P
540,2016CS10311,SOUMYA SHARMA,25,,P
541,2016CS50388,RIYA SINGH,25,,P
542,2016EE10460,APOORV DANKAR,25,,P
543,2016EE30510,AKHIL KAJLA,25,,P
544,2016ME10715,DHABU SAURABH NEMKUMAR,25,,P
545,2016ME20805,CHANDRAGIRI SAI SANIL,25,,P
546,2016MT60657,OMPRAKASH SWAMI,25,,P
547,2016PH10548,GOVIND NANDA,25,,P
548,2016PH10577,ASHISH GAUTAM,25,,P
549,2016TT10838,KAUSHAL KUMAR,25,,P
550,2016TT10881,VIJAY LAXMI SEERVI,25,,P
551,2016TT10900,SHEETAL SUWALKA,25,,P
552,2016TT10924,BODA PAVAN KALYAN,25,,P
553,2016BB10024,ISHANK PAHWA,26,,P
554,2016BB10033,PRATEEK KUMAR AGNIHOTRI,26,,P
555,2016BB10036,TANMAYE SONI,26,,P
556,2016CE10208,HARGUN SINGH GROVER,26,,P
557,2016CE10237,VIKRAM KUMAR,26,,P
558,2016CE10299,KARAMTOTE PRASHANTH,26,,P
559,2016CH10078,TANUJ GARG,26,,P
560,2016CH10134,HIMANSHU,26,,P
561,2016CH70167,MAYUNA GUPTA,26,,P
562,2016CS50403,YASH MALVIYA,26,,P
563,2016EE10440,SANKALP GARG,26,,P
564,2016EE10462,ROHAD PRAJWAL KARAMCHAND,26,,P
565,2016EE30514,KODURU SIDHARTH,26,,P
566,2016ME10717,B ANIRUDH KRISHNA,26,,P
567,2016ME20807,ABHISHEK MEENA,26,,P
568,2016MT60661,PRAVEEN BARAHDIA,26,,P
569,2016PH10549,RUDRAKSH AGARWAL,26,,P
570,2016PH10578,YOGESH YADAV,26,,P
571,2016TT10841,HARISH JHAJHARIA,26,,P
572,2016TT10883,RENU KUMARI,26,,P
573,2016TT10903,NISHCHAL ARYA,26,,P
574,2016BB10037,NIPUN GUPTA,27,,P
575,2016BB10050,NITIN YADAV,27,,P
576,2016CE10214,HARSH GUPTA,27,,P
577,2016CE10245,AYUSH SHARMA,27,,P
578,2016CE10301,YASH DEOTWAL,27,,P
579,2016CH10084,SUKRITI GUPTA,27,,P
580,2016CH10089,SHIKHAR GOEL,27,,P
581,2016CH10135,ANANT RAWATKAR,27,,P
582,2016CH70171,NISHANT KAKKAR,27,,P
583,2016CS50404,HARDIK KHICHI,27,,P
584,2016EE10463,GADHAVI YASH,27,,P
585,2016EE30516,SAMARTH MOHAN,27,,P
586,2016ME10722,SHUBHAM SATYARTHI,27,,P
587,2016ME20808,PARAM JHARWAL,27,,P
588,2016MT60662,ADITYA SINGH,27,,P
589,2016PH10553,MUDIT GARG,27,,P
590,2016PH10555,AYUSH DE,27,,P
591,2016PH10583,TANUSHRII BABU RAMESH,27,,P
592,2016TT10887,HARSH GUPTA,27,,P
593,2016TT10906,SATENDRA KUMAR,27,,P
594,2016BB10043,MADHUR VIRLI,28,,P
595,2016BB50005,AYUSH CHACHAN,28,,P
596,2016CE10216,SAURABH SHARMA,28,,P
597,2016CE10246,SALIL CHANDRA,28,,P
598,2016CE10304,PRAFULLIT KUMAR MEENA,28,,P
599,2016CH10085,VISHAL GUPTA,28,,P
600,2016CH10092,ANISHA SINGRODIA,28,,P
601,2016CH10141,SUDIP BESRA,28,,P
602,2016CH70173,AKASH,28,,P
603,2016EE10410,VIPUL ANAND,28,,P
604,2016EE10466,GAURAV JHAJHARIA,28,,P
605,2016EE30517,JITENDRA VISHWAKARMA,28,,P
606,2016ME10733,SUBHASH CHAND MEENA,28,,P
607,2016MT60663,POOJA KUMARI MEENA,28,,P
608,2016PH10560,DIVEKAR PRATHAMESH PRADEEP,28,,P
609,2016PH10589,ADITYA VERMA,28,,P
610,2016TT10821,ACHAL JAIN,28,,P
611,2016TT10858,PRIYANSHI AGARWAL,28,,P
612,2016TT10888,ANKIT SHEKHAR,28,,P
613,2016TT10893,ABHISHEK YADAV,28,,P
614,2016TT10907,HANSRAJ SAGAR,28,,P
615,2015ME20736,JASWANT MEENA,29,,P
616,2016BB10044,TANYA CHAUDHARY,29,,P
617,2016BB50006,SURBHI GUPTA,29,,P
618,2016CE10219,KURAPATI RUTHWIK REDDY,29,,P
619,2016CE10249,VIVEK KUMAR,29,,P
620,2016CH10098,PRANJAL KACHOLIA,29,,P
621,2016CH10144,RAHUL KUMAR MEENA,29,,P
622,2016CH70185,NISHANT,29,,P
623,2016CS10315,AKSHAT KHARE,29,,P
624,2016CS50401,ANKIT SOLANKI,29,,P
625,2016EE10411,PIYUSH MITTAL,29,,P
626,2016EE10469,UDIT RAJ SINGH,29,,P
627,2016EE30520,BURMA VAISHNAVI,29,,P
628,2016ME10676,NAVNEET GOYAL,29,,P
629,2016ME20752,SHANTAM SHARMA,29,,P
630,2016PH10545,SHIKHAR TULI,29,,P
631,2016PH10563,ANIMESH NARESH DESHMUKH,29,,P
632,2016TT10822,ASHUTOSH AGRAWAL,29,,P
633,2016TT10866,YERULE ADITYARAJ DHANANJAY,29,,P
634,2016TT10889,MANOJ KUMAR,29,,P
635,2016TT10908,SHUBHAM CHOUDHARY,29,,P
636,2016BB10047,ABHISHEK KUMAR KUSHWAHA,30,,P
637,2016BB50010,MADISHETTY SAITEJA,30,,P
638,2016CE10223,SOURABH KUMAR SINGH,30,,P
639,2016CE10250,PRAMOD KUMAR YADAV,30,,P
640,2016CH10101,AMAN SINGHAL,30,,P
641,2016CH70150,AZMAL HUSSAIN,30,,P
642,2016CH70186,ROHAN BHARTI,30,,P
643,2016CS10343,CHETAN MITTAL,30,,P
644,2016EE10436,MAYANK MISHRA,30,,P
645,2016EE10441,ABHINAV KALRA,30,,P
646,2016EE10481,KARGIL SINGH SOLANKI,30,,P
647,2016EE30521,SAUJANYA CHAUDHARY,30,,P
648,2016ME10679,SHIVANG RAMPRIYAN DWIVEDI,30,,P
649,2016ME10680,SHRESHTH TULI,30,,P
650,2016ME20778,HARSHIT ABROL,30,,P
651,2016MT10637,SUDESH SUNIL WASNIK,30,,P
652,2016PH10565,RAJ AGARWAL,30,,P
653,2016TT10825,SAURABH KUMAR,30,,P
654,2016TT10867,SUMANYU VYAS,30,,P
655,2016TT10891,UDIT,30,,P
656,2016TT10909,KAPIL DEV,30,,P
657,2015TT10914,MUDIT FOUJDAR,31,,P
658,2016BB50002,PARTH MITTAL,31,,P
659,2016CE10258,SANCHIT SINGH,31,,P
660,2016CE10274,KRISHNA CHOUDHARY,31,,P
661,2016CE10276,DAMANJEET SINGH,31,,P
662,2016CH10087,UJJWAL GUPTA,31,,P
663,2016CH10137,RAVI KANT SINGH,31,,P
664,2016CS10344,RAHUL BANSAL,31,,P
665,2016CS50385,RAJAS BANSAL,31,,P
666,2016EE30490,VAIBHAV KALRA,31,,P
667,2016EE30495,KARTIK MUNDRA,31,,P
668,2016EE30507,NAMAN UPADHYAYA,31,,P
669,2016ME10701,SANKALAN PAL CHOWDHURY,31,,P
670,2016ME20748,AKASH MAHAJAN,31,,P
671,2016ME20800,ANSHUL MORWAL,31,,P
672,2016ME20801,PRAMOD KUMAR TANWAR,31,,P
673,2016MT10623,NAMAN SINGH KANAUJIA,31,,P
674,2016MT60664,KUNJAN PRASAD,31,,P
675,2016PH10546,AAJEYA MAHENDRA JAJOO,31,,P
676,2016PH10561,MAJUMDAR ADHISH TAPAS,31,,P
677,2016PH10582,TEJASVA,31,,P
678,2016PH10588,PRAJWAL SINGH,31,,P
679,2016TT10854,ANMOL RATN,31,,P
680,2016CE10200,HARSHAD SHUKLA,32,,P
681,2016CE10226,HARSH SINGLA,32,,P
682,2016CE10259,SUDHANSHU YADAV,32,,P
683,2016CE10294,KARTIK KUMAR,32,,P
684,2016CH10080,ROHIT KUMAR SINGH,32,,P
685,2016CH10094,PATEL VEDANT,32,,P
686,2016CH10120,AKHTAR HUSSAIN,32,,P
687,2016CS10328,SHASHWAT SHIVAM,32,,P
688,2016CS10360,DANGETI BHARADWAJ,32,,P
689,2016EE10472,ARPIT SINGH,32,,P
690,2016EE10477,TARUN,32,,P
691,2016EE30526,MILANJEET SINGH BHATTI,32,,P
692,2016ME10678,HIMANSHU SINGH CHAUHAN,32,,P
693,2016ME10682,ABHINAV UPADHYAY,32,,P
694,2016ME10731,ABHISHEK KUMAR,32,,P
695,2016ME10732,PAIKRAO SAURAV ATUL,32,,P
696,2016ME20779,MEESALA MANOHAR,32,,P
697,2016PH10566,PRASHANT SINGH CHANDEL,32,,P
698,2016PH10573,VARUNESH KUMAR VISHWAKARMA,32,,P
699,2016PH10591,AMAN VERMA,32,,P
700,2016TT10859,DEUSKAR ADITYA ASHUTOSH,32,,P
701,2016TT10920,RUNIT ABRAHAM,32,,P
702,2016BB10039,SHREYA JOHRI,33,,P
703,2016BB50003,HARMAN MEHTA,33,,P
704,2016CE10220,CHINMAYA SINGH,33,,P
705,2016CE10247,BHARTI SINGH CHAUHAN,33,,P
706,2016CE10260,RISHABH KUMAR REWAR,33,,P
707,2016CE10292,TANMAY MEGHWAL,33,,P
708,2016CH10071,HRITIK BANSAL,33,,P
709,2016CS10337,YASH RAJ GUPTA,33,,P
710,2016CS50394,MAYANK SINGH CHAUHAN,33,,P
711,2016CS50398,ANIKET KUMAR,33,,P
712,2016EE10412,PRATYUSH MAINI,33,,P
713,2016EE10421,VIVEK SINGAL,33,,P
714,2016EE10459,ANAND KUMAR VERMA,33,,P
715,2016EE10478,MANNAM AKHIL,33,,P
716,2016EE10480,RAHUL MEENA,33,,P
717,2016ME10730,KARMVIR SINGH,33,,P
718,2016ME10736,ABHISHEK KUMAR MEENA,33,,P
719,2016MT10613,SIDDHARTHA SHANKAR KAHALI,33,,P
720,2016MT10620,ANSHUMAN SHRIVASTAVA,33,,P
721,2016MT60658,ANISH K K,33,,P
722,2016PH10557,PRANAV JAIN,33,,P
723,2016TT10845,MANAS SINGH,33,,P
724,2016BB10034,ANSHUL MANDAWAT,34,,P
725,2016BB10040,TANAY ASIJA,34,,P
726,2016CE10268,KISHAN KUMAR,34,,P
727,2016CE10278,SUNIL KUMAR YOGI,34,,P
728,2016CE10291,HIMANSHU KUMAR,34,,P
729,2016CH10090,UTSAV DAS,34,,P
730,2016CH10133,YASH MADHURENDRA,34,,P
731,2016CS10312,DEEPANSHU JINDAL,34,,P
732,2016CS10322,SRIJAN SINHA,34,,P
733,2016CS10329,RATHI SUSHANT SHYAM,34,,P
734,2016ME20747,SAHIL VAISH,34,,P
735,2016ME20791,SAHIL BHADANA,34,,P
736,2016MT10611,SPARSH GARG,34,,P
737,2016MT10628,PRIYANK,34,,P
738,2016MT60645,SIDDHARTHA BISWAS,34,,P
739,2016MT60647,KAUSTUBH PRAKASH,34,,P
740,2016MT60652,HARSH PARE,34,,P
741,2016PH10543,SAURABH GUPTA,34,,P
742,2016PH10544,PRADYUMNA P BELGAONKAR,34,,P
743,2016PH10570,GOHIL NATH,34,,P
744,2016TT10836,HIMANSHU GARG,34,,P
745,2016TT10886,PUSHPENDRA PRATAP MAURYA,34,,P
746,2015BB10049,POKHRAJ,35,,P
747,2016CH10099,RAJEEV BHOMIA,35,,P
748,2016CH10103,SHUBHAM GUPTA,35,,P
749,2016CH10125,HARSH KANADI,35,,P
750,2016CH10131,TAJASVI KUMAR SINGH,35,,P
751,2016CH70184,ADWAIT SUDERSAN,35,,P
752,2016CS10357,ABHINASH KUMAR,35,,P
753,2016CS10364,DANAM HARSHITH CHANDRA,35,,P
754,2016CS10367,ANSH PRAKASH,35,,P
755,2016EE10432,RITWIK CHAKRAVARTI,35,,P
756,2016EE10442,NALAWADE SARVESH BHARAT,35,,P
757,2016EE30529,DALVI SNIGDHA SURESH,35,,P
758,2016ME10670,DHRUV TALWAR,35,,P
759,2016ME10683,ANSHSHIV GARG,35,,P
760,2016ME10700,SHUBHAM MISHRA,35,,P
761,2016ME20762,VIBHU RAWAT,35,,P
762,2016MT10636,PARIKH JAY MAHENDRAKUMAR,35,,P
763,2016MT60660,VASU DEV SINGH,35,,P
764,2016PH10550,SURAJ GOEL,35,,P
765,2016PH10593,ARYAN VERMA,35,,P
766,2016PH10598,NITESH KUMAR PURTY,35,,P
767,2016TT10856,SHIVAM SACHDEVA,35,,P
768,2016TT10865,UTKARSH RENIWAL,35,,P
769,2015ME20757,S V TARUN,36,,P
770,2016BB10057,AVLOKIT KUMAR,36,,P
771,2016BB10061,SUYASH KUMAR TAK,36,,P
772,2016CE10218,SHANU SINGHAL,36,,P
773,2016CE10277,ANIRUDH KATIYAR,36,,P
774,2016CH10082,MEHUL SINGHAL,36,,P
775,2016CH10088,NISHTHA GUPTA,36,,P
776,2016CH10113,VARUN PODDAR,36,,P
777,2016CH10138,ROHAN VERMA,36,,P
778,2016CH70175,ANUKRITI YADAV,36,,P
779,2016CS10332,SHASHANK GOEL,36,,P
780,2016CS50387,PRAKHAR AGRAWAL,36,,P
781,2016EE10418,AKANSHU GUPTA,36,,P
782,2016ME20760,KSHITIJ GUPTA,36,,P
783,2016ME20810,ASHUTOSH GAMAD,36,,P
784,2016MT10618,KUMAR PRITHVI MISHRA,36,,P
785,2016PH10542,HARDIK SHARMA,36,,P
786,2016PH10552,O K VARUN,36,,P
787,2016PH10562,HARIKRISHNAN C K,36,,P
788,2016PH10590,DEEPANSHU,36,,P
789,2016TT10831,SHIVAM KUMAR JHA,36,,P
790,2016TT10842,NIKUNJ SANGWAN,36,,P
791,2016BB10038,NAMAN BHARGAVA,37,,P
792,2016CE10202,UTKARSH MISHRA,37,,P
793,2016CE10257,SURYA PRAKASH,37,,P
794,2016CE10272,SATYAM KUMAR,37,,P
795,2016CH10115,SAHIL,37,,P
796,2016CH70192,AMIT DERWAL,37,,P
797,2016CS10368,ANUBHAV PALWAY,37,,P
798,2016CS10370,RAHUL V,37,,P
799,2016CS10377,ADITHYA ANAND,37,,P
800,2016EE10429,ASHWIN TUNGA,37,,P
801,2016EE30528,KUNDAN DOIPHODE,37,,P
802,2016ME10672,CHAITANYA SHARMA,37,,P
803,2016ME10696,HEMANG SHEKHAR,37,,P
804,2016ME10698,PATEL BILV,37,,P
805,2016ME20770,NIKUNJ GUPTA,37,,P
806,2016MT10630,PARMINDER SINGH,37,,P
807,2016TT10837,NEHARIKA SINGHAL,37,,P
808,2016TT10860,AASHI AGARWAL,37,,P
809,2016TT10870,RAHUL KUMAR,37,,P
810,2016TT10884,RISHAV KUMAR,37,,P
811,2016TT10895,RAJAPANTULA UMA MAHESWARA RAO,37,,P
812,2015EE30541,T.HOINGAICHING HAOKIP,38,,P
813,2016BB10026,ADITYA PRASAD,38,,P
814,2016BB10052,KUMAR SHUBHAM,38,,P
815,2016BB50001,RATHI ADITYA PRASHANT,38,,P
816,2016BB50009,MD AHRAZ ZAHIR,38,,P
817,2016CE10261,SANGAM RAJ,38,,P
818,2016CH10072,KSHITIZ AGRAWAL,38,,P
819,2016CH10102,SURYA GARG,38,,P
820,2016CH10111,ARPIT SARAF,38,,P
821,2016CH70169,HARDIK GOYAL,38,,P
822,2016CS10316,DIVYANSHU SAXENA,38,,P
823,2016CS10379,MANAS MEENA,38,,P
824,2016EE10428,MALAY JAIN,38,,P
825,2016EE10455,RAHUL KUMAR JHAJHARIA,38,,P
826,2016EE10468,SHIVANSU KUMAR,38,,P
827,2016EE10470,SANDESH SEN,38,,P
828,2016ME20756,UTKARSH GUPTA,38,,P
829,2016PH10587,SOUMYADEEP SARKAR,38,,P
830,2016TT10830,AYUSH SRIVASTAVA,38,,P
831,2016TT10839,EASHAN BAJAJ,38,,P
832,2016TT10840,VISHAVJIT SHARMA,38,,P
833,2016TT10916,SUMIT KUMAR,38,,P
834,2014CS10241,NEELAPU RAJEEV SRINU,39,,P
835,2016BB10029,ROHAN SANGHI,39,,P
836,2016BB50007,PARTH BHARDWAJ,39,,P
837,2016CE10280,DEVENDRA SONKEWARE,39,,P
838,2016CS10345,VINAYAK RASTOGI,39,,P
839,2016CS10350,SHASHWAT BANCHHOR,39,,P
840,2016CS10354,MINHAJ SHAKEEL,39,,P
841,2016CS50390,SINGAMSETTY SANJEEVA KRISHNA SAI DI,39,,P
842,2016CS50396,AYUSH PATEL,39,,P
843,2016CS50400,SUMIT KUMAR GHOSH,39,,P
844,2016CS50406,ANIMESH SINGH,39,,P
845,2016EE10414,VRITTIKA BAGADIA,39,,P
846,2016EE10467,RAVI SINGH,39,,P
847,2016EE30511,AKSHAT AGARWAL,39,,P
848,2016ME10687,SANIDHYA JAIN,39,,P
849,2016ME10693,SAKSHAM JAIN,39,,P
850,2016ME20763,SHAGUN GUPTA,39,,P
851,2016ME20799,ANKIT SHILARKAR,39,,P
852,2016MT60659,PULKIT SHAKYA,39,,P
853,2016PH10584,NANDAM YASHWANTH,39,,P
854,2016TT10832,SUMAKESH MISHRA,39,,P
855,2016TT10915,HARSH LAL,39,,P
856,2015TT10924,PRASHANT VERMA,40,,P
857,2016BB10022,NIKHIL SHENOY,40,,P
858,2016BB10027,ANUJA TRIVEDI,40,,P
859,2016CE10207,SANCHIT SHARMA,40,,P
860,2016CE10262,BASANT DUDI,40,,P
861,2016CE10270,YASHASVI MAURYA,40,,P
862,2016CH10105,PATEL PRANAV,40,,P
863,2016CS10372,RAVINDER SINGH,40,,P
864,2016EE10435,ADITYA ABHISHEK,40,,P
865,2016EE10476,HITESH BASWAL,40,,P
866,2016EE30523,MANAV RAO,40,,P
867,2016ME10681,ADARSH KUMAR SAHU,40,,P
868,2016ME10724,HIMANSHU LAL,40,,P
869,2016ME20765,KESHAV KUMAR,40,,P
870,2016ME20774,PRAKET PARTH,40,,P
871,2016ME20798,NITIN SHEKHAR,40,,P
872,2016MT10632,ADITI CHAUDHARY,40,,P
873,2016PH10559,GOWTHAM MANICKAM,40,,P
874,2016PH10576,VAIBHAV SAINI,40,,P
875,2016TT10857,PRABHAT RANJAN,40,,P
876,2016TT10874,PRANAV VILAS NAGPURE,40,,P
877,2016TT10882,VIKASH KUMAR,40,,P
