List of students registered in (IInd Semester 20162017)
Course Code : PTP720
Course Description : POLYMER ENGINEERING LAB
Serial No., Entry Number, Student Name, Course Group, Audit Withdrawal, Course Slot
1,2016JPT2054,VISHNU  MOHAN,1,N,P
2,2016JPT2055,VIKASH  GUPTA,1,N,P
3,2016JPT2056,PRATIM KUMAR PATRA,1,N,P
4,2016JPT2057,VIKRAMSINGH RAJENDRASINGH THAKUR,1,N,P
5,2016JPT2059,SARTHAK  RATHI,1,N,P
6,2016JPT2060,RISHABH  TIWARI,1,N,P
7,2016JPT2062,ASHITA  DAVE,1,N,P
8,2016JPT2063,AMIT  KUMAR,1,N,P
9,2016JPT2064,SUBHENDU KUMAR SAHOO,1,N,P
10,2016JPT2066,SHIRSHA  BOSE,1,N,P
11,2016JPT2067,MEENAKSHI  VERMA,1,N,P
12,2016JPT2068,KRISHAN  YADAVENDRA,1,N,P
13,2016JPT2069,RAMACHANDRAN  KIRUBAKARAN,1,N,P
14,2016JPT2070,AAMIR  KHAN,1,N,P
15,2016JPT2071,BRAJESH KUMAR SINGH,1,N,P
16,2016JPT2072,SANDEEP  KUMAR,1,N,P
17,2016JPT2073,JIGNESH SHANTARAM MAHAJAN,1,N,P
18,2016JPT2074,SHWETA  RAJOURIA,1,N,P
19,2016JPT2075,POONAM,1,N,P
20,2016JPT2076,SAIKAT  BISWAS,1,N,P
21,2016JPT2897,NIDHI  GUPTA,1,N,P
