List of students registered in (IInd Semester 20162017)
Course Code : PYD351
Course Description : MINOR DESIGN PROJECT - I
Serial No., Entry Number, Student Name, Course Group, Audit Withdrawal, Course Slot
1,2013PH10877,TARIQUE ANWAR,1,N,P
2,2015PH10837,VISHNU RAGHURAMAN,1,N,P
3,2013PH10837,ANURAG,2,N,P
4,2013PH10860,PRACHI KHATRI,2,N,P
5,2014EE10482,SAUMAV KAPOOR,2,N,P
6,2014PH10839,VIVEKANANDA CHAUDHURI,2,N,P
7,2015PH10826,SHASHANK KUMAR,2,N,P
8,2015PH10828,SHIVAM BAGHEL,2,N,P
9,2015PH10834,TUSHAR MAURYA,2,N,P
10,2014BB10034,DEEPAK KUMAR,4,N,P
