List of students registered in (IInd Semester 20162017)
Course Code : PYD562
Course Description : PROJECT II
Serial No., Entry Number, Student Name, Course Group, Audit Withdrawal, Course Slot
1,2015PHS7109,ADITYA,1,N,P
2,2015PHS7110,AKASH KUMAR SINGH,1,N,P
3,2015PHS7111,AMIT VASHISHT,1,N,P
4,2015PHS7112,ANIL KUMAR,1,N,P
5,2015PHS7114,ASHUTOSH MOHAN,1,N,P
6,2015PHS7116,BHUMIKA KANSAL,1,N,P
7,2015PHS7117,DIPAK BARMAN,1,N,P
8,2015PHS7118,DONNEY JIGDUNG,1,N,P
9,2015PHS7119,GAURAV YADAV,1,N,P
10,2015PHS7120,GAURI SHANKER,1,N,P
11,2015PHS7121,HARISH GARG,1,N,P
12,2015PHS7122,HONEY,1,N,P
13,2015PHS7123,JAISMEEN,1,N,P
14,2015PHS7125,KAMAL RANA,1,N,P
15,2015PHS7126,KULDEEP SINGH GANGWAL,1,N,P
16,2015PHS7127,MADHURI,1,N,P
17,2015PHS7130,MOHAN SINGH,1,N,P
18,2015PHS7131,MONIKA,1,N,P
19,2015PHS7133,NARENDER LAMBA,1,N,P
20,2015PHS7135,NEERAJ BAIRWA,1,N,P
21,2015PHS7136,PRATIKSHA MAURYA,1,N,P
22,2015PHS7137,PRAVEEN GOTHWAL,1,N,P
23,2015PHS7138,RAHUL,1,N,P
24,2015PHS7139,RAVI YADAV,1,N,P
25,2015PHS7140,REHA GROVER,1,N,P
26,2015PHS7141,RISHABH DUHAN,1,N,P
27,2015PHS7142,RISHI CHAND GUPTA,1,N,P
28,2015PHS7144,RUHUL AMIN IBNE HAQUE,1,N,P
29,2015PHS7145,SACHIN GUPTA,1,N,P
30,2015PHS7147,SAMIM ZAMAN,1,N,P
31,2015PHS7148,SANDEEP KUMAR,1,N,P
32,2015PHS7149,SANJU MEENA,1,N,P
33,2015PHS7150,SANTOSH KUMAR SINGH,1,N,P
34,2015PHS7151,SATYAM PANDEY,1,N,P
35,2015PHS7152,SAURABH KAUSHIK,1,N,P
36,2015PHS7153,SAYANTAN ADAK,1,N,P
37,2015PHS7154,SHIVANI SHARMA,1,N,P
38,2015PHS7156,SOORYANSH ASTHANA,1,N,P
39,2015PHS7157,SUSHIL YADAV,1,N,P
40,2015PHS7158,THOKCHOM PREMKUMAR MEITEI,1,N,P
41,2015PHS7159,VASWATI BISWAS,1,N,P
42,2015PHS7160,VIKRAM YADAV,1,N,P
43,2015PHS7162,YASHRAJ,1,N,P
44,2015PHS7163,DIPENDER YADAV,1,N,P
