List of students registered in (IInd Semester 20162017)
Course Code : PYL114
Course Description : SOLID STATE PHYSICS
Serial No., Entry Number, Student Name, Course Group, Audit Withdrawal, Course Slot
1,2014EE30507,DEEPAK,0,N,E
2,2013ME10697,MRITYUNJAY PANDEY,1,N,E
3,2013PH10873,SHUBHAM MEENA,1,N,E
4,2014PH10788,BANDARU SAI KUMAR,1,N,E
5,2014PH10797,HIMANSHU BABAL,1,N,E
6,2014PH10805,NIKUNJ VERMA,1,N,E
7,2014PH10824,SHANTANU NIGAM,1,N,E
8,2015PH10783,ABHISHEK KUMAR KAMAL,1,N,E
9,2015PH10785,AGRAWAL ANURAG RAJESH,1,N,E
10,2015PH10787,AMAN SINGAL,1,N,E
11,2015PH10789,AMIT KUMAR,1,N,E
12,2015PH10791,ANAND BENIWAL,1,N,E
13,2015PH10793,ANKESH KUMAR,1,N,E
14,2015PH10795,ANSHUL KUMAR,1,N,E
15,2015PH10797,DESHMUKH ADITYA PRAVIN,1,N,E
16,2015PH10801,GOTUR SRINIVAS VENKATESH,1,N,E
17,2015PH10803,HIMALIK SINGH,1,N,E
18,2015PH10805,JITENDER MEENA,1,N,E
19,2015PH10807,KARTIK GOYAL,1,N,E
20,2015PH10809,KETAKI WASNIKAR,1,N,E
21,2015PH10811,MADHAVARAM AKSHAR,1,N,E
22,2015PH10813,NILAKSH AGARWAL,1,N,E
23,2015PH10815,POORVA AGRAWAL,1,N,E
24,2015PH10819,RISHI RAJ,1,N,E
25,2015PH10821,S BALAJI,1,N,E
26,2015PH10823,SAHARSH SIKARIA,1,N,E
27,2015PH10825,SEEMANT TEJASVI,1,N,E
28,2015PH10827,SHIVAM GOYAL,1,N,E
29,2015PH10829,SIDDHARTH PANDIT,1,N,E
30,2015PH10831,SPARSH SHARMA,1,N,E
31,2015PH10833,TAPISH NARWAL,1,N,E
32,2015PH10837,VISHNU RAGHURAMAN,1,N,E
33,2015PH10839,YASHASWI GANGWAR,1,N,E
34,2015PH10841,RAHUL KUMAR,1,N,E
35,2014PH10795,GAURAV KUMAR,2,N,E
36,2014PH10796,GOVERDHAN SINGH GARASIYA,2,N,E
37,2014PH10820,SALIL DHAKA,2,N,E
38,2014PH10831,SUDHIR KUMAR,2,N,E
39,2014PH10835,VELPURI SHIVA RAMA KRISHNA CHAITHAN,2,N,E
40,2014TT10931,SANCHI MEENA,2,N,E
41,2015PH10782,ABHIJEET KISHORE,2,N,E
42,2015PH10784,ADITYA TRIPATHI,2,N,E
43,2015PH10786,AKANKSHA SHARMA,2,N,E
44,2015PH10788,AMAN PAWAR,2,N,E
45,2015PH10790,AMIT KUMAR,2,N,E
46,2015PH10792,ANEERENDRA,2,N,E
47,2015PH10794,ANKIT IDWANI,2,N,E
48,2015PH10796,CHEENA AGARWAL,2,N,E
49,2015PH10798,DESHPANDE AMEYA UDAY,2,N,E
50,2015PH10800,GAIKWAD APURVA SANJAY,2,N,E
51,2015PH10802,HARSH PITALIYA,2,N,E
52,2015PH10804,INDRAVATH RAMKOTI,2,N,E
53,2015PH10806,KARTIK AGARWAL,2,N,E
54,2015PH10808,KAUSTUBH SINGHI,2,N,E
55,2015PH10812,NAYANTARA MUDUR,2,N,E
56,2015PH10814,PAWAR GOPAL,2,N,E
57,2015PH10816,PRAJWAL UMATIYA,2,N,E
58,2015PH10818,RAKESH NATH,2,N,E
59,2015PH10820,RUDRAKSH GUPTA,2,N,E
60,2015PH10822,SAGARE CHETAN BASAWARAJ,2,N,E
61,2015PH10824,SARVESH AGARWAL,2,N,E
62,2015PH10826,SHASHANK KUMAR,2,N,E
63,2015PH10828,SHIVAM BAGHEL,2,N,E
64,2015PH10832,SUMIT KUMAR,2,N,E
65,2015PH10834,TUSHAR MAURYA,2,N,E
66,2015PH10836,VIKRANT SINGH,2,N,E
67,2015PH10838,YARLAGADDA SANKARA DINESH,2,N,E
68,2015PH10840,YASHTI AGRAWAL,2,N,E
69,2012CH10127,SUMIT KUMAR SINGH,3,N,E
70,2014MT10613,SUBODH PUSHKAR,3,N,E
71,2014TT10867,ANSHU PAWAR,3,N,E
72,2013EE10515,VIKAS BHASKAR,4,N,E
73,2014EE30518,MAHIPAL SEJU,4,N,E
74,2014EE30525,PALLAVI KUMARI,4,N,E
75,2014EE30533,SAMIKSHA SEN,4,N,E
76,2014EE30545,VISHAKHA CHANDORE,4,N,E
77,2014MT10604,ROHIT,4,N,E
78,2014TT10903,MILAN SINGH,4,N,E
