List of students registered in (IInd Semester 20162017)
Course Code : PYL112
Course Description : QUANTUM MECHANICS
Serial No., Entry Number, Student Name, Course Group, Audit Withdrawal, Course Slot
1,2013EE10487,RISHABH MITTAL,1,N,A
2,2013PH10836,ANNU KUMAR TIGGA,1,N,A
3,2013PH10849,KEDAM VENKATESHWARGOUD,1,N,A
4,2013PH10873,SHUBHAM MEENA,1,N,A
5,2014PH10794,EESHAN JINDAL,1,N,A
6,2014PH10797,HIMANSHU BABAL,1,N,A
7,2014PH10805,NIKUNJ VERMA,1,N,A
8,2014PH10806,NIRMAL SHAJU,1,N,A
9,2014PH10815,RASHMI RAJEEV PANTAWANE,1,N,A
10,2014PH10823,SHAILENDRA P SINGH DHAKAD,1,N,A
11,2014PH10824,SHANTANU NIGAM,1,N,A
12,2014PH10836,VIKRAM SINGH MEENA,1,N,A
13,2015CE10369,RIYA ARORA,1,N,A
14,2015ME10653,KONETI SHIVATEJA,1,N,A
15,2015ME10680,SHASHANK SAXENA,1,N,A
16,2015ME10692,YASH YADAV,1,N,A
17,2015PH10783,ABHISHEK KUMAR KAMAL,1,N,A
18,2015PH10785,AGRAWAL ANURAG RAJESH,1,N,A
19,2015PH10787,AMAN SINGAL,1,N,A
20,2015PH10789,AMIT KUMAR,1,N,A
21,2015PH10791,ANAND BENIWAL,1,N,A
22,2015PH10793,ANKESH KUMAR,1,N,A
23,2015PH10795,ANSHUL KUMAR,1,N,A
24,2015PH10797,DESHMUKH ADITYA PRAVIN,1,N,A
25,2015PH10801,GOTUR SRINIVAS VENKATESH,1,N,A
26,2015PH10803,HIMALIK SINGH,1,N,A
27,2015PH10805,JITENDER MEENA,1,N,A
28,2015PH10807,KARTIK GOYAL,1,N,A
29,2015PH10809,KETAKI WASNIKAR,1,N,A
30,2015PH10811,MADHAVARAM AKSHAR,1,N,A
31,2015PH10813,NILAKSH AGARWAL,1,N,A
32,2015PH10815,POORVA AGRAWAL,1,N,A
33,2015PH10821,S BALAJI,1,N,A
34,2015PH10823,SAHARSH SIKARIA,1,N,A
35,2015PH10825,SEEMANT TEJASVI,1,N,A
36,2015PH10827,SHIVAM GOYAL,1,N,A
37,2015PH10829,SIDDHARTH PANDIT,1,N,A
38,2015PH10831,SPARSH SHARMA,1,N,A
39,2015PH10833,TAPISH NARWAL,1,N,A
40,2015PH10837,VISHNU RAGHURAMAN,1,N,A
41,2015PH10839,YASHASWI GANGWAR,1,N,A
42,2015PH10841,RAHUL KUMAR,1,N,A
43,2011PH10846,KSHITIZ SINGH,2,N,A
44,2012PH10826,AMARKANT,2,N,A
45,2013CH10969,SHUBHAM BAGESHWAR,2,N,A
46,2014EE10706,ABHI SAXENA,2,N,A
47,2014PH10789,BESTA PREM SAI,2,N,A
48,2014PH10795,GAURAV KUMAR,2,N,A
49,2014PH10796,GOVERDHAN SINGH GARASIYA,2,N,A
50,2014PH10801,KRATI RATHORE,2,N,A
51,2014PH10807,NITESH MEENA,2,N,A
52,2014PH10820,SALIL DHAKA,2,N,A
53,2014PH10825,SHIBASHRIT MOHANTY,2,N,A
54,2014PH10831,SUDHIR KUMAR,2,N,A
55,2014PH10835,VELPURI SHIVA RAMA KRISHNA CHAITHAN,2,N,A
56,2015PH10782,ABHIJEET KISHORE,2,N,A
57,2015PH10784,ADITYA TRIPATHI,2,N,A
58,2015PH10786,AKANKSHA SHARMA,2,N,A
59,2015PH10788,AMAN PAWAR,2,N,A
60,2015PH10790,AMIT KUMAR,2,N,A
61,2015PH10792,ANEERENDRA,2,N,A
62,2015PH10794,ANKIT IDWANI,2,N,A
63,2015PH10796,CHEENA AGARWAL,2,N,A
64,2015PH10798,DESHPANDE AMEYA UDAY,2,N,A
65,2015PH10800,GAIKWAD APURVA SANJAY,2,N,A
66,2015PH10802,HARSH PITALIYA,2,N,A
67,2015PH10804,INDRAVATH RAMKOTI,2,N,A
68,2015PH10808,KAUSTUBH SINGHI,2,N,A
69,2015PH10812,NAYANTARA MUDUR,2,N,A
70,2015PH10814,PAWAR GOPAL,2,N,A
71,2015PH10816,PRAJWAL UMATIYA,2,N,A
72,2015PH10818,RAKESH NATH,2,N,A
73,2015PH10820,RUDRAKSH GUPTA,2,N,A
74,2015PH10824,SARVESH AGARWAL,2,N,A
75,2015PH10826,SHASHANK KUMAR,2,N,A
76,2015PH10828,SHIVAM BAGHEL,2,N,A
77,2015PH10832,SUMIT KUMAR,2,N,A
78,2015PH10834,TUSHAR MAURYA,2,N,A
79,2015PH10836,VIKRANT SINGH,2,N,A
80,2015PH10838,YARLAGADDA SANKARA DINESH,2,N,A
81,2015PH10840,YASHTI AGRAWAL,2,N,A
82,2009PH10715,DEVENDRA KUMAR MESHRAM,3,N,A
83,2013CH10090,MANISH KANSAL,3,N,A
84,2013ME20785,KULDEEP SHARMA,3,N,A
85,2014EE10483,SHAURYA SHANKAR,3,N,A
86,2014MT10045,NIHARIKA,3,N,A
87,2015BB10065,VIKRANT YADAV,3,N,A
88,2015EE30543,UTKARSH SAXENA,3,N,A
89,2013ME10641,AGRAWAL SHUBHAM RAJIV,4,N,A
90,2014BB10026,ANKIT KUMAR,4,N,A
91,2015BB10040,JEETU SINGH,4,N,A
92,2015BB10048,PIYUSH KUMAR,4,N,A
93,2015CE10352,PANKAJ JORWAL,4,N,A
94,2015EE10436,ANUDEEP VIBHUTI,4,N,A
95,2015EE30532,ROBIN BANSAL,4,N,A
