List of students registered in (IInd Semester 20162017)
Course Code : PYL102
Course Description : PRINCIPLES OF ELECT. MATERIALS
Serial No., Entry Number, Student Name, Course Group, Audit Withdrawal, Course Slot
1,2015EE10781,ABHAY  CHANDRA,0,N,H
2,2013EE10431,ABHISHEK KEDIA,1,N,H
3,2013EE10445,Bhawani Singh,1,N,H
4,2013EE10467,KUSHAL SATYA,1,N,H
5,2013EE10483,PUPPALI PRANEETH GOUD,1,N,H
6,2014EE10444,KARAN KUMAR KOLI,1,N,H
7,2014EE10447,KATTUMURI ENOCH,1,N,H
8,2014EE10450,LOKESH KUMAR MEENA,1,N,H
9,2014EE10453,MANISH SINGH,1,N,H
10,2014EE10456,MENDU RAGHU SRAVAN KUMAR,1,N,H
11,2014EE10459,NAGUBANDI HARSHITH,1,N,H
12,2014EE10466,PARAS CHOPRA,1,N,H
13,2014EE10469,PRADYUMN SINGH,1,N,H
14,2014EE10472,PREM ANAND,1,N,H
15,2014EE10475,PUDI DILEEP,1,N,H
16,2014EE10478,RAHUL KUMAR,1,N,H
17,2014EE10481,SAMMETA ANUDEEP,1,N,H
18,2014EE10484,SHIVAM KUMAR,1,N,H
19,2014EE10488,SHUVAM AGARWAL,1,N,H
20,2014EE10491,SYED AFROZE ISMAIL,1,N,H
21,2014EE10494,VIJAY RAGHAV GOYAL,1,N,H
22,2014EE10517,KONATHAM VENKATA PRATHYUSHA,1,N,H
23,2014EE10655,GAGANPREET SINGH,1,N,H
24,2015CE10317,ASHIT KUMAR,1,N,H
25,2015CE10321,DEVENDRA SINGH MEENA,1,N,H
26,2015EE10111,MOHIT  GOYAL,1,N,H
27,2015EE10425,ABHISHEK KUMAR,1,N,H
28,2015EE10441,ASHRAY GUPTA,1,N,H
29,2015EE10457,KULDEEP MEENA,1,N,H
30,2015EE10477,SHRIDU VERMA,1,N,H
31,2015EE10489,TINISH BHATTACHARYA,1,N,H
32,2015EE10493,VIVEK ARORA,1,N,H
33,2015EE10641,AYUSH  JAIN,1,N,H
34,2015EE10835,VARUN  SRIVASTAVA,1,N,H
35,2013EE10468,LAKSHAY GOEL,2,N,H
36,2013EE10505,TARUN AGARWAL,2,N,H
37,2014EE10442,INDERJOT SINGH SAGGU,2,N,H
38,2014EE10445,KASI SAI SRIKAR,2,N,H
39,2014EE10451,MADHUKAR KUMAR,2,N,H
40,2014EE10454,MANMOHAN MEENA,2,N,H
41,2014EE10457,MUKUL BENIWAL,2,N,H
42,2014EE10467,PARMAR SAHIL SATISHKUMAR,2,N,H
43,2014EE10470,PRASHANTH M,2,N,H
44,2014EE10473,PRITISH SINGLA,2,N,H
45,2014EE10476,RACHAMALLU SIVA SATVIK REDDY,2,N,H
46,2014EE10495,VIPUL KHATANA,2,N,H
47,2015CE10322,DEVESH KUMAR DEWANGAN,2,N,H
48,2015EE10080,AMAN KUMAR  SINGH,2,N,H
49,2015EE10422,ABHILASH SONI,2,N,H
50,2015EE10430,AKSHAY VERMA,2,N,H
51,2015EE10434,ANIL BERA,2,N,H
52,2015EE10438,ANVESH GUPTA,2,N,H
53,2015EE10454,KARTIK CHOUDHARY,2,N,H
54,2015EE10458,LAXMAN KUMAR MEENA,2,N,H
55,2015EE10462,MUDIT BANSAL,2,N,H
56,2015EE10478,SHUBHAM RAO,2,N,H
57,2015EE10482,SOURABH VEERWAL,2,N,H
58,2015EE10486,SUSHANT SINGH SAROTE,2,N,H
59,2015EE10490,UDIT SINGLA,2,N,H
60,2015ME10657,LOKRAJ MEENA,2,N,H
61,2013EE10438,ANSHUL JAIN,3,N,H
62,2013EE10485,RAGHAVARAJU HARISH VARMA,3,N,H
63,2013EE10504,SURAG NAIR,3,N,H
64,2013EE30543,ADITYA PORWAL,3,N,H
65,2013EE30555,KAILASH CHANDRA,3,N,H
66,2013EE30571,SHIVPAL CHAUDHARY,3,N,H
67,2013MT60583,AKSHAY ROYAL,3,N,H
68,2014EE10437,DILKHUSH MEENA,3,N,H
69,2014EE10440,GANJI MANOJ KUMAR,3,N,H
70,2014EE10443,JASHUWA MYDAM,3,N,H
71,2014EE10455,MAYANK BANSAL,3,N,H
72,2014EE10461,NARAYANASETTY AJITH KUMAR,3,N,H
73,2014EE10468,PARVEZ ANWAR CHANAWALA,3,N,H
74,2014EE10471,PRAVEEN SINGH RAJPUT,3,N,H
75,2014EE10474,PRIYADARSHI NISHANT KIRITKUMAR,3,N,H
76,2014EE10477,RAHUL JHAJHRIA,3,N,H
77,2014EE10490,SWETA SONI,3,N,H
78,2014EE10496,VISHAL KUMAR MEENA,3,N,H
79,2014EE10523,NILESH KUMAR JHA,3,N,H
80,2014EE30505,DEEPAK KORKU,3,N,H
81,2014EE30507,DEEPAK,3,N,H
82,2014EE30509,DHARAMSARE PRANAY KASHIRAM,3,N,H
83,2014EE30512,HARSH VERMA,3,N,H
84,2014EE30514,JAKKA AMARENDER REDDY,3,N,H
85,2014EE30516,JONNADULA SUJAN,3,N,H
86,2014EE30519,MUKUL,3,N,H
87,2014EE30522,NIHAR SHERWAL,3,N,H
88,2014EE30524,NISHANT NAIN,3,N,H
89,2014EE30526,PANKAJ SANODIYA,3,N,H
90,2014EE30528,PRABUDDH BAIID,3,N,H
91,2014EE30530,PRAFULL GOPALDAS LILANI,3,N,H
92,2014EE30532,RISHAVDEEP SINGH,3,N,H
93,2014EE30536,SHUBHAM MAURYA,3,N,H
94,2014EE30538,SUKRITI NIGAM,3,N,H
95,2014EE30540,SURYAKANT MISHRA,3,N,H
96,2014EE30542,VINAY CHETNANI,3,N,H
97,2014EE30544,VIPASHA MITTAL,3,N,H
98,2014EE30746,PRATEEK GARG,3,N,H
99,2015CE10371,SAMITINJOY BASAK,3,N,H
100,2015CS10248,RAVINDRA SINGH LOHAN,3,N,H
101,2015EE10045,NARAYANI  BHATIA,3,N,H
102,2015EE10423,ABHISHEK BAIRWA,3,N,H
103,2015EE10431,ALLURI BHARATH,3,N,H
104,2015EE10447,GARVIT GUPTA,3,N,H
105,2015EE10455,KHUSHWANT KHATRI,3,N,H
106,2015EE10463,NIMISH GOEL,3,N,H
107,2015EE10471,SAKSHI JAIN,3,N,H
108,2015EE10475,SAWANT ROHAN MADHUKARRAO,3,N,H
109,2015EE10479,SHWETA SINGH,3,N,H
110,2015EE10487,SUSHANT DAGA,3,N,H
111,2015EE10491,VINAY SANGWAN,3,N,H
112,2015EE10519,KRUTIKA  JAISWAL,3,N,H
113,2015EE10691,YASH  GARG,3,N,H
114,2015EE30501,AASHISH BHORSE,3,N,H
115,2015EE30503,ABHISHEK VERMA,3,N,H
116,2015EE30511,BIR SINGH,3,N,H
117,2015EE30525,PARIKSHIT PAYAL,3,N,H
118,2015EE30529,PRANJAL GUPTA,3,N,H
119,2015EE30531,RAKESH KUMAR,3,N,H
120,2015EE30750,PRADEEP  KUMAR,3,N,H
121,2015ME10661,MOHIT SINGH,3,N,H
122,2015MT60553,ARYAMAN GARG,3,N,H
123,2013EE10476,N S BHARATH,4,N,H
124,2013EE10515,VIKAS BHASKAR,4,N,H
125,2013EE30544,AKASH GAUTAM,4,N,H
126,2013EE30545,AKSHAT SRIVASTAVA,4,N,H
127,2013EE30566,RONAK ASHARAM MEENA,4,N,H
128,2014EE10134,SHOBHIT JAIN,4,N,H
129,2014EE10141,SOMYA ARORA,4,N,H
130,2014EE10368,RAVINDRA KUMAR GUPTA,4,N,H
131,2014EE10421,ABHISHEK BANSAL,4,N,H
132,2014EE10422,AJAY KUMAR MAHICHA,4,N,H
133,2014EE10424,AKSHUNN JINDAL,4,N,H
134,2014EE10426,ANANT KUMAR SINGH,4,N,H
135,2014EE10427,ANIRBAN MUKHOPADHYAY,4,N,H
136,2014EE10428,ANUJ MITTAL,4,N,H
137,2014EE10431,BOTCHA LOKESH KUMAR,4,N,H
138,2014EE10432,BURLE VENKATA SRIHARSHA,4,N,H
139,2014EE10433,D SAI TARUN,4,N,H
140,2014EE10434,DASHPUTE ANIKET SANJAY,4,N,H
141,2014EE10436,DESHANT R. FUSATE,4,N,H
142,2014EE10438,DIVPREET SINGH,4,N,H
143,2014EE10439,DUNNA AGNI SWAROOP,4,N,H
144,2014EE10441,HARDIK AGARWAL,4,N,H
145,2014EE30007,MITHOOL JAIN,4,N,H
146,2014EE30168,JISHNUDEEP KAR,4,N,H
147,2014EE30501,ANIMESH SHARMA,4,N,H
148,2014EE30504,BADUGU SATHVIC,4,N,H
149,2014EE30508,DESAI SOHAM HITENDRAKUMAR,4,N,H
150,2014EE30511,GUDIKOTA DHARANI KUMAR GUPTA,4,N,H
151,2014EE30513,INAMUL HAQ AZAD,4,N,H
152,2014EE30515,JIWANE SWAPNIL SOPANRAO,4,N,H
153,2014EE30518,MAHIPAL SEJU,4,N,H
154,2014EE30521,NEERAJ MEENA,4,N,H
155,2014EE30525,PALLAVI KUMARI,4,N,H
156,2014EE30527,PIYUSH KUMAR,4,N,H
157,2014EE30531,PRIYANSHI,4,N,H
158,2014EE30533,SAMIKSHA SEN,4,N,H
159,2014EE30535,SHIVAM ASATI,4,N,H
160,2014EE30537,SHUBHAM MALHOTRA,4,N,H
161,2014EE30539,SUNNY BHAGIA,4,N,H
162,2014EE30541,TARUN JAIN,4,N,H
163,2014EE30543,VINAY AGARWAL,4,N,H
164,2014EE30545,VISHAKHA CHANDORE,4,N,H
165,2014EE30629,ADITYA ARORA,4,N,H
166,2015EE10428,ADUSUMALLI LAKSHMI HIMAVANTH,4,N,H
167,2015EE10444,BOORA AASISH,4,N,H
168,2015EE10448,GAURAV KUMAR SINGH,4,N,H
169,2015EE10452,HITUL ARORA,4,N,H
170,2015EE10464,PEEYUSH KARNANI,4,N,H
171,2015EE10468,RISHABH GUPTA,4,N,H
172,2015EE10472,SARTHAK JAIN,4,N,H
173,2015EE10488,TARUN GUPTA,4,N,H
174,2015EE10504,ADITI  JHA,4,N,H
175,2015EE30502,ABHAY SINGH,4,N,H
176,2015EE30512,CHETAN KUMAR HARSOLIYA,4,N,H
177,2015EE30514,DIGVIJAI SINGH,4,N,H
178,2015EE30518,HUNNEY KOTIYA,4,N,H
179,2015EE30524,NISHANT KUMAR SHARMA,4,N,H
180,2015EE30530,PRASHANT ANAND,4,N,H
