List of students registered in (IInd Semester 20162017)
Course Code : PYL202
Course Description : STATISTICAL PHYSICS
Serial No., Entry Number, Student Name, Course Group, Audit Withdrawal, Course Slot
1,2012PH10872,SANDEEP AGGARWAL,1,N,F
2,2013PH10823,ABHISHEK SAHGAL,1,N,F
3,2013PH10825,AGRAWAL ANIRUDH YOGESH,1,N,F
4,2013PH10838,APOORV PANT,1,N,F
5,2013PH10842,ATUL,1,N,F
6,2013PH10845,GAURAV RAWAT,1,N,F
7,2013PH10847,HIMANSHU,1,N,F
8,2013PH10851,MOHAN LAL,1,N,F
9,2013PH10853,MONIKA DAMOR,1,N,F
10,2013PH10855,NANDIKATLA TEJA SURYA,1,N,F
11,2013PH10856,NAVEEN YADAV,1,N,F
12,2013PH10857,NAVEEN S,1,N,F
13,2013PH10866,SARTHAK WAHAL,1,N,F
14,2013PH10875,SIDDHARTH ARVIND VADNERKAR,1,N,F
15,2013PH10880,VISHAL SINGH,1,N,F
16,2013PH10882,YATEE GUPTA,1,N,F
17,2014PH10784,AMAL GEORGE M,1,N,F
18,2014PH10787,ARVIND YADAV,1,N,F
19,2014PH10788,BANDARU SAI KUMAR,1,N,F
20,2014PH10793,DHRUVA GANAPATHY,1,N,F
21,2014PH10809,PARYULL JAIN,1,N,F
22,2014PH10811,PRATIK KUMAR DASH,1,N,F
23,2014PH10812,RAGHVENDRA SINGH,1,N,F
24,2014PH10817,RISHABH KUMAR,1,N,F
25,2014PH10818,ROHIT RATHI,1,N,F
26,2014PH10821,SALVI YADNESH UJWAL,1,N,F
27,2014PH10830,SUBRAMANYA UTTAM GANTI,1,N,F
28,2014PH10833,TANUJ SONI,1,N,F
29,2014PH10840,YOGESH S,1,N,F
30,2013PH10826,AJAY KUMAR MEENA,2,N,F
31,2013PH10846,HARDIK GILL,2,N,F
32,2013PH10850,KUNAL KUMAR,2,N,F
33,2013PH10863,RAGHAV AGARWAL,2,N,F
34,2013PH10867,SATVEER GURJAR,2,N,F
35,2013PH10871,SHREYAS PADHY,2,N,F
36,2013PH10881,VISHAL KUMAR,2,N,F
37,2014PH10782,ABHISHEK BHARDWAJ,2,N,F
38,2014PH10783,ACHARYA SAGAR RASHMIKANT,2,N,F
39,2014PH10785,ANSHUL TOSHNIWAL,2,N,F
40,2014PH10790,CHAITANYA ARYA,2,N,F
41,2014PH10792,DHALE NIKHIL UDAY,2,N,F
42,2014PH10798,KANADE SHEETAL RAOSAHEB,2,N,F
43,2014PH10802,KULDEEP UDAI,2,N,F
44,2014PH10804,MUDIT GARG,2,N,F
45,2014PH10808,P SUSHRUTH REDDY,2,N,F
46,2014PH10813,RAJA BABU,2,N,F
47,2014PH10819,SAKSHAM AGARWAL,2,N,F
48,2014PH10822,SANKALP PATEL,2,N,F
49,2014PH10826,SHUBENDU SUMBLI,2,N,F
50,2014PH10828,SHUBHAM,2,N,F
51,2014PH10832,SUNDARAPU H M R PRASANTH KUMAR,2,N,F
52,2014PH10838,VISHAL SINGH,2,N,F
53,2014PH10839,VIVEKANANDA CHAUDHURI,2,N,F
