List of students registered in (IInd Semester 20162017)
Course Code : PYL321
Course Description : LOW DIMENSIONAL PHYSICS
Serial No., Entry Number, Student Name, Course Group, Audit Withdrawal, Course Slot
1,2013PH10822,AASTHA,1,N,B
2,2013PH10825,AGRAWAL ANIRUDH YOGESH,1,N,B
3,2013PH10829,AKSHAY PRASHANT HEGDE,1,N,B
4,2013PH10834,ANKIP KUMAR,1,N,B
5,2013PH10835,ANKUR KUMAR,1,N,B
6,2013PH10838,APOORV PANT,1,N,B
7,2013PH10842,ATUL,1,N,B
8,2013PH10845,GAURAV RAWAT,1,N,B
9,2013PH10847,HIMANSHU,1,N,B
10,2013PH10853,MONIKA DAMOR,1,N,B
11,2013PH10856,NAVEEN YADAV,1,N,B
12,2013PH10857,NAVEEN S,1,N,B
13,2013PH10865,SAJNANI MANISH DAYALDAS,1,N,B
14,2013PH10875,SIDDHARTH ARVIND VADNERKAR,1,N,B
15,2013PH10877,TARIQUE ANWAR,1,N,B
16,2013PH10879,UTKARSH DETHA,1,N,B
17,2013PH10882,YATEE GUPTA,1,N,B
18,2014PH10805,NIKUNJ VERMA,1,N,B
19,2013PH10032,ROMIL AUDHKHASI,2,N,B
20,2013PH10185,SUSHRUT GHONGE,2,N,B
21,2013PH10826,AJAY KUMAR MEENA,2,N,B
22,2013PH10828,AKASH BISWAL,2,N,B
23,2013PH10830,AMEEK MALHOTRA,2,N,B
24,2013PH10831,AMITESH SINGH,2,N,B
25,2013PH10843,DASHMEET SINGH ISSER,2,N,B
26,2013PH10861,PRAFULL KUMAR SHARMA,2,N,B
27,2013PH10878,UJJWAL AGARWAL,2,N,B
28,2013PH10881,VISHAL KUMAR,2,N,B
29,2013PH10883,ZAHEER HASSAN SIDDIQUI,2,N,B
30,2015PH10784,ADITYA TRIPATHI,2,N,B
