List of students registered in (IInd Semester 20162017)
Course Code : PYL560
Course Description : APPLIED OPTICS
Serial No., Entry Number, Student Name, Course Group, Audit Withdrawal, Course Slot
1,2013EE10487,RISHABH MITTAL,1,N,E
2,2014PHS7123,DEEPAK,1,N,E
3,2014PHS7156,SUNIL KUMAR,1,N,E
4,2015PHS7117,DIPAK BARMAN,1,N,E
5,2015PHS7118,DONNEY JIGDUNG,1,N,E
6,2015PHS7133,NARENDER LAMBA,1,N,E
7,2015PHS7136,PRATIKSHA MAURYA,1,N,E
8,2015PHS7137,PRAVEEN GOTHWAL,1,N,E
9,2015PHS7142,RISHI CHAND GUPTA,1,N,E
10,2015PHS7149,SANJU MEENA,1,N,E
11,2016PHS7120,SOURAV KUMAR,1,N,E
12,2016PHS7121,EKTA KUMAWAT,1,N,E
13,2016PHS7122,DEEPANSHU AGGARWAL,1,N,E
14,2016PHS7124,RADHIKA KATARIA,1,N,E
15,2016PHS7125,LOVEKUSH KUMAR,1,N,E
16,2016PHS7126,PRASAD TANHAJI WAMAN,1,N,E
17,2016PHS7127,PRIYA NANDAL,1,N,E
18,2016PHS7128,RASHI MONGA,1,N,E
19,2016PHS7129,NIKITA SHARMA,1,N,E
20,2016PHS7130,CHANDAN MANDAL,1,N,E
21,2016PHS7131,NISHANT KUMAR PATHAK,1,N,E
22,2016PHS7132,RAJ KUMAR SHARMA,1,N,E
23,2016PHS7133,NITESH SHANDILYA,1,N,E
24,2016PHS7134,SARVESH BANSAL,1,N,E
25,2016PHS7135,PRITHU PANDEY,1,N,E
26,2016PHS7136,KULDEEP KUMAR GUPTA,1,N,E
27,2016PHS7138,ARCHANA MEENA,1,N,E
28,2016PHS7139,RAJENDRA RANWA,1,N,E
29,2016PHS7140,PALLABI PARUI,1,N,E
30,2016PHS7141,BHARAT,1,N,E
31,2016PHS7142,HANSRAJ KARWASARA,1,N,E
32,2016PHS7143,PANKAJ,1,N,E
33,2016PHS7144,RITISH KAMBOJ,1,N,E
34,2016PHS7145,SANJEEV MAURYA,1,N,E
35,2016PHS7146,RANJEET KUMAR,1,N,E
36,2016PHS7147,RAHUL KUMAR SINGH,1,N,E
37,2016PHS7148,DEVNAND KUMAWAT,1,N,E
38,2016PHS7149,SANJEEV KUMAR,1,N,E
39,2016PHS7150,AMIT KUMAR MAURYA,1,N,E
40,2016PHS7151,KAUSHAMBI JYOTI,1,N,E
41,2016PHS7153,KEWAL ANAND,1,N,E
42,2016PHS7155,KUSHAL MALHOTRA,1,N,E
43,2016PHS7156,AMISH KUMAR GAUTAM,1,N,E
44,2016PHS7157,MANEESH KUMAR UPADHYAY,1,N,E
45,2016PHS7158,KOMAL MEENA,1,N,E
46,2016PHS7159,KULDEEP MEENA,1,N,E
47,2016PHS7161,JYOTI MANGAL,1,N,E
48,2016PHS7162,CHANDRAKANT PRAJAPATI,1,N,E
49,2016PHS7164,SIMRANJOT KAUR,1,N,E
50,2016PHS7165,MOHD MURTAZA SHAIRO,1,N,E
51,2016PHS7166,SONALI,1,N,E
52,2016PHS7167,KARTIK KUMAR,1,N,E
53,2016PHS7168,AKSHIT JOSHI,1,N,E
54,2016PHS7169,RITIKA MALIK,1,N,E
55,2016PHS7170,ANTIMA SHARMA,1,N,E
56,2016PHS7171,VISHAL SHARMA,1,N,E
57,2016PHS7172,ARJUN KUMAWAT,1,N,E
58,2016PHS7173,HEMANT JATAV,1,N,E
