List of students registered in (IInd Semester 20162017)
Course Code : PYL563
Course Description : SOLID STATE PHYSICS
Serial No., Entry Number, Student Name, Course Group, Audit Withdrawal, Course Slot
1,2015PHS7119,GAURAV YADAV,1,N,D
2,2015PHS7133,NARENDER LAMBA,1,N,D
3,2016EEZ8496,UPASANA  SAHU,1,N,D
4,2016PHS7120,SOURAV KUMAR,1,N,D
5,2016PHS7121,EKTA KUMAWAT,1,N,D
6,2016PHS7122,DEEPANSHU AGGARWAL,1,N,D
7,2016PHS7124,RADHIKA KATARIA,1,N,D
8,2016PHS7125,LOVEKUSH KUMAR,1,N,D
9,2016PHS7126,PRASAD TANHAJI WAMAN,1,N,D
10,2016PHS7127,PRIYA NANDAL,1,N,D
11,2016PHS7128,RASHI MONGA,1,N,D
12,2016PHS7129,NIKITA SHARMA,1,N,D
13,2016PHS7130,CHANDAN MANDAL,1,N,D
14,2016PHS7131,NISHANT KUMAR PATHAK,1,N,D
15,2016PHS7132,RAJ KUMAR SHARMA,1,N,D
16,2016PHS7133,NITESH SHANDILYA,1,N,D
17,2016PHS7134,SARVESH BANSAL,1,N,D
18,2016PHS7135,PRITHU PANDEY,1,N,D
19,2016PHS7136,KULDEEP KUMAR GUPTA,1,N,D
20,2016PHS7138,ARCHANA MEENA,1,N,D
21,2016PHS7139,RAJENDRA RANWA,1,N,D
22,2016PHS7140,PALLABI PARUI,1,N,D
23,2016PHS7141,BHARAT,1,N,D
24,2016PHS7142,HANSRAJ KARWASARA,1,N,D
25,2016PHS7143,PANKAJ,1,N,D
26,2016PHS7144,RITISH KAMBOJ,1,N,D
27,2016PHS7145,SANJEEV MAURYA,1,N,D
28,2016PHS7146,RANJEET KUMAR,1,N,D
29,2016PHS7147,RAHUL KUMAR SINGH,1,N,D
30,2016PHS7148,DEVNAND KUMAWAT,1,N,D
31,2016PHS7149,SANJEEV KUMAR,1,N,D
32,2016PHS7150,AMIT KUMAR MAURYA,1,N,D
33,2016PHS7151,KAUSHAMBI JYOTI,1,N,D
34,2016PHS7153,KEWAL ANAND,1,N,D
35,2016PHS7155,KUSHAL MALHOTRA,1,N,D
36,2016PHS7156,AMISH KUMAR GAUTAM,1,N,D
37,2016PHS7157,MANEESH KUMAR UPADHYAY,1,N,D
38,2016PHS7158,KOMAL MEENA,1,N,D
39,2016PHS7159,KULDEEP MEENA,1,N,D
40,2016PHS7161,JYOTI MANGAL,1,N,D
41,2016PHS7162,CHANDRAKANT PRAJAPATI,1,N,D
42,2016PHS7164,SIMRANJOT KAUR,1,N,D
43,2016PHS7165,MOHD MURTAZA SHAIRO,1,N,D
44,2016PHS7166,SONALI,1,N,D
45,2016PHS7167,KARTIK KUMAR,1,N,D
46,2016PHS7168,AKSHIT JOSHI,1,N,D
47,2016PHS7169,RITIKA MALIK,1,N,D
48,2016PHS7170,ANTIMA SHARMA,1,N,D
49,2016PHS7171,VISHAL SHARMA,1,N,D
50,2016PHS7172,ARJUN KUMAWAT,1,N,D
51,2016PHS7173,HEMANT JATAV,1,N,D
52,2011PH10855,NIRBHAY GUPTA,2,N,D
