List of students registered in (IInd Semester 20162017)
Course Code : PYL650
Course Description : FIBER AND INTEGRATED OPTICS
Serial No., Entry Number, Student Name, Course Group, Audit Withdrawal, Course Slot
1,2015PHS7116,BHUMIKA KANSAL,1,N,H
2,2015PHS7119,GAURAV YADAV,1,N,H
3,2015PHS7124,JYOTI SARDANA,1,N,H
4,2015PHS7125,KAMAL RANA,1,N,H
5,2015PHS7138,RAHUL,1,N,H
6,2015PHS7141,RISHABH DUHAN,1,N,H
7,2015PHS7149,SANJU MEENA,1,N,H
8,2015PHS7153,SAYANTAN ADAK,1,N,H
9,2015PHS7158,THOKCHOM PREMKUMAR MEITEI,1,N,H
10,2011PH10855,NIRBHAY GUPTA,2,N,H
