List of students registered in (IInd Semester 20162017)
Course Code : PYL752
Course Description : Laser Systems and Applications
Serial No., Entry Number, Student Name, Course Group, Audit Withdrawal, Course Slot
1,2015BSY7547,ARKA MUKHERJEE,1,N,D
2,2015PHS7136,PRATIKSHA MAURYA,1,N,D
3,2015PHS7148,SANDEEP KUMAR,1,N,D
4,2015PHZ8385,ATUL KUMAR DUBEY,1,N,D
5,2016BSY7527,ABHISHEK GROVER,1,N,D
6,2016me19022,FABIN SCHNETGOEKE,1,N,D
7,2016PHA2023,GAURI  ARORA,1,N,D
8,2016PHA2024,MANSI  BUTOLA,1,N,D
9,2016PHA2025,SUNAINA,1,N,D
10,2016PHA2026,ATEESH KUMAR RATHI,1,N,D
11,2016PHA2028,SUBHAJIT  CHAKRABORTY,1,N,D
12,2016PHA2029,RAKESH  JOSHI,1,N,D
13,2016PHA2030,SAYAN  BARAL,1,N,D
14,2016PHA2031,MOHIT KUMAR,1,N,D
15,2016PHA2035,KASHIF  USMANI,1,N,D
16,2016PHA2036,ARUN DEV PANDEY,1,N,D
17,2016PHA2037,ARJIT  PANDEY,1,N,D
18,2016PHA2039,SHILPA  TAYAL,1,N,D
19,2016PHA2040,VIVEKANAND  TIWARI,1,N,D
20,2016PHA2041,PRAGATI  SHARMA,1,N,D
21,2016PHA2042,RAM ASHISH YADAV,1,N,D
22,2016PHA2043,MOR  PAL,1,N,D
23,2016PHA2052,NITIN YOGENDRAPRASAD DUBEY,1,N,D
24,2014PH10801,KRATI RATHORE,2,N,D
