List of students registered in (IInd Semester 20162017)
Course Code : PYL754
Course Description : Fourier Optics and Holography
Serial No., Entry Number, Student Name, Course Group, Audit Withdrawal, Course Slot
1,2015JOP2404,Vicky Gautam,1,N,C
2,2015PHA2361,ANKIT KUMAR SHARMA,1,N,C
3,2015PHS7125,KAMAL RANA,1,N,C
4,2015PHS7146,SACHIN KAUSHIK,1,N,C
5,2015PHS7147,SAMIM ZAMAN,1,N,C
6,2016EEZ8085,AKANKSHA  NINAWE,1,N,C
7,2016JOP2045,ASISH  PROSAD,1,N,C
8,2016JOP2046,PRAKASH  JOSHI,1,N,C
9,2016JOP2048,SARJANA  YADAV,1,N,C
10,2016JOP2458,NITIKA,1,N,C
11,2016JOP2462,VIJAY  KARTHIK,1,N,C
12,2016JOP2960,VINEETH VENUGOPAL NAIR,1,N,C
13,2016PHA2023,GAURI  ARORA,1,N,C
14,2016PHA2024,MANSI  BUTOLA,1,N,C
15,2016PHA2025,SUNAINA,1,N,C
16,2016PHA2026,ATEESH KUMAR RATHI,1,N,C
17,2016PHA2028,SUBHAJIT  CHAKRABORTY,1,N,C
18,2016PHA2029,RAKESH  JOSHI,1,N,C
19,2016PHA2030,SAYAN  BARAL,1,N,C
20,2016PHA2031,MOHIT KUMAR,1,N,C
21,2016PHA2035,KASHIF  USMANI,1,N,C
22,2016PHA2036,ARUN DEV PANDEY,1,N,C
23,2016PHA2037,ARJIT  PANDEY,1,N,C
24,2016PHA2039,SHILPA  TAYAL,1,N,C
25,2016PHA2040,VIVEKANAND  TIWARI,1,N,C
26,2016PHA2041,PRAGATI  SHARMA,1,N,C
27,2016PHA2042,RAM ASHISH YADAV,1,N,C
28,2016PHA2043,MOR  PAL,1,N,C
29,2016PHA2052,NITIN YOGENDRAPRASAD DUBEY,1,N,C
30,2016PHZ8206,KRISHNENDU  SAMANTA,1,N,C
31,2013PH10867,SATVEER GURJAR,2,N,C
32,2014PH10792,DHALE NIKHIL UDAY,2,N,C
