List of students registered in (IInd Semester 20162017)
Course Code : PYL725
Course Description : SURFACE PHYSICS AND ANALYSIS
Serial No., Entry Number, Student Name, Course Group, Audit Withdrawal, Course Slot
1,2012PH10842,HANS RAJ,1,N,H
2,2013PH10851,MOHAN LAL,1,N,H
3,2014PHS7123,DEEPAK,1,N,H
4,2015JIT2266,SAURABH MISHRA,1,N,H
5,2015PHS7122,HONEY,1,N,H
6,2016EEZ8508,ANZAR  GANI,1,N,H
7,2016MEZ8274,ANUPAM  BHATTACHARYA,1,N,H
8,2016PHM2003,ANJALI,1,N,H
9,2016PHM2007,ARUNIMA  SINGH,1,N,H
10,2016PHM2008,RAJIBUL  ISLAM,1,N,H
11,2016PHM2009,HABEEBUR  RAHMAN,1,N,H
12,2016PHM2010,AAYUSHI  YADAV,1,N,H
13,2016PHM2011,MD SHADAB ANWAR,1,N,H
14,2016PHM2013,MAHAMMAD  TAHIR,1,N,H
15,2016PHM2015,JYOTI  YADAV,1,N,H
16,2016PHM2017,YOGESH  KUMAR,1,N,H
17,2016PHM2018,PANKHURI  GUPTA,1,N,H
18,2016PHM2019,PARUL  RANI,1,N,H
19,2016PHM2021,DIVYA  RANI,1,N,H
20,2016PHM2022,GURUDUTT  GUPT,1,N,H
21,2016PHZ8225,MOUMITA  NASKAR,1,N,H
22,2016PHZ8393,AJAY  KUMAR,1,N,H
23,2016PHZ8394,GULSHAN  KUMAR,1,N,H
24,2014PH10790,CHAITANYA ARYA,2,N,H
25,2012PH10862,PREETAM KUMAR PANWAR,3,N,H
