List of students registered in (IInd Semester 20162017)
Course Code : PYL726
Course Description : SEMICONDUCTOR DEVICE TECHNOLOGY
Serial No., Entry Number, Student Name, Course Group, Audit Withdrawal, Course Slot
1,2016PHM2007,ARUNIMA  SINGH,0,N,K
2,2013PH10823,ABHISHEK SAHGAL,1,N,K
3,2015PHS7117,DIPAK BARMAN,1,N,K
4,2015PHS7133,NARENDER LAMBA,1,N,K
5,2015PHS7153,SAYANTAN ADAK,1,N,K
6,2016PHM2003,ANJALI,1,N,K
7,2016PHM2008,RAJIBUL  ISLAM,1,N,K
8,2016PHM2009,HABEEBUR  RAHMAN,1,N,K
9,2016PHM2010,AAYUSHI  YADAV,1,N,K
10,2016PHM2015,JYOTI  YADAV,1,N,K
11,2016PHM2017,YOGESH  KUMAR,1,N,K
12,2016PHM2018,PANKHURI  GUPTA,1,N,K
13,2016PHM2019,PARUL  RANI,1,N,K
14,2016PHM2021,DIVYA  RANI,1,N,K
15,2011PH10855,NIRBHAY GUPTA,2,N,K
16,2012PH10826,AMARKANT,2,N,K
