List of students registered in (IInd Semester 20162017)
Course Code : PYL727
Course Description : ENERGY MATERIALS AND DEVICES
Serial No., Entry Number, Student Name, Course Group, Audit Withdrawal, Course Slot
1,2013PH10823,ABHISHEK SAHGAL,1,N,C
2,2015PHM2708,MONU NATH BAITHA,1,N,C
3,2015PHS7117,DIPAK BARMAN,1,N,C
4,2015PHS7121,HARISH GARG,1,N,C
5,2015PHS7122,HONEY,1,N,C
6,2015PHS7123,JAISMEEN,1,N,C
7,2015PHS7131,MONIKA,1,N,C
8,2015PHS7136,PRATIKSHA MAURYA,1,N,C
9,2015PHS7149,SANJU MEENA,1,N,C
10,2015PHS7158,THOKCHOM PREMKUMAR MEITEI,1,N,C
11,2015PHS7160,VIKRAM YADAV,1,N,C
12,2015PHS7161,VIKRAM MAHAMIYA,1,N,C
13,2015PHS7162,YASHRAJ,1,N,C
14,2016CHZ8288,ADITYA  SINGH,1,N,C
15,2016PHM2016,SARIKA  KUMARI,1,N,C
16,2016PHZ8205,ADITYA  SINGH,1,N,C
17,2016PHZ8215,RISHABH  SHUKLA,1,N,C
18,2012PH10826,AMARKANT,2,N,C
