List of students registered in (IInd Semester 20162017)
Course Code : PYL746
Course Description : NON-EQUILIBRIUM STATISTICAL ME
Serial No., Entry Number, Student Name, Course Group, Audit Withdrawal, Course Slot
1,2013PH10869,SHAUNAK SANJAY THAKAR,1,N,H
2,2013PH10879,UTKARSH DETHA,1,N,H
3,2015PHS7109,ADITYA,1,N,H
4,2015PHS7110,AKASH KUMAR SINGH,1,N,H
5,2015PHS7111,AMIT VASHISHT,1,N,H
6,2015PHS7139,RAVI YADAV,1,N,H
7,2015PHS7144,RUHUL AMIN IBNE HAQUE,1,N,H
8,2015PHS7146,SACHIN KAUSHIK,1,N,H
9,2015PHS7152,SAURABH KAUSHIK,1,N,H
10,2016PHZ8208,MOHD YASIR KHAN,1,N,H
11,2013PH10032,ROMIL AUDHKHASI,2,N,H
12,2013PH10185,SUSHRUT GHONGE,2,N,H
13,2013PH10821,AAKASH BHAT,2,N,H
14,2013PH10824,ADYANT AGRAWAL,2,N,H
15,2013PH10852,MOHITE ATUL TANAJI,2,N,H
16,2013PH10876,SOUVIK CHAKRABORTY,2,N,H
