List of students registered in (IInd Semester 20162017)
Course Code : PYL707
Course Description : CHARACTERISATION TEC. FOR MAT.
Serial No., Entry Number, Student Name, Course Group, Audit Withdrawal, Course Slot
1,2015JIT2266,SAURABH MISHRA,1,N,J
2,2015PHS7112,ANIL KUMAR,1,N,J
3,2015PHS7114,ASHUTOSH MOHAN,1,N,J
4,2015PHS7117,DIPAK BARMAN,1,N,J
5,2015PHS7118,DONNEY JIGDUNG,1,N,J
6,2015PHS7119,GAURAV YADAV,1,N,J
7,2015PHS7122,HONEY,1,N,J
8,2015PHS7126,KULDEEP SINGH GANGWAL,1,N,J
9,2015PHS7130,MOHAN SINGH,1,N,J
10,2015PHS7135,NEERAJ BAIRWA,1,N,J
11,2015PHS7136,PRATIKSHA MAURYA,1,N,J
12,2015PHS7137,PRAVEEN GOTHWAL,1,N,J
13,2015PHS7148,SANDEEP KUMAR,1,N,J
14,2015PHS7149,SANJU MEENA,1,N,J
15,2015PHS7153,SAYANTAN ADAK,1,N,J
16,2015PHS7156,SOORYANSH ASTHANA,1,N,J
17,2015PHS7158,THOKCHOM PREMKUMAR MEITEI,1,N,J
18,2015PHS7159,VASWATI BISWAS,1,N,J
19,2015PHS7160,VIKRAM YADAV,1,N,J
20,2015PHS7161,VIKRAM MAHAMIYA,1,N,J
21,2015PHS7162,YASHRAJ,1,N,J
22,2016ESZ8414,SOBIA WAHEED,1,N,J
23,2016ITZ8318,UMESH NIVRUTTI MARATHE,1,N,J
24,2016ITZ8560,MEGHASHREE  PADHAN,1,N,J
25,2016PHM2011,MD SHADAB ANWAR,1,N,J
26,2016PHM2013,MAHAMMAD  TAHIR,1,N,J
27,2016PHM2016,SARIKA  KUMARI,1,N,J
28,2016PHM2022,GURUDUTT  GUPT,1,N,J
29,2016PHZ8378,GAYTRI ARYA,1,N,J
30,2016PHZ8379,RAJNI  BALA,1,N,J
31,2016PHZ8383,VISHAL,1,N,J
32,2016PHZ8384,MANISH  DWIVEDI,1,N,J
33,2016PHZ8388,SHEETAL  PUNIA,1,N,J
34,2016PHZ8389,PINKI DEVI,1,N,J
35,2016PHZ8391,DEBARSHI  BASU,1,N,J
36,2016PHZ8392,MAMTA,1,N,J
37,2016PHZ8393,AJAY  KUMAR,1,N,J
38,2016PHZ8395,BAL  GOVIND,1,N,J
39,2016PHZ8396,KAPIL  NARANG,1,N,J
40,2012PH10826,AMARKANT,2,N,J
