List of students registered in (IInd Semester 20162017)
Course Code : PYL800
Course Description : NUM. & COMP. METH. IN RESEARCH
Serial No., Entry Number, Student Name, Course Group, Audit Withdrawal, Course Slot
1,2014PHS7112,ANIL,1,N,B
2,2015MAS7057,AMBER KUMAR,1,N,B
3,2015MAS7062,ASHISH KUMAR,1,N,B
4,2015MAS7071,HARIOM,1,N,B
5,2015MAS7072,HIMANI,1,N,B
6,2015MAS7080,MEENA YADAV,1,N,B
7,2015MAS7104,SWATI YADAV,1,N,B
8,2015MAS7108,YOGESH MANTRI,1,N,B
9,2015PHA2361,ANKIT KUMAR SHARMA,1,N,B
10,2015PHS7109,ADITYA,1,N,B
11,2015PHS7111,AMIT VASHISHT,1,N,B
12,2015PHS7114,ASHUTOSH MOHAN,1,N,B
13,2015PHS7116,BHUMIKA KANSAL,1,N,B
14,2015PHS7122,HONEY,1,N,B
15,2015PHS7123,JAISMEEN,1,N,B
16,2015PHS7124,JYOTI SARDANA,1,N,B
17,2015PHS7127,MADHURI,1,N,B
18,2015PHS7131,MONIKA,1,N,B
19,2015PHS7140,REHA GROVER,1,N,B
20,2015PHS7141,RISHABH DUHAN,1,N,B
21,2015PHS7144,RUHUL AMIN IBNE HAQUE,1,N,B
22,2015PHS7146,SACHIN KAUSHIK,1,N,B
23,2015PHS7149,SANJU MEENA,1,N,B
24,2015PHS7152,SAURABH KAUSHIK,1,N,B
25,2015PHS7153,SAYANTAN ADAK,1,N,B
26,2015PHS7154,SHIVANI SHARMA,1,N,B
27,2015PHS7158,THOKCHOM PREMKUMAR MEITEI,1,N,B
28,2015PHS7161,VIKRAM MAHAMIYA,1,N,B
29,2015PHS7162,YASHRAJ,1,N,B
30,2016CEZ8159,YOGESH  SHARMA,1,N,B
31,2016PHZ8203,UJJVAL CHAUHAN,1,N,B
32,2016PHZ8206,KRISHNENDU  SAMANTA,1,N,B
33,2016PHZ8207,RAJNEESH  JOSHI,1,N,B
34,2016PHZ8218,ANJALI  KASHYAP,1,N,B
35,2016PHZ8221,GYAPRASAD,1,N,B
36,2016PHZ8222,RAVI  KUMAR,1,N,B
37,2016PHZ8225,MOUMITA  NASKAR,1,N,B
38,2016PHZ8378,GAYTRI ARYA,1,N,B
39,2016PHZ8379,RAJNI  BALA,1,N,B
40,2016PHZ8380,PRIYANKA  SHARMA,1,N,B
41,2016PHZ8382,HITESH  KUMAR,1,N,B
42,2016PHZ8383,VISHAL,1,N,B
43,2016PHZ8384,MANISH  DWIVEDI,1,N,B
44,2016PHZ8385,GOVIND,1,N,B
45,2016PHZ8388,SHEETAL  PUNIA,1,N,B
46,2016PHZ8389,PINKI DEVI,1,N,B
47,2016PHZ8390,ARVIND SINGH,1,N,B
48,2016PHZ8392,MAMTA,1,N,B
49,2016PHZ8393,AJAY  KUMAR,1,N,B
50,2016PHZ8395,BAL  GOVIND,1,N,B
51,2016PHZ8396,KAPIL  NARANG,1,N,B
