List of students registered in (IInd Semester 20162017)
Course Code : PYP212
Course Description : ENGG. PHYSICS LABORATORY II
Serial No., Entry Number, Student Name, Course Group, Audit Withdrawal, Course Slot
1,2013PH10873,SHUBHAM MEENA,1,N,P
2,2014PH10800,KAUSHTAV ATRI,1,N,P
3,2015PH10783,ABHISHEK KUMAR KAMAL,1,N,P
4,2015PH10785,AGRAWAL ANURAG RAJESH,1,N,P
5,2015PH10787,AMAN SINGAL,1,N,P
6,2015PH10789,AMIT KUMAR,1,N,P
7,2015PH10791,ANAND BENIWAL,1,N,P
8,2015PH10793,ANKESH KUMAR,1,N,P
9,2015PH10795,ANSHUL KUMAR,1,N,P
10,2015PH10797,DESHMUKH ADITYA PRAVIN,1,N,P
11,2015PH10801,GOTUR SRINIVAS VENKATESH,1,N,P
12,2015PH10803,HIMALIK SINGH,1,N,P
13,2015PH10805,JITENDER MEENA,1,N,P
14,2015PH10807,KARTIK GOYAL,1,N,P
15,2015PH10809,KETAKI WASNIKAR,1,N,P
16,2015PH10811,MADHAVARAM AKSHAR,1,N,P
17,2015PH10813,NILAKSH AGARWAL,1,N,P
18,2015PH10815,POORVA AGRAWAL,1,N,P
19,2015PH10821,S BALAJI,1,N,P
20,2015PH10823,SAHARSH SIKARIA,1,N,P
21,2015PH10825,SEEMANT TEJASVI,1,N,P
22,2015PH10827,SHIVAM GOYAL,1,N,P
23,2015PH10829,SIDDHARTH PANDIT,1,N,P
24,2015PH10831,SPARSH SHARMA,1,N,P
25,2015PH10833,TAPISH NARWAL,1,N,P
26,2015PH10837,VISHNU RAGHURAMAN,1,N,P
27,2015PH10839,YASHASWI GANGWAR,1,N,P
28,2015PH10841,RAHUL KUMAR,1,N,P
29,2014PH10796,GOVERDHAN SINGH GARASIYA,2,N,P
30,2014PH10831,SUDHIR KUMAR,2,N,P
31,2015PH10782,ABHIJEET KISHORE,2,N,P
32,2015PH10784,ADITYA TRIPATHI,2,N,P
33,2015PH10786,AKANKSHA SHARMA,2,N,P
34,2015PH10788,AMAN PAWAR,2,N,P
35,2015PH10790,AMIT KUMAR,2,N,P
36,2015PH10792,ANEERENDRA,2,N,P
37,2015PH10794,ANKIT IDWANI,2,N,P
38,2015PH10796,CHEENA AGARWAL,2,N,P
39,2015PH10798,DESHPANDE AMEYA UDAY,2,N,P
40,2015PH10800,GAIKWAD APURVA SANJAY,2,N,P
41,2015PH10802,HARSH PITALIYA,2,N,P
42,2015PH10804,INDRAVATH RAMKOTI,2,N,P
43,2015PH10806,KARTIK AGARWAL,2,N,P
44,2015PH10808,KAUSTUBH SINGHI,2,N,P
45,2015PH10812,NAYANTARA MUDUR,2,N,P
46,2015PH10814,PAWAR GOPAL,2,N,P
47,2015PH10816,PRAJWAL UMATIYA,2,N,P
48,2015PH10818,RAKESH NATH,2,N,P
49,2015PH10820,RUDRAKSH GUPTA,2,N,P
50,2015PH10822,SAGARE CHETAN BASAWARAJ,2,N,P
51,2015PH10824,SARVESH AGARWAL,2,N,P
52,2015PH10826,SHASHANK KUMAR,2,N,P
53,2015PH10828,SHIVAM BAGHEL,2,N,P
54,2015PH10832,SUMIT KUMAR,2,N,P
55,2015PH10834,TUSHAR MAURYA,2,N,P
56,2015PH10836,VIKRANT SINGH,2,N,P
57,2015PH10838,YARLAGADDA SANKARA DINESH,2,N,P
58,2015PH10840,YASHTI AGRAWAL,2,N,P
