List of students registered in (IInd Semester 20162017)
Course Code : PYS300
Course Description : INDEPENDENT STUDY
Serial No., Entry Number, Student Name, Course Group, Audit Withdrawal, Course Slot
1,2012PH10872,SANDEEP AGGARWAL,1,N,P
2,2013PH10835,ANKUR KUMAR,1,N,P
3,2013PH10854,NAKADE UDAY JAGDISH,1,N,P
4,2013PH10855,NANDIKATLA TEJA SURYA,1,N,P
5,2013PH10865,SAJNANI MANISH DAYALDAS,1,N,P
6,2013PH10869,SHAUNAK SANJAY THAKAR,1,N,P
7,2013PH10880,VISHAL SINGH,1,N,P
8,2014PH10793,DHRUVA GANAPATHY,1,N,P
9,2014PH10817,RISHABH KUMAR,1,N,P
10,2013PH10185,SUSHRUT GHONGE,2,N,P
11,2013PH10821,AAKASH BHAT,2,N,P
12,2013PH10824,ADYANT AGRAWAL,2,N,P
13,2013PH10852,MOHITE ATUL TANAJI,2,N,P
14,2013PH10860,PRACHI KHATRI,2,N,P
15,2013PH10861,PRAFULL KUMAR SHARMA,2,N,P
16,2013PH10863,RAGHAV AGARWAL,2,N,P
17,2013PH10867,SATVEER GURJAR,2,N,P
18,2013PH10876,SOUVIK CHAKRABORTY,2,N,P
19,2013PH10878,UJJWAL AGARWAL,2,N,P
20,2014EE10482,SAUMAV KAPOOR,2,N,P
21,2014EE10706,ABHI SAXENA,2,N,P
22,2014PH10804,MUDIT GARG,2,N,P
