List of students registered in (IInd Semester 20162017)
Course Code : RDL760
Course Description : FOOD QUALITY AND SAFETY
Serial No., Entry Number, Student Name, Course Group, Audit Withdrawal, Course Slot
1,2015MAS7063,ASHOK KUMAR MEENA,0,N,J
2,2010TT10953,RAVI KUMAR,1,N,J
3,2012BB50034,RAHUL KUMAR,1,N,J
4,2012CS10236,MUKESH KUMAR,1,N,J
5,2012TT10918,HIMANSHU PANWAR,1,N,J
6,2013CE10386,RITESH KUMAR,1,N,J
7,2013CH10066,ADITYA SARASWAT,1,N,J
8,2013CH10071,ANKIT KUMAR DAS,1,N,J
9,2013CH10084,KARAN SINGH BHAGORIA,1,N,J
10,2013CH10086,LALIT PANWAR,1,N,J
11,2013CH10102,RAMTEKE RUCHA SIDDHARTH,1,N,J
12,2013CH70155,DEVENDRA KUMAR,1,N,J
13,2013CS10217,CH YUVA NAGA SAI AVINASH KARTHIK,1,N,J
14,2013CS10229,KALLEPALLI GOUTHAM,1,N,J
15,2013ME10671,HIMANSHU SETH,1,N,J
16,2013ME10678,KAPOOR CHANDRA,1,N,J
17,2013PH10834,ANKIP KUMAR,1,N,J
18,2013TT10938,KARISHMA DHAKAD,1,N,J
19,2014CE10321,ARMINDER SINGH,1,N,J
20,2014CES2031,AVINASH KUMAR VIJAYRAJ,1,N,J
21,2014CH10128,SANKALP KUMAR MAURYA,1,N,J
22,2014CS10204,ABHISHEK SANGWAN,1,N,J
23,2015MAS7055,AARTI,1,N,J
24,2015MAS7056,AKASH ARORA,1,N,J
25,2015MAS7058,ANKIT KUMAR RATHORE,1,N,J
26,2015MAS7061,ANSHUL KUMAR,1,N,J
27,2015MAS7064,ASHUTOSH MISHRA,1,N,J
28,2015MAS7069,GAMBHEER SINGH,1,N,J
29,2015MAS7070,GAURAV DALAL,1,N,J
30,2015MAS7075,KESHAV SHARMA,1,N,J
31,2015MAS7077,KRISHNA KUMARI,1,N,J
32,2015MAS7079,MANOJ KUMAR,1,N,J
33,2015MAS7080,MEENA YADAV,1,N,J
34,2015MAS7083,MOHAN,1,N,J
35,2015MAS7085,POONAM JORWAL,1,N,J
36,2015MAS7091,PUROHIT NISARG BHARATBHAI,1,N,J
37,2015MAS7098,SHALINI SHARMA,1,N,J
38,2015MAS7103,SUKHVINDRA SINGH,1,N,J
39,2015MAS7104,SWATI YADAV,1,N,J
40,2015MAS7105,TANMAY CHOUDHURY,1,N,J
41,2015MAS7107,VIKRAM,1,N,J
42,2015TT10941,SHUBHAM TAMBI,1,N,J
43,2016RDZ8343,SHREYA TRIPATHI,1,N,J
44,2012MT50582,ABHINAV KUMAR SHAW,2,N,J
45,2013CE10314,ABHISHEK KALA,2,N,J
46,2013CH10064,ABHISHEK KUMAR,2,N,J
47,2013CH10114,SAKSHAM KHANDA,2,N,J
48,2013CH10142,ABHISHEK SHARMA,2,N,J
49,2013CH70164,NEELAM BILONIYA,2,N,J
50,2013CS10204,AKASH TANWAR,2,N,J
51,2013CS10238,N NARASIMHA CHAITANYA,2,N,J
52,2013PH10826,AJAY KUMAR MEENA,2,N,J
53,2013TT10912,AYUSH JAIN,2,N,J
54,2015EE10458,LAXMAN KUMAR MEENA,2,N,J
55,2008ME10549,UTTAM SINGH,3,N,J
56,2012TT10905,ASHISH GAUTAM,3,N,J
57,2013CH10103,RAVI KUMAR,3,N,J
58,2013CH10123,SHRUTI GOYAL,3,N,J
59,2013EE10492,SAROJ KUMAR,3,N,J
60,2013EE30568,TANYA SABOO,3,N,J
61,2013ME10698,NARENDRA KUMAR MEENA,3,N,J
62,2013ME20768,ARUN BHANDARI,3,N,J
63,2013TT10898,AJAY YADAV,3,N,J
64,2014CE10356,PREMANJAN SUNA,3,N,J
65,2014CS10203,ABHILASH RAMTEKE,3,N,J
66,2015BB10059,SHIVAM SAHU,3,N,J
67,2015TT10947,SUSHANT KUMAR,3,N,J
68,2012EE50558,SHUBHAM KUMAR,4,N,J
69,2013CE10327,ANAGHA SASIKUMAR,4,N,J
70,2013CE10350,KARANDEEP SINGH,4,N,J
71,2013CE10380,RAHUL SINGH,4,N,J
72,2013CH10115,SARTHAK SAINI,4,N,J
73,2013ME10653,BANAVATH ROOPESH,4,N,J
74,2014CH10083,AMIT KUMAR,4,N,J
