List of students registered in (IInd Semester 20162017)
Course Code : RDL740
Course Description : TECHNOLOGY OF UTILIZATION OF WASTELANDS & WEEDS
Serial No., Entry Number, Student Name, Course Group, Audit Withdrawal, Course Slot
1,2010TT10953,RAVI KUMAR,1,N,B
2,2011CE10341,BADRESH KUMAR SINGH,1,N,B
3,2012BB50043,TUSHAR THOTE,1,N,B
4,2013EE10450,DEEPAK KUMAR MEENA,1,N,B
5,2013EE10508,THOGARU UPENDRA VARMA,1,N,B
6,2013ME20771,BACHANTI KRISHNA,1,N,B
7,2013TT10916,BIKASH DAS,1,N,B
8,2013TT10950,PREM CHAND MEENA,1,N,B
9,2013TT10960,SAHIL LAMBA,1,N,B
10,2014TT10950,VIKASH SAHU,1,N,B
11,2015MAS7105,TANMAY CHOUDHURY,1,N,B
12,2015PH10797,DESHMUKH ADITYA PRAVIN,1,N,B
13,2015PHS7117,DIPAK BARMAN,1,N,B
14,2016RDZ8354,MONU DINESH OJHA,1,N,B
15,2016RDZ8356,SHWETA KALIA,1,N,B
16,2016RDZ8361,MANDIRA  KAPRI,1,N,B
17,2016RDZ8363,FARAH NAAZ,1,N,B
18,2016RDZ8365,ANJALI  GAUTAM,1,N,B
19,2012ME20803,SIRRA ABHINAV PRAKASH,2,N,B
20,2013CE10412,VIPLOVE CHAUDHARY,2,N,B
21,2013EE10466,KRISHNA MOHAN CHAUHAN,2,N,B
22,2013TT10925,GANGA BISHAN,2,N,B
23,2014TT10878,DHARMENDRA FAGODIYA,2,N,B
24,2014TT10919,PUSHKAR RAJ MEENA,2,N,B
25,2010CE10471,PRAMAY TOSHNIWAL,3,N,B
26,2010TT10447,GAURAV KUMAR MEENA,3,N,B
27,2010TT10907,ANUBHAV KATARIA,3,N,B
28,2011CE10353,HEMANTH KUMAR BURALLI,3,N,B
29,2012CE10387,RAJESH KUMAR MEENA,3,N,B
30,2012CH70154,DEVABRATA DAS,3,N,B
31,2013CE10401,SUNIL KUMAR DHANWANTA,3,N,B
32,2013CS10230,KARANVIR SINGH,3,N,B
33,2013EE30562,RAHUL VERMA,3,N,B
34,2013MT60593,DEEPAK SOLANKI,3,N,B
35,2013MT60613,RATNESH KUMAR,3,N,B
36,2013TT10932,HIMANSHU GOYAL,3,N,B
37,2013TT10959,ROHAN MITAL,3,N,B
38,2013TT10968,SHUBHAM AGGARWAL,3,N,B
39,2014TT10922,RAMESHWAR KUNKANA,3,N,B
40,2014TT10952,VIKRAM SINGH,3,N,B
41,2015ME20711,AJAYENDRA SINGH,3,N,B
42,2012CH70161,KUMAR SHANU,4,N,B
43,2012EE50558,SHUBHAM KUMAR,4,N,B
44,2012TT10302,VIKASH KUMAR PRABHAKAR,4,N,B
45,2013CE10373,PAVAN KUMAR MEENA,4,N,B
46,2013CS50274,ABHISHEK KHUNTWAL,4,N,B
47,2013CS50283,DHARMBIR YADAV,4,N,B
48,2013CS50294,ROHIT,4,N,B
49,2013CS50301,SOURABH RANA,4,N,B
50,2013EE10447,BURRA VAMSI KRISHNA YADAV,4,N,B
51,2013EE10469,LOKESH KUMAR MEENA,4,N,B
52,2013MT60604,MUKESH BHATI,4,N,B
53,2013TT10909,ASHISH SINGH,4,N,B
54,2013TT10918,CHANDRAKANT PANDEY,4,N,B
55,2013TT10983,BABLOO YADAV,4,N,B
56,2014BB10036,GANJI UMESH CHANDAN,4,N,B
57,2014BB50011,S KAUSHIK YADAV,4,N,B
58,2014EE10368,RAVINDRA KUMAR GUPTA,4,N,B
59,2014EE10436,DESHANT R. FUSATE,4,N,B
60,2014EE10441,HARDIK AGARWAL,4,N,B
