List of students registered in (IInd Semester 20162017)
Course Code : RDQ304
Course Description : SEMINAR COURSE-IV
Serial No., Entry Number, Student Name, Course Group, Audit Withdrawal, Course Slot
1,2014CH70163,BIKASH GUPTA,0,N,X
2,2013CE10388,SACHIN MISHRA,1,N,X
3,2013CH10329,ANJALI MITTAL,1,N,X
4,2013CS10217,CH YUVA NAGA SAI AVINASH KARTHIK,1,N,X
5,2013ME10684,KULDEEP SINGH RATHORE,1,N,X
6,2013ME10712,RISHABH BAID,1,N,X
7,2015EE10477,SHRIDU VERMA,1,N,X
8,2015EE10489,TINISH BHATTACHARYA,1,N,X
9,2015ME10662,MOHIT AGARWAL,1,N,X
10,2013CH10969,SHUBHAM BAGESHWAR,2,N,X
11,2013EE10503,SUMIT KUMAR,2,N,X
12,2013ME10700,PARAS GARG,2,N,X
13,2014PH10798,KANADE SHEETAL RAOSAHEB,2,N,X
14,2015CH10132,SIMRAN MALIK,2,N,X
15,2015EE10454,KARTIK CHOUDHARY,2,N,X
16,2015EE10478,SHUBHAM RAO,2,N,X
17,2013BB50044,TISHYA KAPOOR,3,N,X
18,2013EE30543,ADITYA PORWAL,3,N,X
19,2013ME10717,ROSHAN PATRA,3,N,X
20,2013ME10725,SHUBHAM KUMAR PRAJAPATI,3,N,X
21,2013MT60597,HARSHDEEP GUPTA,3,N,X
22,2014BB10042,K VINAY,3,N,X
23,2014BB10050,RANDHEER KUMAR,3,N,X
24,2014BB10056,SAURABH PARIKH,3,N,X
25,2014CH10124,RUSHIL SINGH,3,N,X
26,2015EE10455,KHUSHWANT KHATRI,3,N,X
27,2015EE10491,VINAY SANGWAN,3,N,X
28,2013EE30557,KARAN VARSHNEY,4,N,X
29,2014MT10595,MADHUR MITTAL,4,N,X
30,2015EE10448,GAURAV KUMAR SINGH,4,N,X
