List of students registered in (IInd Semester 20162017)
Course Code : RDQ302
Course Description : SEMINAR COURSE - II
Serial No., Entry Number, Student Name, Course Group, Audit Withdrawal, Course Slot
1,2013CE10397,SUGAM BANSAL,1,N,X
2,2013CS10260,SUMIT KHURANA,1,N,X
3,2013ME10712,RISHABH BAID,1,N,X
4,2013PH10842,ATUL,1,N,X
5,2014EE10484,SHIVAM KUMAR,1,N,X
6,2014ME10650,DAKSH MITTAL,1,N,X
7,2014ME10692,VIKAS DEEP,1,N,X
8,2013EE10496,SHUBHAM NIRBHAY,2,N,X
9,2013EE10505,TARUN AGARWAL,2,N,X
10,2014EE10473,PRITISH SINGLA,2,N,X
11,2015CH10132,SIMRAN MALIK,2,N,X
12,2013CE10326,AMIR TOPHEL,3,N,X
13,2013ME10717,ROSHAN PATRA,3,N,X
14,2013MT60622,SOMANSHU DHINGRA,3,N,X
15,2013MT60626,YASH KEERTI,3,N,X
16,2013TT10929,GURJEER SINGH,3,N,X
17,2014CE10303,ABHINAV KUMAR,3,N,X
18,2014ME10107,KARAN JINDAL,3,N,X
19,2014ME10636,ANANT SHARMA,3,N,X
20,2014ME20730,HARSH BANSAL,3,N,X
21,2015MT60555,AYUSH MALPANI,3,N,X
22,2013CS50292,PRANEET KHANDELWAL,4,N,X
23,2013EE10510,UTSAV NAHA,4,N,X
24,2013EE30545,AKSHAT SRIVASTAVA,4,N,X
25,2013EE30551,ASHUTOSH S MARWAH,4,N,X
26,2013EE30557,KARAN VARSHNEY,4,N,X
27,2013MT60585,ANIMEK SAHU,4,N,X
28,2014CH10078,AKASH YADAV,4,N,X
29,2014EE30168,JISHNUDEEP KAR,4,N,X
30,2014EE30539,SUNNY BHAGIA,4,N,X
