List of students registered in (IInd Semester 20162017)
Course Code : SBL100
Course Description : INTRO. TO BIOLOGY FOR ENGINEER
Serial No., Entry Number, Student Name, Course Group, Audit Withdrawal, Course Slot
1,2015EE10485,SUMIT KUMAR,0,N,C
2,2015EE10730,BINDAL ASHUTOSH  ARUN,0,N,C
3,2015ME10671,PULKIT GARG,0,N,C
4,2015TT10865,AMAN AGRAWAL,0,N,C
5,2015TT10946,SURYA BHUSHAN,0,N,C
6,2010CHZ8819,VINOD KUMAR TANEJA,1,N,C
7,2011BB50049,ABHISHEK RATHOD,1,N,C
8,2011ME10676,HEMANT JAIN,1,N,C
9,2012MT50593,HARSH MAAN,1,N,C
10,2013CE10398,SUKRIT KUMAR DE,1,N,C
11,2013CE10420,YATHARTH SETH,1,N,C
12,2013CH10070,AMAN BHADU,1,N,C
13,2013CH10329,ANJALI MITTAL,1,N,C
14,2013CH10902,APOORVA JOSHI,1,N,C
15,2013ME10671,HIMANSHU SETH,1,N,C
16,2013ME10731,SUYASH AGRAWAL,1,N,C
17,2013ME20804,SUNIL KUMAR MEENA,1,N,C
18,2014CS10216,CHENNAMADHAVA ROHAN RAJU,1,N,C
19,2014EE10463,NIKHIL GUPTA,1,N,C
20,2014EE10466,PARAS CHOPRA,1,N,C
21,2014ME10688,SIDDHARTH AGRAWAL,1,N,C
22,2014ME20760,SANDEEP KUMAR,1,N,C
23,2014PH10784,AMAL GEORGE M,1,N,C
24,2014PH10788,BANDARU SAI KUMAR,1,N,C
25,2014PH10794,EESHAN JINDAL,1,N,C
26,2014PH10799,KARAN RAJ CHAUHAN,1,N,C
27,2014PH10803,MANAS PODDAR,1,N,C
28,2014PH10806,NIRMAL SHAJU,1,N,C
29,2014PH10809,PARYULL JAIN,1,N,C
30,2014PH10811,PRATIK KUMAR DASH,1,N,C
31,2014PH10818,ROHIT RATHI,1,N,C
32,2014PH10833,TANUJ SONI,1,N,C
33,2014PH10836,VIKRAM SINGH MEENA,1,N,C
34,2014PH10840,YOGESH S,1,N,C
35,2014TT10911,PATEL HEMANSHUKUMAR GANESHBHAI,1,N,C
36,2015CH10079,AGAMBEER SINGH BRAR,1,N,C
37,2015CH10115,NEELANSHU,1,N,C
38,2015CH70169,NAGESH MEENA,1,N,C
39,2015CH70177,PRAKASH CHOUDHARY,1,N,C
40,2015CS10219,BALLA REVANTH BABU,1,N,C
41,2015CS10222,DABBADA CHANUKYA,1,N,C
42,2015CS10231,KANDUKURI KARTHIK,1,N,C
43,2015CS10261,SUMAN KUMAR,1,N,C
44,2015CS10267,VIPIN RAO,1,N,C
45,2015CS10461,MANJEET  KUMAR,1,N,C
46,2015EE10111,MOHIT  GOYAL,1,N,C
47,2015EE10429,AKASH KESHARI,1,N,C
48,2015EE10433,AMITEJ PANGTEY,1,N,C
49,2015EE10437,ANURAG RAWAT,1,N,C
50,2015EE10445,DHANANJAY R VARMA,1,N,C
51,2015EE10453,JAGMOHAN SOREN,1,N,C
52,2015EE10457,KULDEEP MEENA,1,N,C
53,2015EE10465,RAJAN GOYAL,1,N,C
54,2015EE10469,ROHIT,1,N,C
55,2015EE10473,SARVESH KHANDELWAL,1,N,C
56,2015EE10481,SONU KUMAR GUPTA,1,N,C
57,2015ME10228,INDRAJEET  SINGH,1,N,C
58,2015ME10390,SUMIT  MAHLAWAT,1,N,C
59,2015ME10626,AAKASH MANGLA,1,N,C
60,2015ME10632,ALOK MEENA,1,N,C
61,2015ME10635,ANKUSH CHOPRA,1,N,C
62,2015ME10644,CHOKKAKU PRAVEEN KUMAR,1,N,C
63,2015ME10647,GAURAV KUMAR,1,N,C
64,2015ME10650,JATIN BANSAL,1,N,C
65,2015ME10656,LOKESH KUMAR CHANDOLIYA,1,N,C
66,2015ME10659,MEHUL MURADIA,1,N,C
67,2015ME10683,SHUBHAM,1,N,C
68,2015ME10686,UTKARSH N. SINGH,1,N,C
69,2015ME10692,YASH YADAV,1,N,C
70,2015ME20712,AKHIL SINGLA,1,N,C
71,2015ME20733,HARSHVARDHAN,1,N,C
72,2015ME20754,RISHABH MOHAN SHARMA,1,N,C
73,2015ME20766,SIMRANJIT SINGH,1,N,C
74,2015PH10803,HIMALIK SINGH,1,N,C
75,2015PH10805,JITENDER MEENA,1,N,C
76,2015TT10859,ADIT GUPTA,1,N,C
77,2015TT10867,AMIT RAJ,1,N,C
78,2015TT10875,ANMOL KUMAR,1,N,C
79,2015TT10883,CHHERING PHUNCHOG,1,N,C
80,2015TT10891,DHEERAJ KUMAR,1,N,C
81,2015TT10895,HARDIK UPADHYAY,1,N,C
82,2015TT10903,KHALID SAFI,1,N,C
83,2015TT10912,MAYANK SONI,1,N,C
84,2015TT10916,NAVNEET KUMAR,1,N,C
85,2015TT10920,PARTH DIXIT,1,N,C
86,2015TT10929,RAM RAJ SAINI,1,N,C
87,2015TT10954,YOGESH KUNDALWAL,1,N,C
88,2009ME10626,SIRRA SAI PRAKASH,2,N,C
89,2011PH10846,KSHITIZ SINGH,2,N,C
90,2012CH10129,KARTIK KUMAR,2,N,C
91,2012EE10464,MOHAMED FASIL C P,2,N,C
92,2012ME10669,HIMANSHU CHOUDHARY,2,N,C
93,2012ME10709,RENDUCHINTALA VAMSI KRISHNA,2,N,C
94,2013CE10319,AJAY YADAV,2,N,C
95,2013CH10969,SHUBHAM BAGESHWAR,2,N,C
96,2013ME10700,PARAS GARG,2,N,C
97,2013ME10710,RAUT SHRIKANT MADHUKAR,2,N,C
98,2013ME20901,ANUPENDRA SINGH,2,N,C
99,2013PH10878,UJJWAL AGARWAL,2,N,C
100,2014EE10460,NAMAN GOPAL KABRA,2,N,C
101,2014ME10656,GAUNDAR ANIKET DEELIP,2,N,C
102,2014PH10783,ACHARYA SAGAR RASHMIKANT,2,N,C
103,2014PH10785,ANSHUL TOSHNIWAL,2,N,C
104,2014PH10795,GAURAV KUMAR,2,N,C
105,2014PH10808,P SUSHRUTH REDDY,2,N,C
106,2014PH10810,PRAKHAR BANSAL,2,N,C
107,2014PH10816,RAVI CHAUDHARY,2,N,C
108,2014PH10819,SAKSHAM AGARWAL,2,N,C
109,2014PH10820,SALIL DHAKA,2,N,C
110,2014PH10825,SHIBASHRIT MOHANTY,2,N,C
111,2014PH10828,SHUBHAM,2,N,C
112,2014PH10832,SUNDARAPU H M R PRASANTH KUMAR,2,N,C
113,2014PH10835,VELPURI SHIVA RAMA KRISHNA CHAITHAN,2,N,C
114,2014PH10839,VIVEKANANDA CHAUDHURI,2,N,C
115,2015CH10072,ABHIJEET R GHODAKI,2,N,C
116,2015CH10120,PRABHAT KUMAR,2,N,C
117,2015CH10190,SUKANT  KOUL,2,N,C
118,2015CS10232,KANIKARAM DWIZOTMAN,2,N,C
119,2015CS10244,POLAKAM KAMALNATH,2,N,C
120,2015CS10259,SHOBHIT GUPTA,2,N,C
121,2015CS10265,V ANOOP,2,N,C
122,2015EE10434,ANIL BERA,2,N,C
123,2015EE10438,ANVESH GUPTA,2,N,C
124,2015EE10458,LAXMAN KUMAR MEENA,2,N,C
125,2015EE10462,MUDIT BANSAL,2,N,C
126,2015EE10466,RAMADEV SAI TEJA,2,N,C
127,2015EE10470,RUPESH KASHYAP,2,N,C
128,2015EE10474,SATHULURI ARUN CHAITHANYA,2,N,C
129,2015EE10494,VUDALA SAI SUSRITH,2,N,C
130,2015ME10108,MANAS  JOSHI,2,N,C
131,2015ME10354,PARAS  GUPTA,2,N,C
132,2015ME10383,SHUBHAM  SINGLA,2,N,C
133,2015ME10627,ABHAYRAJ SINGH MEENA,2,N,C
134,2015ME10630,AKHILESH VERMA,2,N,C
135,2015ME10633,AMIT KUMAR SAHU,2,N,C
136,2015ME10636,ARTH JAIN,2,N,C
137,2015ME10648,HARDEEP SINGH,2,N,C
138,2015ME10651,KANU RAJ ANAND,2,N,C
139,2015ME10657,LOKRAJ MEENA,2,N,C
140,2015ME10660,MOHIT KHINCHI,2,N,C
141,2015ME10669,PRATEEK BHARTI,2,N,C
142,2015ME10678,SAURABH KUMAR,2,N,C
143,2015ME10681,SHASHWAT SINHA,2,N,C
144,2015ME10684,SHUVANG JANDIYAL,2,N,C
145,2015ME10687,VAIBHAV KEJRIWAL,2,N,C
146,2015ME10690,VIVEK CHANDRA,2,N,C
147,2015ME10693,YOGESH KUMAR KALAWAT,2,N,C
148,2015ME20731,DENISH SUKHADIYA,2,N,C
149,2015ME20734,HONRAO ISHVAR DHONDIBA,2,N,C
150,2015ME20737,KAMYA IYER,2,N,C
151,2015ME20743,LENDEGAONKAR SAMVIDHAN,2,N,C
152,2015ME20755,ROHIT KUMAR,2,N,C
153,2015ME20758,SAHIL KHOKHAR,2,N,C
154,2015ME20767,TANMAY SAGAR,2,N,C
155,2015ME20770,UTKARSH VARDHAN,2,N,C
156,2015ME20773,YUGAL KISHOR MEENA,2,N,C
157,2015MT10182,RIBHAV  GAUR,2,N,C
158,2015MT10725,ASHISH  GUPTA,2,N,C
159,2015PH10788,AMAN PAWAR,2,N,C
160,2015PH10792,ANEERENDRA,2,N,C
161,2015PH10798,DESHPANDE AMEYA UDAY,2,N,C
162,2015TT10860,ADITYA GERA,2,N,C
163,2015TT10868,AMIT DOODHWAL,2,N,C
164,2015TT10872,ANKIT KUMAR MEENA,2,N,C
165,2015TT10876,ANUBHAV,2,N,C
166,2015TT10880,AYUSH GUPTA,2,N,C
167,2015TT10904,KSHITIJ JAIN,2,N,C
168,2015TT10926,RAJ KUMAR,2,N,C
169,2015TT10930,RAMESH YADAV,2,N,C
170,2015TT10934,SAJAN KUMAR,2,N,C
171,2015TT10938,SHIVAM SAHU,2,N,C
172,2015TT10942,SIDDHARTH RAO GAUTAM,2,N,C
173,2015TT10951,VIPUL GUPTA,2,N,C
174,2015TT10955,YUKTISHA RAJPOOT,2,N,C
175,2009BB50003,AKHIL KUMAR,3,N,C
176,2009PH10715,DEVENDRA KUMAR MESHRAM,3,N,C
177,2010MT50628,VISHNU P S,3,N,C
178,2011CE10353,HEMANTH KUMAR BURALLI,3,N,C
179,2012CE10387,RAJESH KUMAR MEENA,3,N,C
180,2012MT50592,DESURU SREE THEJESH,3,N,C
181,2012PH10883,VIKAS DAMOR,3,N,C
182,2013ME10698,NARENDRA KUMAR MEENA,3,N,C
183,2013ME10706,PUSKAR SHARMA,3,N,C
184,2013ME10713,RISHABH MALHOTRA,3,N,C
185,2013ME10720,SAURABH SINHA,3,N,C
186,2013ME10725,SHUBHAM KUMAR PRAJAPATI,3,N,C
187,2013ME10734,TULIKA JATRELE,3,N,C
188,2013TT10914,BALJOT SINGH,3,N,C
189,2014CH10115,P SHIVA KUMAR,3,N,C
190,2014CS10227,KARAN DWIVEDI,3,N,C
191,2014EE10471,PRAVEEN SINGH RAJPUT,3,N,C
192,2014ME10628,ADITYA SINGH,3,N,C
193,2014ME10633,AMIT KUMAR MUNDA,3,N,C
194,2014ME10642,ASHISH GAUTAM,3,N,C
195,2014ME10643,ATUL KUMAR,3,N,C
196,2014ME20721,BANOTH NARENDER,3,N,C
197,2014ME20759,S PARDHU NIHAR,3,N,C
198,2014TT10588,BHAROTHU VENKATA SURESH BABU,3,N,C
199,2015CS10218,B SOURABH,3,N,C
200,2015CS10257,SEELAM LAKSHMI SAI KRISHNA,3,N,C
201,2015CS10263,SWAPNIL DAS,3,N,C
202,2015CS10266,VINNAKOTA SAJIT GUPTA,3,N,C
203,2015EE10427,ADITYA KUMAR,3,N,C
204,2015EE10431,ALLURI BHARATH,3,N,C
205,2015EE10479,SHWETA SINGH,3,N,C
206,2015EE10519,KRUTIKA  JAISWAL,3,N,C
207,2015ME10396,UTKARSH  PRABHAKAR,3,N,C
208,2015ME10628,AKASH KUMAR,3,N,C
209,2015ME10631,AKSHAY KUMAR SONI,3,N,C
210,2015ME10634,ANKIT JAIPURIA,3,N,C
211,2015ME10637,ATA UL HAQUE,3,N,C
212,2015ME10640,AYUSH GARG,3,N,C
213,2015ME10643,BRIJESH SANWARIYA,3,N,C
214,2015ME10646,FATEHDEEP SINGH WALLA,3,N,C
215,2015ME10652,KARTIK GUPTA,3,N,C
216,2015ME10658,MAYANK MAHAWAR,3,N,C
217,2015ME10661,MOHIT SINGH,3,N,C
218,2015ME10679,SAURAV KUMAR GUPTA,3,N,C
219,2015ME10682,SHUBHAM RAJ TOMAR,3,N,C
220,2015ME10685,SONAL GAUTAM,3,N,C
221,2015ME10688,VINAY,3,N,C
222,2015ME20717,ANDIBOYINA SAI VAMSI,3,N,C
223,2015ME20738,KARTIK CHOUDHARY,3,N,C
224,2015ME20741,KULKARNI INDRANEEL MUKUND,3,N,C
225,2015ME20747,NAMAN GOYAL,3,N,C
226,2015ME20753,RAJAT KHARBANDA,3,N,C
227,2015ME20756,ROHIT KUMAR,3,N,C
228,2015ME20768,TANYA SINGH,3,N,C
229,2015MT10319,AVINASH  KUMAR,3,N,C
230,2015MT10583,ABHIMANYU SWAMI,3,N,C
231,2015MT10585,ABHISHEK YADAV,3,N,C
232,2015MT10587,AMAR PRAKASH,3,N,C
233,2015MT10589,ANUBHAV GARG,3,N,C
234,2015MT10591,ARYAN DIGWAL,3,N,C
235,2015MT10599,HARSHAAN DARGAN,3,N,C
236,2015MT10601,KOTALA VINEETH,3,N,C
237,2015MT10609,RAJAT PANWAR,3,N,C
238,2015MT10611,SACHIN MALAV,3,N,C
239,2015MT10613,SAMVIT DAMMALAPATI,3,N,C
240,2015MT60113,NABEEL  JAVED,3,N,C
241,2015MT60551,AJAY YADAV,3,N,C
242,2015MT60553,ARYAMAN GARG,3,N,C
243,2015MT60565,RAVI KHANNAWALIA,3,N,C
244,2015TT10861,ADITYA KUMAR,3,N,C
245,2015TT10869,ANAND YADAV,3,N,C
246,2015TT10873,ANKIT KUMAR,3,N,C
247,2015TT10881,AYUSH AGRAWAL,3,N,C
248,2015TT10889,DEVANSH SHARMA,3,N,C
249,2015TT10893,GUPTA HARSH SUNIL,3,N,C
250,2015TT10901,KAMAL KANT,3,N,C
251,2015TT10927,RAJNEESH KASWAN,3,N,C
252,2015TT10931,RAVINDRA PINDEL,3,N,C
253,2015TT10935,SHASHANK NIGAM,3,N,C
254,2015TT10952,VISHAL CHAND KASOTIA,3,N,C
255,2011CE10299,SHUBHAM GAUR,4,N,C
256,2012CH70169,RAJESH KUMAR REGAR,4,N,C
257,2012CH70189,YASH KUMAWAT,4,N,C
258,2013ME10645,ANIMESH SINGH,4,N,C
259,2014EE10422,AJAY KUMAR MAHICHA,4,N,C
260,2014EE10434,DASHPUTE ANIKET SANJAY,4,N,C
261,2014MT60556,GUGULOTH AJAY KUMAR,4,N,C
262,2015CH10074,ABHISHEK GARG,4,N,C
263,2015CH10078,ADITYA JAGRAT,4,N,C
264,2015CH10118,PAIDI KRISHNA PRADEEP,4,N,C
265,2015CS50288,PALLA SAI BHARATH,4,N,C
266,2015CS50290,SAMBANA ROHITH,4,N,C
267,2015EE10114,NATASHA  MEENA,4,N,C
268,2015EE10428,ADUSUMALLI LAKSHMI HIMAVANTH,4,N,C
269,2015EE10432,AMAN MOHAPATRA,4,N,C
270,2015EE10436,ANUDEEP VIBHUTI,4,N,C
271,2015EE10440,ASHISH MEHTA,4,N,C
272,2015EE10444,BOORA AASISH,4,N,C
273,2015EE10456,KOMARABATHINA ISAAC PRASANTH,4,N,C
274,2015EE10464,PEEYUSH KARNANI,4,N,C
275,2015EE10468,RISHABH GUPTA,4,N,C
276,2015EE10472,SARTHAK JAIN,4,N,C
277,2015EE10476,SHAH KRUNAL TUSHAR,4,N,C
278,2015EE10492,VINEET KUMAR,4,N,C
279,2015EE10504,ADITI  JHA,4,N,C
280,2015EE10534,SAKSHAM  SONI,4,N,C
281,2015ME10110,MOHD  BABAR,4,N,C
282,2015MT10584,ABHISHEK KUMAR YADAV,4,N,C
283,2015MT10586,ADITI NARWARE,4,N,C
284,2015MT10588,AMIT MEENA,4,N,C
285,2015MT10592,AVANEEP GUPTA,4,N,C
286,2015MT10596,DARSHAN GOLGHATE,4,N,C
287,2015MT10606,PRAKHAR ANAND,4,N,C
288,2015MT10610,RIDAM MAHESHWARI,4,N,C
289,2015MT10612,SAIF ALI,4,N,C
290,2015TT10862,AKANKSHA PRAGYA,4,N,C
291,2015TT10866,AMIT KUMAR,4,N,C
292,2015TT10878,ASHUTOSH SINGH,4,N,C
293,2015TT10886,DEEPAK MANDLOI,4,N,C
294,2015TT10890,DHAWAL PARMAR,4,N,C
295,2015TT10894,GURINDER SINGH SAINI,4,N,C
296,2015TT10906,LAKHAN KUMAR VIJAYVARGIYA,4,N,C
297,2015TT10911,MAYANK MISHRA,4,N,C
298,2015TT10915,NAKRANI SHASHVAT MANSUKHBHAI,4,N,C
299,2015TT10919,NITESH AMLIYAR,4,N,C
300,2015TT10928,RAKESH KUMAR,4,N,C
301,2015TT10936,SHASHWAT,4,N,C
302,2015TT10940,SHRENIVASS J K,4,N,C
303,2015TT10944,SUMIT SAINI,4,N,C
304,2015TT10948,TANUJ SINGH,4,N,C
305,2015TT10953,WAGHMARE ADITYA PRAMOD,4,N,C
