List of students registered in (IInd Semester 20162017)
Course Code : SIL802
Course Description : SPECIAL TOPICS IN WEB BASED COMPUTING
Serial No., Entry Number, Student Name, Course Group, Audit Withdrawal, Course Slot
1,2013CS10222,GURSHARANPREET SINGH,1,N,X4
2,2013CS10255,SANMUKHANI RISHIT GOPAL,1,N,X4
3,2015CSY7535,NAMRATA ARORA,1,N,X4
4,2015MCS2328,AJITA SHREE,1,N,X4
5,2015MCS2339,IMRAN MOHAMMED,1,N,X4
6,2015MCS2341,JATIN GOYAL,1,N,X4
7,2015MCS2343,KUNAL KISHOR,1,N,X4
8,2015MCS2347,MILAN BHANJIBHAI KATHROTIA,1,N,X4
9,2015MCS2348,MRIDUL GOEL,1,N,X4
10,2015MCS2359,VARUNI SREENATHA M,1,N,X4
11,2015MCS2555,Sundeep Saggu,1,N,X4
12,2016CSY7531,JUICY,1,N,X4
13,2016MCS2651,POOJA  AGGARWAL,1,N,X4
14,2016MCS2662,PRIYA,1,N,X4
15,2016MCS2677,KARTIK  MITTAL,1,N,X4
16,2016MCS2681,SHALINI  PANWAR,1,N,X4
17,2016MCS2683,MANPREET SINGH AGANDH,1,N,X4
18,2016MCS2909,SHUBHA  GUPTA,1,N,X4
19,2016MCS2913,SHANTWANA,1,N,X4
20,2016MCS2936,ANUSHKA  GOYAL,1,N,X4
21,2016SIY7532,SRISHTI  KULSHRESTHA,1,N,X4
22,2011CS50277,ATHAWALE PUSHPAK ANIL,4,N,X4
23,2011CS50297,SHIVANI SEN,4,N,X4
24,2012CS50274,ABHISHEK GOEL,4,N,X4
25,2012CS50280,ARVIND BHURIYA,4,N,X4
26,2012CS50293,PATEL DHRUVIN UDAYAN,4,N,X4
27,2012CS50294,PRERIT KUMAR PATIDAR,4,N,X4
28,2013CS50277,ANAGH PRASAD,4,N,X4
29,2013CS50281,DEEPAK SAINI,4,N,X4
