List of students registered in (IInd Semester 20162017)
Course Code : TXD402
Course Description : MAJOR PROJECT PART II
Serial No., Entry Number, Student Name, Course Group, Audit Withdrawal, Course Slot
1,2013TT10903,APURV SIBAL,1,N,P
2,2013TT10907,ASHISH PRATAP SINGH,1,N,P
3,2013TT10941,KUMAR RISHABH,1,N,P
4,2013TT10964,SHAURYA GUPTA,1,N,P
5,2013TT10895,ABHINAV AGGARWAL,2,N,P
6,2013TT10904,ARCHIT AGARWAL,2,N,P
7,2013TT10912,AYUSH JAIN,2,N,P
8,2013TT10933,HIMANSHU UMARIA,2,N,P
9,2013TT10915,BANOTHU SAI KIRAN,3,N,P
10,2013TT10942,KUSHAGRA SRIVASTAVA,3,N,P
11,2013TT10978,VISHAL BYADWAL,3,N,P
12,2013TT10952,RACHIT KUCHHAL,4,N,P
13,2013TT10953,RAJAT KUMAR SURANA,4,N,P
14,2013TT10961,SANCHIT KALRA,4,N,P
