List of students registered in (IInd Semester 20162017)
Course Code : TXL361
Course Description : EVALUATION OF TEXTILE MATERIAL
Serial No., Entry Number, Student Name, Course Group, Audit Withdrawal, Course Slot
1,2010TT10953,RAVI KUMAR,1,N,D
2,2013TT10892,AASTHA AGARWAL,1,N,D
3,2013TT10913,AYUSH KUMAR,1,N,D
4,2013TT10964,SHAURYA GUPTA,1,N,D
5,2013TT10967,SHOBHIT PAHWA,1,N,D
6,2013TT10970,SILKY JAIN,1,N,D
7,2013TT10974,UJJAWAL MALIK,1,N,D
8,2014TT10857,ABHINAV BIJARNIA,1,N,D
9,2014TT10861,ADVAIT BHAGWAT,1,N,D
10,2014TT10865,AMIT VERMA,1,N,D
11,2014TT10874,BADARLA DHEERAJ,1,N,D
12,2014TT10881,DIVYAM GUPTA,1,N,D
13,2014TT10897,KUMAR ROHAN,1,N,D
14,2014TT10899,MAHENDRA KUMAR SHESHAMA,1,N,D
15,2014TT10902,MANOJ KUMAR,1,N,D
16,2014TT10915,PRATEEK GURNANI,1,N,D
17,2014TT10916,PRIYANSHI GARG,1,N,D
18,2014TT10918,PUNIT KUMAR,1,N,D
19,2014TT10921,RAJAT AGGARWAL,1,N,D
20,2014TT10929,RUCHI CHURIWALA,1,N,D
21,2014TT10935,SAURABH SAXENA,1,N,D
22,2014TT10939,SHIVAM AGARWAL,1,N,D
23,2014TT10946,TWINKLE JANAGAL,1,N,D
24,2014TT10948,VARUN CHAUHAN,1,N,D
25,2014TT10950,VIKASH SAHU,1,N,D
26,2014TT10955,YASH BANSAL,1,N,D
27,2010TT10974,VIPLAV SINGH,2,N,D
28,2013TT10893,AAYUSHI AGARWAL,2,N,D
29,2013TT10910,ASHOK KUMAR,2,N,D
30,2013TT10928,GULSHAN KUMAR KALWAR,2,N,D
31,2013TT10948,POOJA JAIN,2,N,D
32,2013TT10957,RIJUL AHUJA,2,N,D
33,2013TT10965,SHEFALI JINDAL,2,N,D
34,2013TT10981,YASHICA,2,N,D
35,2014TT10855,ABHAY KUMAR,2,N,D
36,2014TT10858,ABHISHEK CHOUHAN,2,N,D
37,2014TT10863,AKSHAY SUDAM PADGHAN,2,N,D
38,2014TT10868,ANSHUMAN SRIVASTAVA,2,N,D
39,2014TT10877,DEVESH GARG,2,N,D
40,2014TT10878,DHARMENDRA FAGODIYA,2,N,D
41,2014TT10880,DIPJYOTI MITRA,2,N,D
42,2014TT10887,HRITHIK CHAURASIA,2,N,D
43,2014TT10891,KARAN SINGLA,2,N,D
44,2014TT10892,KRISHAN KUMAR MAURYA,2,N,D
45,2014TT10893,KRISHN GOPAL RAJPUT,2,N,D
46,2014TT10896,KSHITIJ KHANDELWAL,2,N,D
47,2014TT10900,MANISH SUTHAR,2,N,D
48,2014TT10914,PRATEEK KUMAR,2,N,D
49,2014TT10919,PUSHKAR RAJ MEENA,2,N,D
50,2014TT10920,RAHUL POONIA,2,N,D
51,2014TT10924,RASHI GUPTA,2,N,D
52,2014TT10930,RUPIKA,2,N,D
53,2014TT10931,SANCHI MEENA,2,N,D
54,2010TT10447,GAURAV KUMAR MEENA,3,N,D
55,2013TT10931,HEMANT KUMAR RAI,3,N,D
56,2013TT10937,KARAN YADAV,3,N,D
57,2013TT10958,RISHAB GOEL,3,N,D
58,2013TT10968,SHUBHAM AGGARWAL,3,N,D
59,2013TT10977,VISHAL MALHOTRA,3,N,D
60,2014TT10852,AADESH NARAYAN,3,N,D
61,2014TT10853,ABANI,3,N,D
62,2014TT10860,ADITYA PRATAP SINGH,3,N,D
63,2014TT10862,AJAY,3,N,D
64,2014TT10867,ANSHU PAWAR,3,N,D
65,2014TT10872,AYUSH VANI,3,N,D
66,2014TT10873,AYUSH GUPTA,3,N,D
67,2014TT10875,DAKKILI SAI SARIKA,3,N,D
68,2014TT10876,DEEKSHA BHARGAVA,3,N,D
69,2014TT10901,MANOHARE ASHWAGHOSH SHRINIWAS,3,N,D
70,2014TT10906,MUKUL KRISHAN AGARWAL,3,N,D
71,2014TT10907,NACHIKETA,3,N,D
72,2014TT10908,NARESH KUMAR MEENA,3,N,D
73,2014TT10909,NIKHIL NAIN,3,N,D
74,2014TT10922,RAMESHWAR KUNKANA,3,N,D
75,2014TT10923,RANI SINGH,3,N,D
76,2014TT10925,RISHABH SHARMA,3,N,D
77,2014TT10927,RISHI K GARG,3,N,D
78,2014TT10941,SIDDHI JARWAL,3,N,D
79,2014TT10942,SIMRANJEET KAUR,3,N,D
80,2014TT10952,VIKRAM SINGH,3,N,D
81,2014TT10954,YASH AGRAWAL,3,N,D
82,2012TT10941,PRABHAV SHUKLA,4,N,D
83,2013TT10891,AASHNA MEHRA,4,N,D
84,2013TT10920,CHIRAG AHOOJA,4,N,D
85,2013TT10952,RACHIT KUCHHAL,4,N,D
86,2013TT10953,RAJAT KUMAR SURANA,4,N,D
87,2013TT10961,SANCHIT KALRA,4,N,D
88,2013TT10971,SNIGDHA BHANDARI,4,N,D
89,2014TT10856,ABHINAV SAHARAN,4,N,D
90,2014TT10859,ABHISHEK GUPTA,4,N,D
91,2014TT10879,DIKSHA,4,N,D
92,2014TT10885,HIRA DURRANI,4,N,D
93,2014TT10886,HITESH KHATRI,4,N,D
94,2014TT10889,JAY NAULAKHA,4,N,D
95,2014TT10890,KARAN SINGLA,4,N,D
96,2014TT10894,KRISHNA KUMAR RATHI,4,N,D
97,2014TT10895,KRITTAM KEERTIMAN KOTHARI,4,N,D
98,2014TT10898,MADHUR KUMAR SHAKYA,4,N,D
99,2014TT10903,MILAN SINGH,4,N,D
100,2014TT10904,MOHIT CHAUHAN,4,N,D
101,2014TT10910,NITIN TIWARI,4,N,D
102,2014TT10913,PRAKHAR SHUKLA,4,N,D
103,2014TT10926,RISHABH MAHAJAN,4,N,D
104,2014TT10928,ROHIT TRIPATHI,4,N,D
105,2014TT10934,SARISHT WADHWA,4,N,D
106,2014TT10943,SUNIL KUMAR,4,N,D
107,2014TT10945,TARIQ AZIZ,4,N,D
108,2014TT10953,VINAYAK SUTAR,4,N,D
