List of students registered in (IInd Semester 20162017)
Course Code : TXL743
Course Description : PRINCIPLES OF COLOUR MEASUREMENT & COMMUNICATION
Serial No., Entry Number, Student Name, Course Group, Audit Withdrawal, Course Slot
1,2013TT10913,AYUSH KUMAR,0,N,B
2,2014TT10908,NARESH KUMAR MEENA,0,N,B
3,2012TT10943,PULKIT GUPTA,1,N,B
4,2013TT10897,ABNISH ANAND,1,N,B
5,2013TT10907,ASHISH PRATAP SINGH,1,N,B
6,2013TT10964,SHAURYA GUPTA,1,N,B
7,2014TT10902,MANOJ KUMAR,1,N,B
8,2014TT10916,PRIYANSHI GARG,1,N,B
9,2014TT10929,RUCHI CHURIWALA,1,N,B
10,2014TT10946,TWINKLE JANAGAL,1,N,B
11,2014TT10948,VARUN CHAUHAN,1,N,B
12,2014TT10956,YUDHISHTHAR POONIA,1,N,B
13,2016TTF2217,JAYA  SHARMA,1,N,B
14,2016TTF2218,ALOK SINGH BHADAURIYA,1,N,B
15,2016TTF2219,SHWETA,1,N,B
16,2016TTF2220,APARAJITA  PAL,1,N,B
17,2016TTF2221,SOORAT  KUMAR,1,N,B
18,2016TTF2222,PRAGATI  JAISWAL,1,N,B
19,2016TTF2223,AKSHAY SURESH SHUKLA,1,N,B
20,2016TTF2224,AMRITA  RANJAN,1,N,B
21,2016TTF2225,SANJAYKUMAR BHIKARICHARAN PANDA,1,N,B
22,2016TTF2227,RAMAN  SANDHOO,1,N,B
23,2014TT10892,KRISHAN KUMAR MAURYA,2,N,B
24,2014TT10893,KRISHN GOPAL RAJPUT,2,N,B
25,2014TT10924,RASHI GUPTA,2,N,B
26,2014TT10930,RUPIKA,2,N,B
27,2014TT10931,SANCHI MEENA,2,N,B
28,2012TT10901,AVINASH KUMAR,3,N,B
29,2013TT10898,AJAY YADAV,3,N,B
30,2013TT10942,KUSHAGRA SRIVASTAVA,3,N,B
31,2013TT10944,NEERAJ MEENA,3,N,B
32,2013TT10980,VISHWAJEET,3,N,B
33,2014TT10867,ANSHU PAWAR,3,N,B
34,2014TT10875,DAKKILI SAI SARIKA,3,N,B
35,2014TT10876,DEEKSHA BHARGAVA,3,N,B
36,2014TT10906,MUKUL KRISHAN AGARWAL,3,N,B
37,2013TT10899,AKASHJOT KAUR,4,N,B
38,2013TT10946,PARAS AGGRWAL,4,N,B
39,2013TT10952,RACHIT KUCHHAL,4,N,B
40,2013TT10971,SNIGDHA BHANDARI,4,N,B
41,2013TT10973,TUSHAR AGGARWAL,4,N,B
42,2014TT10898,MADHUR KUMAR SHAKYA,4,N,B
