List of students registered in (IInd Semester 20162017)
Course Code : TXL783
Course Description : DESIGN OF EXPER. & STAT. TECH.
Serial No., Entry Number, Student Name, Course Group, Audit Withdrawal, Course Slot
1,2014TT10861,ADVAIT BHAGWAT,0,N,E
2,2013TT10897,ABNISH ANAND,1,N,E
3,2013TT10903,APURV SIBAL,1,N,E
4,2013TT10906,ARVIND KUMAR SHARMA,1,N,E
5,2013TT10916,BIKASH DAS,1,N,E
6,2013TT10919,CHARUL SHARMA,1,N,E
7,2013TT10941,KUMAR RISHABH,1,N,E
8,2013TT10967,SHOBHIT PAHWA,1,N,E
9,2013TT10974,UJJAWAL MALIK,1,N,E
10,2014TT10881,DIVYAM GUPTA,1,N,E
11,2014TT10929,RUCHI CHURIWALA,1,N,E
12,2014TT10955,YASH BANSAL,1,N,E
13,2016MEZ8543,RAVINDER PAL SINGH,1,N,E
14,2016MEZ8552,JASVINDER  SINGH,1,N,E
15,2016TTE2228,BHARATHI,1,N,E
16,2016TTE2229,SAKTHI  VIJAYALAKSHMI,1,N,E
17,2016TTE2230,SABYASACHI  POREL,1,N,E
18,2016TTE2231,ROCHAK  RATHOUR,1,N,E
19,2016TTE2233,MANYA  JAIN,1,N,E
20,2016TTE2234,RAJAT  KUMAR,1,N,E
21,2016TTE2235,RAHUL  PATIDAR,1,N,E
22,2016TTE2236,ALKA  SOMANI,1,N,E
23,2016TTE2237,GOURAV  MISHRA,1,N,E
24,2016TTE2238,LEKHANI  TRIPATHI,1,N,E
25,2016TTE2239,DANISH  ABRAR,1,N,E
26,2016TTE2240,DEEPAK  KUSHAWAH,1,N,E
27,2016TTE2241,MEENAKSHI  AHIRWAR,1,N,E
28,2016TTE2866,TEMESGEN REGASSA WOYESSA,1,N,E
29,2013TT10895,ABHINAV AGGARWAL,2,N,E
30,2013TT10900,ANKIT MANDAWAT,2,N,E
31,2013TT10908,ASHISH RANJAN,2,N,E
32,2013TT10910,ASHOK KUMAR,2,N,E
33,2013TT10928,GULSHAN KUMAR KALWAR,2,N,E
34,2013TT10940,KIRAN PRAKASH,2,N,E
35,2013TT10948,POOJA JAIN,2,N,E
36,2013TT10949,PRACHEER DUTTA,2,N,E
37,2013TT10954,RAJESH KUMAR NAGAR,2,N,E
38,2014TT10868,ANSHUMAN SRIVASTAVA,2,N,E
39,2014TT10877,DEVESH GARG,2,N,E
40,2014TT10880,DIPJYOTI MITRA,2,N,E
41,2014TT10924,RASHI GUPTA,2,N,E
42,2012TT10901,AVINASH KUMAR,3,N,E
43,2012TT10986,KAMAL KUMAR,3,N,E
44,2013TT10898,AJAY YADAV,3,N,E
45,2013TT10929,GURJEER SINGH,3,N,E
46,2013TT10976,VIJENDRA SINGH MEENA,3,N,E
47,2013TT10977,VISHAL MALHOTRA,3,N,E
48,2013TT10980,VISHWAJEET,3,N,E
49,2014TT10860,ADITYA PRATAP SINGH,3,N,E
50,2014TT10942,SIMRANJEET KAUR,3,N,E
51,2012TT10302,VIKASH KUMAR PRABHAKAR,4,N,E
52,2013TT10920,CHIRAG AHOOJA,4,N,E
53,2013TT10927,GAURAV TAK,4,N,E
54,2013TT10935,KANIKA PRAJAPAT,4,N,E
55,2013TT10936,KARAN GUPTA,4,N,E
56,2013TT10961,SANCHIT KALRA,4,N,E
57,2013TT10971,SNIGDHA BHANDARI,4,N,E
58,2013TT10973,TUSHAR AGGARWAL,4,N,E
59,2014TT10879,DIKSHA,4,N,E
60,2014TT10913,PRAKHAR SHUKLA,4,N,E
61,2014TT10943,SUNIL KUMAR,4,N,E
