List of students registered in (IInd Semester 20162017)
Course Code : TXL773
Course Description : MEDICAL TEXTILES
Serial No., Entry Number, Student Name, Course Group, Audit Withdrawal, Course Slot
1,2014CH70164,DEVESH MAHALA,0,N,H
2,2014TT10857,ABHINAV BIJARNIA,0,N,H
3,2014TT10899,MAHENDRA KUMAR SHESHAMA,0,N,H
4,2013TT10906,ARVIND KUMAR SHARMA,1,N,H
5,2013TT10916,BIKASH DAS,1,N,H
6,2013TT10950,PREM CHAND MEENA,1,N,H
7,2013TT10955,RAKESH KUMAR,1,N,H
8,2014TT10915,PRATEEK GURNANI,1,N,H
9,2014TT10921,RAJAT AGGARWAL,1,N,H
10,2016TTE2234,RAJAT  KUMAR,1,N,H
11,2016TTE2235,RAHUL  PATIDAR,1,N,H
12,2016TTE2239,DANISH  ABRAR,1,N,H
13,2016TTE2240,DEEPAK  KUSHAWAH,1,N,H
14,2016TTF2215,SUMANA  BANDYOPADHYAY,1,N,H
15,2016TTF2216,VEERENDRA KUMAR,1,N,H
16,2016TTF2217,JAYA  SHARMA,1,N,H
17,2016TTF2218,ALOK SINGH BHADAURIYA,1,N,H
18,2016TTF2219,SHWETA,1,N,H
19,2016TTF2220,APARAJITA  PAL,1,N,H
20,2016TTF2222,PRAGATI  JAISWAL,1,N,H
21,2016TTF2224,AMRITA  RANJAN,1,N,H
22,2016TTF2226,RUTURAJ PURUSHOTTAM KUKADE,1,N,H
23,2016TTF2865,GETACHEW ZERU BEYENE,1,N,H
24,2010TT10974,VIPLAV SINGH,2,N,H
25,2013TT10908,ASHISH RANJAN,2,N,H
26,2013TT10924,DIVYAM GOEL,2,N,H
27,2013TT10925,GANGA BISHAN,2,N,H
28,2013TT10928,GULSHAN KUMAR KALWAR,2,N,H
29,2013TT10954,RAJESH KUMAR NAGAR,2,N,H
30,2013TT10957,RIJUL AHUJA,2,N,H
31,2013TT10965,SHEFALI JINDAL,2,N,H
32,2014CH10111,MRIGANK DHABI,2,N,H
33,2014TT10892,KRISHAN KUMAR MAURYA,2,N,H
34,2014TT10919,PUSHKAR RAJ MEENA,2,N,H
35,2014TT10920,RAHUL POONIA,2,N,H
36,2014TT10930,RUPIKA,2,N,H
37,2013TT10914,BALJOT SINGH,3,N,H
38,2013TT10921,DEEPALI SINGH,3,N,H
39,2013TT10923,DINESH KUMAR ATAL,3,N,H
40,2013TT10976,VIJENDRA SINGH MEENA,3,N,H
41,2013TT10977,VISHAL MALHOTRA,3,N,H
42,2013TT10980,VISHWAJEET,3,N,H
43,2014TT10853,ABANI,3,N,H
44,2014TT10901,MANOHARE ASHWAGHOSH SHRINIWAS,3,N,H
45,2014TT10907,NACHIKETA,3,N,H
46,2014TT10908,NARESH KUMAR MEENA,3,N,H
47,2014TT10909,NIKHIL NAIN,3,N,H
48,2014TT10954,YASH AGRAWAL,3,N,H
49,2012ME10651,AMAN SHARMA,4,N,H
50,2013TT10918,CHANDRAKANT PANDEY,4,N,H
51,2013TT10961,SANCHIT KALRA,4,N,H
52,2013TT10983,BABLOO YADAV,4,N,H
53,2014TT10856,ABHINAV SAHARAN,4,N,H
54,2014TT10879,DIKSHA,4,N,H
55,2014TT10885,HIRA DURRANI,4,N,H
56,2014TT10910,NITIN TIWARI,4,N,H
