List of students registered in (IInd Semester 20162017)
Course Code : TXL725
Course Description : MECHANICS OF SPINNING MACHINES
Serial No., Entry Number, Student Name, Course Group, Audit Withdrawal, Course Slot
1,2013TT10919,CHARUL SHARMA,1,N,A
2,2013TT10960,SAHIL LAMBA,1,N,A
3,2015TTE2382,VIVEK R JAYAN,1,N,A
4,2016TTE2228,BHARATHI,1,N,A
5,2016TTE2229,SAKTHI  VIJAYALAKSHMI,1,N,A
6,2016TTE2230,SABYASACHI  POREL,1,N,A
7,2016TTE2231,ROCHAK  RATHOUR,1,N,A
8,2016TTE2233,MANYA  JAIN,1,N,A
9,2016TTE2234,RAJAT  KUMAR,1,N,A
10,2016TTE2235,RAHUL  PATIDAR,1,N,A
11,2016TTE2236,ALKA  SOMANI,1,N,A
12,2016TTE2237,GOURAV  MISHRA,1,N,A
13,2016TTE2238,LEKHANI  TRIPATHI,1,N,A
14,2016TTE2239,DANISH  ABRAR,1,N,A
15,2016TTE2240,DEEPAK  KUSHAWAH,1,N,A
16,2016TTE2241,MEENAKSHI  AHIRWAR,1,N,A
17,2016TTE2866,TEMESGEN REGASSA WOYESSA,1,N,A
18,2016TTF2218,ALOK SINGH BHADAURIYA,1,N,A
19,2012TT10986,KAMAL KUMAR,3,N,A
20,2013TT10968,SHUBHAM AGGARWAL,3,N,A
