List of students registered in (IInd Semester 20162017)
Course Code : TXL766
Course Description : DE. & MANUF. OF TEXT. STR. CO.
Serial No., Entry Number, Student Name, Course Group, Audit Withdrawal, Course Slot
1,2013TT10892,AASTHA AGARWAL,1,N,B
2,2013TT10919,CHARUL SHARMA,1,N,B
3,2014TT10861,ADVAIT BHAGWAT,1,N,B
4,2015TTE2825,Wubishet Wale Ayele,1,N,B
5,2016TTE2228,BHARATHI,1,N,B
6,2016TTE2229,SAKTHI  VIJAYALAKSHMI,1,N,B
7,2016TTE2230,SABYASACHI  POREL,1,N,B
8,2016TTE2231,ROCHAK  RATHOUR,1,N,B
9,2016TTE2233,MANYA  JAIN,1,N,B
10,2016TTE2234,RAJAT  KUMAR,1,N,B
11,2016TTE2235,RAHUL  PATIDAR,1,N,B
12,2016TTE2236,ALKA  SOMANI,1,N,B
13,2016TTE2237,GOURAV  MISHRA,1,N,B
14,2016TTE2238,LEKHANI  TRIPATHI,1,N,B
15,2016TTE2239,DANISH  ABRAR,1,N,B
16,2016TTE2240,DEEPAK  KUSHAWAH,1,N,B
17,2016TTE2241,MEENAKSHI  AHIRWAR,1,N,B
18,2016TTZ8474,UNSANHAME  MAWKHLIENG,1,N,B
19,2013TT10910,ASHOK KUMAR,2,N,B
20,2013TT10940,KIRAN PRAKASH,2,N,B
21,2014TT10868,ANSHUMAN SRIVASTAVA,2,N,B
22,2014TT10853,ABANI,3,N,B
23,2013TT10891,AASHNA MEHRA,4,N,B
24,2013TT10927,GAURAV TAK,4,N,B
