List of students registered in (IInd Semester 20162017)
Course Code : TXL714
Course Description : ADVANCED MATERIALS CHARACTERIZATION TECHNIQUES
Serial No., Entry Number, Student Name, Course Group, Audit Withdrawal, Course Slot
1,2013TT10897,ABNISH ANAND,1,N,P
2,2013TT10960,SAHIL LAMBA,1,N,P
3,2014TT10946,TWINKLE JANAGAL,1,N,P
4,2016MEZ8267,SHARAF U NISA,1,N,P
5,2016MEZ8278,MAYANK  SRIVASTAVA,1,N,P
6,2016TTF2215,SUMANA  BANDYOPADHYAY,1,N,P
7,2016TTF2216,VEERENDRA KUMAR,1,N,P
8,2016TTF2217,JAYA  SHARMA,1,N,P
9,2016TTF2218,ALOK SINGH BHADAURIYA,1,N,P
10,2016TTF2219,SHWETA,1,N,P
11,2016TTF2220,APARAJITA  PAL,1,N,P
12,2016TTF2221,SOORAT  KUMAR,1,N,P
13,2016TTF2222,PRAGATI  JAISWAL,1,N,P
14,2016TTF2223,AKSHAY SURESH SHUKLA,1,N,P
15,2016TTF2224,AMRITA  RANJAN,1,N,P
16,2016TTF2225,SANJAYKUMAR BHIKARICHARAN PANDA,1,N,P
17,2016TTF2226,RUTURAJ PURUSHOTTAM KUKADE,1,N,P
18,2016TTF2227,RAMAN  SANDHOO,1,N,P
19,2016TTF2865,GETACHEW ZERU BEYENE,1,N,P
20,2016TTZ8266,HARDEEP  SINGH,1,N,P
21,2016TTZ8471,SUMIT  SHARMA,1,N,P
22,2016TTZ8474,UNSANHAME  MAWKHLIENG,1,N,P
23,2013TT10954,RAJESH KUMAR NAGAR,2,N,P
24,2013TT10959,ROHAN MITAL,3,N,P
25,2014TT10853,ABANI,3,N,P
