List of students registered in (IInd Semester 20162017)
Course Code : TXL740
Course Description : SC. & APP. OF NANOTEC. IN TEX.
Serial No., Entry Number, Student Name, Course Group, Audit Withdrawal, Course Slot
1,2016RDZ8366,SMRITI  KALA,0,N,E
2,2010TT10953,RAVI KUMAR,1,N,E
3,2011TT10951,RAVI PRAKASH SHARMA,1,N,E
4,2012TT10918,HIMANSHU PANWAR,1,N,E
5,2013TT10892,AASTHA AGARWAL,1,N,E
6,2013TT10922,DHARYA YADAV,1,N,E
7,2014TT10897,KUMAR ROHAN,1,N,E
8,2014TT10899,MAHENDRA KUMAR SHESHAMA,1,N,E
9,2014TT10915,PRATEEK GURNANI,1,N,E
10,2014TT10918,PUNIT KUMAR,1,N,E
11,2014TT10921,RAJAT AGGARWAL,1,N,E
12,2014TT10935,SAURABH SAXENA,1,N,E
13,2014TT10950,VIKASH SAHU,1,N,E
14,2014TT10951,VIKASH KUMAR,1,N,E
15,2014TT10956,YUDHISHTHAR POONIA,1,N,E
16,2016TTF2215,SUMANA  BANDYOPADHYAY,1,N,E
17,2016TTF2216,VEERENDRA KUMAR,1,N,E
18,2016TTF2217,JAYA  SHARMA,1,N,E
19,2016TTF2218,ALOK SINGH BHADAURIYA,1,N,E
20,2016TTF2219,SHWETA,1,N,E
21,2016TTF2220,APARAJITA  PAL,1,N,E
22,2016TTF2221,SOORAT  KUMAR,1,N,E
23,2016TTF2222,PRAGATI  JAISWAL,1,N,E
24,2016TTF2223,AKSHAY SURESH SHUKLA,1,N,E
25,2016TTF2224,AMRITA  RANJAN,1,N,E
26,2016TTF2225,SANJAYKUMAR BHIKARICHARAN PANDA,1,N,E
27,2016TTF2226,RUTURAJ PURUSHOTTAM KUKADE,1,N,E
28,2016TTF2227,RAMAN  SANDHOO,1,N,E
29,2016TTF2865,GETACHEW ZERU BEYENE,1,N,E
30,2016TTZ8467,REHAN ALI PRADHAN,1,N,E
31,2016TTZ8469,GARIMA  SINGH,1,N,E
32,2016TTZ8470,PRASUN  MATHUR,1,N,E
33,2016TTZ8472,SATYA RANJAN BAIRAGI,1,N,E
34,2016TTZ8474,UNSANHAME  MAWKHLIENG,1,N,E
35,2010TT10909,ARUN KUMAR,2,N,E
36,2013TT10924,DIVYAM GOEL,2,N,E
37,2013TT10939,KESHAV CHAUDHARY,2,N,E
38,2013TT10957,RIJUL AHUJA,2,N,E
39,2014TT10858,ABHISHEK CHOUHAN,2,N,E
40,2014TT10863,AKSHAY SUDAM PADGHAN,2,N,E
41,2014TT10891,KARAN SINGLA,2,N,E
42,2014TT10893,KRISHN GOPAL RAJPUT,2,N,E
43,2014TT10914,PRATEEK KUMAR,2,N,E
44,2014TT10930,RUPIKA,2,N,E
45,2012TT10708,RAVINDER KUMAR,3,N,E
46,2013TT10923,DINESH KUMAR ATAL,3,N,E
47,2013TT10931,HEMANT KUMAR RAI,3,N,E
48,2013TT10932,HIMANSHU GOYAL,3,N,E
49,2013TT10944,NEERAJ MEENA,3,N,E
50,2013TT10959,ROHAN MITAL,3,N,E
51,2014TT10852,AADESH NARAYAN,3,N,E
52,2014TT10853,ABANI,3,N,E
53,2014TT10862,AJAY,3,N,E
54,2014TT10872,AYUSH VANI,3,N,E
55,2014TT10906,MUKUL KRISHAN AGARWAL,3,N,E
56,2014TT10909,NIKHIL NAIN,3,N,E
57,2014TT10922,RAMESHWAR KUNKANA,3,N,E
58,2014TT10925,RISHABH SHARMA,3,N,E
59,2014TT10927,RISHI K GARG,3,N,E
60,2014TT10952,VIKRAM SINGH,3,N,E
61,2012TT10926,MAHENDRA SINGH MEENA,4,N,E
62,2013TT10891,AASHNA MEHRA,4,N,E
63,2013TT10899,AKASHJOT KAUR,4,N,E
64,2013TT10918,CHANDRAKANT PANDEY,4,N,E
65,2014TT10856,ABHINAV SAHARAN,4,N,E
66,2014TT10886,HITESH KHATRI,4,N,E
67,2014TT10890,KARAN SINGLA,4,N,E
68,2014TT10894,KRISHNA KUMAR RATHI,4,N,E
69,2014TT10895,KRITTAM KEERTIMAN KOTHARI,4,N,E
70,2014TT10898,MADHUR KUMAR SHAKYA,4,N,E
71,2014TT10904,MOHIT CHAUHAN,4,N,E
72,2014TT10926,RISHABH MAHAJAN,4,N,E
73,2014TT10928,ROHIT TRIPATHI,4,N,E
74,2014TT10934,SARISHT WADHWA,4,N,E
75,2014TT10953,VINAYAK SUTAR,4,N,E
