List of students registered in (IInd Semester 20162017)
Course Code : TXP212
Course Description : MANUFACTURED FIBRE TECHNO. LAB
Serial No., Entry Number, Student Name, Course Group, Audit Withdrawal, Course Slot
1,2010TT10953,RAVI KUMAR,1,N,C
2,2014TT10857,ABHINAV BIJARNIA,1,N,C
3,2014TT10861,ADVAIT BHAGWAT,1,N,C
4,2014TT10865,AMIT VERMA,1,N,C
5,2014TT10874,BADARLA DHEERAJ,1,N,C
6,2014TT10881,DIVYAM GUPTA,1,N,C
7,2014TT10897,KUMAR ROHAN,1,N,C
8,2014TT10899,MAHENDRA KUMAR SHESHAMA,1,N,C
9,2014TT10902,MANOJ KUMAR,1,N,C
10,2014TT10915,PRATEEK GURNANI,1,N,C
11,2014TT10916,PRIYANSHI GARG,1,N,C
12,2014TT10918,PUNIT KUMAR,1,N,C
13,2014TT10921,RAJAT AGGARWAL,1,N,C
14,2014TT10929,RUCHI CHURIWALA,1,N,C
15,2014TT10935,SAURABH SAXENA,1,N,C
16,2014TT10939,SHIVAM AGARWAL,1,N,C
17,2014TT10946,TWINKLE JANAGAL,1,N,C
18,2014TT10948,VARUN CHAUHAN,1,N,C
19,2014TT10950,VIKASH SAHU,1,N,C
20,2014TT10951,VIKASH KUMAR,1,N,C
21,2014TT10955,YASH BANSAL,1,N,C
22,2014TT10956,YUDHISHTHAR POONIA,1,N,C
23,2016TTF2218,ALOK SINGH BHADAURIYA,1,N,C
24,2010TT10909,ARUN KUMAR,2,N,C
25,2013TT10910,ASHOK KUMAR,2,N,C
26,2014TT10855,ABHAY KUMAR,2,N,C
27,2014TT10858,ABHISHEK CHOUHAN,2,N,C
28,2014TT10863,AKSHAY SUDAM PADGHAN,2,N,C
29,2014TT10868,ANSHUMAN SRIVASTAVA,2,N,C
30,2014TT10877,DEVESH GARG,2,N,C
31,2014TT10878,DHARMENDRA FAGODIYA,2,N,C
32,2014TT10887,HRITHIK CHAURASIA,2,N,C
33,2014TT10891,KARAN SINGLA,2,N,C
34,2014TT10892,KRISHAN KUMAR MAURYA,2,N,C
35,2014TT10893,KRISHN GOPAL RAJPUT,2,N,C
36,2014TT10896,KSHITIJ KHANDELWAL,2,N,C
37,2014TT10900,MANISH SUTHAR,2,N,C
38,2014TT10912,PRABHAT PALIYA,2,N,C
39,2014TT10914,PRATEEK KUMAR,2,N,C
40,2014TT10919,PUSHKAR RAJ MEENA,2,N,C
41,2014TT10920,RAHUL POONIA,2,N,C
42,2014TT10924,RASHI GUPTA,2,N,C
43,2014TT10930,RUPIKA,2,N,C
44,2014TT10931,SANCHI MEENA,2,N,C
45,2014TT10852,AADESH NARAYAN,3,N,C
46,2014TT10853,ABANI,3,N,C
47,2014TT10860,ADITYA PRATAP SINGH,3,N,C
48,2014TT10862,AJAY,3,N,C
49,2014TT10867,ANSHU PAWAR,3,N,C
50,2014TT10872,AYUSH VANI,3,N,C
51,2014TT10873,AYUSH GUPTA,3,N,C
52,2014TT10875,DAKKILI SAI SARIKA,3,N,C
53,2014TT10876,DEEKSHA BHARGAVA,3,N,C
54,2014TT10901,MANOHARE ASHWAGHOSH SHRINIWAS,3,N,C
55,2014TT10906,MUKUL KRISHAN AGARWAL,3,N,C
56,2014TT10907,NACHIKETA,3,N,C
57,2014TT10908,NARESH KUMAR MEENA,3,N,C
58,2014TT10909,NIKHIL NAIN,3,N,C
59,2014TT10922,RAMESHWAR KUNKANA,3,N,C
60,2014TT10923,RANI SINGH,3,N,C
61,2014TT10925,RISHABH SHARMA,3,N,C
62,2014TT10927,RISHI K GARG,3,N,C
63,2014TT10941,SIDDHI JARWAL,3,N,C
64,2014TT10942,SIMRANJEET KAUR,3,N,C
65,2014TT10952,VIKRAM SINGH,3,N,C
66,2014TT10954,YASH AGRAWAL,3,N,C
67,2014TT10856,ABHINAV SAHARAN,4,N,C
68,2014TT10859,ABHISHEK GUPTA,4,N,C
69,2014TT10879,DIKSHA,4,N,C
70,2014TT10885,HIRA DURRANI,4,N,C
71,2014TT10886,HITESH KHATRI,4,N,C
72,2014TT10889,JAY NAULAKHA,4,N,C
73,2014TT10890,KARAN SINGLA,4,N,C
74,2014TT10894,KRISHNA KUMAR RATHI,4,N,C
75,2014TT10895,KRITTAM KEERTIMAN KOTHARI,4,N,C
76,2014TT10898,MADHUR KUMAR SHAKYA,4,N,C
77,2014TT10903,MILAN SINGH,4,N,C
78,2014TT10904,MOHIT CHAUHAN,4,N,C
79,2014TT10905,MUDADLA SIVA SAI RAHUL,4,N,C
80,2014TT10910,NITIN TIWARI,4,N,C
81,2014TT10913,PRAKHAR SHUKLA,4,N,C
82,2014TT10926,RISHABH MAHAJAN,4,N,C
83,2014TT10928,ROHIT TRIPATHI,4,N,C
84,2014TT10934,SARISHT WADHWA,4,N,C
85,2014TT10943,SUNIL KUMAR,4,N,C
86,2014TT10945,TARIQ AZIZ,4,N,C
87,2014TT10953,VINAYAK SUTAR,4,N,C
