List of students registered in (IInd Semester 20162017)
Course Code : TXP221
Course Description : YARN MANUFACTURE LABORATORYI
Serial No., Entry Number, Student Name, Course Group, Audit Withdrawal, Course Slot
1,2014TT10911,PATEL HEMANSHUKUMAR GANESHBHAI,1,N,E
2,2014TT10937,SHAILESH PABAERI,1,N,E
3,2014TT10948,VARUN CHAUHAN,1,N,E
4,2015TT10851,AADITYA BHAWSAR,1,N,E
5,2015TT10855,ABHIJEET SINGH SOLANKI,1,N,E
6,2015TT10859,ADIT GUPTA,1,N,E
7,2015TT10863,MINAAL DEMBLA,1,N,E
8,2015TT10867,AMIT RAJ,1,N,E
9,2015TT10875,ANMOL KUMAR,1,N,E
10,2015TT10879,ATHARVA CHANDRA SINGH,1,N,E
11,2015TT10883,CHHERING PHUNCHOG,1,N,E
12,2015TT10887,DEEPALI VERMA,1,N,E
13,2015TT10891,DHEERAJ KUMAR,1,N,E
14,2015TT10895,HARDIK UPADHYAY,1,N,E
15,2015TT10903,KHALID SAFI,1,N,E
16,2015TT10907,MADHAV RANKA,1,N,E
17,2015TT10912,MAYANK SONI,1,N,E
18,2015TT10916,NAVNEET KUMAR,1,N,E
19,2015TT10920,PARTH DIXIT,1,N,E
20,2015TT10925,RAGHAV JAIN,1,N,E
21,2015TT10929,RAM RAJ SAINI,1,N,E
22,2015TT10933,SAHIL KUMAR KARGWAL,1,N,E
23,2015TT10937,SHEETAL SHRAISTH,1,N,E
24,2015TT10941,SHUBHAM TAMBI,1,N,E
25,2015TT10954,YOGESH KUNDALWAL,1,N,E
26,2014TT10169,JYOTI CHHANWAL,2,N,E
27,2014TT10185,SHAILA KAROLE,2,N,E
28,2014TT10912,PRABHAT PALIYA,2,N,E
29,2014TT10932,SANDEEP KUMAR,2,N,E
30,2015TT10852,AASHI AGARWAL,2,N,E
31,2015TT10856,ABHISHEK AGRAWAL,2,N,E
32,2015TT10864,ALOK YADAV,2,N,E
33,2015TT10868,AMIT DOODHWAL,2,N,E
34,2015TT10872,ANKIT KUMAR MEENA,2,N,E
35,2015TT10876,ANUBHAV,2,N,E
36,2015TT10880,AYUSH GUPTA,2,N,E
37,2015TT10884,DAKSH CHANDRA BANSAL,2,N,E
38,2015TT10888,DEEPANSHU GUPTA,2,N,E
39,2015TT10892,DHRUV GUPTA,2,N,E
40,2015TT10896,HARSHDEEP SINGH,2,N,E
41,2015TT10900,JESSICA,2,N,E
42,2015TT10904,KSHITIJ JAIN,2,N,E
43,2015TT10917,NAVREET KAUR,2,N,E
44,2015TT10921,PIYUSH GUPTA,2,N,E
45,2015TT10926,RAJ KUMAR,2,N,E
46,2015TT10930,RAMESH YADAV,2,N,E
47,2015TT10934,SAJAN KUMAR,2,N,E
48,2015TT10938,SHIVAM SAHU,2,N,E
49,2015TT10942,SIDDHARTH RAO GAUTAM,2,N,E
50,2015TT10946,SURYA BHUSHAN,2,N,E
51,2015TT10951,VIPUL GUPTA,2,N,E
52,2015TT10955,YUKTISHA RAJPOOT,2,N,E
53,2014TT10588,BHAROTHU VENKATA SURESH BABU,3,N,E
54,2015TT10853,ABHIGYAN SRIVASTAV,3,N,E
55,2015TT10861,ADITYA KUMAR,3,N,E
56,2015TT10865,AMAN AGRAWAL,3,N,E
57,2015TT10869,ANAND YADAV,3,N,E
58,2015TT10873,ANKIT KUMAR,3,N,E
59,2015TT10877,ARSHDEEP SINGH GOINDI,3,N,E
60,2015TT10881,AYUSH AGRAWAL,3,N,E
61,2015TT10885,DEBOJIT DAS,3,N,E
62,2015TT10889,DEVANSH SHARMA,3,N,E
63,2015TT10893,GUPTA HARSH SUNIL,3,N,E
64,2015TT10897,HARSHVARDHAN ARORA,3,N,E
65,2015TT10901,KAMAL KANT,3,N,E
66,2015TT10909,MADHURI GURJAR,3,N,E
67,2015TT10918,NAVYA SOOD,3,N,E
68,2015TT10922,PRACHI GUPTA,3,N,E
69,2015TT10927,RAJNEESH KASWAN,3,N,E
70,2015TT10931,RAVINDRA PINDEL,3,N,E
71,2015TT10935,SHASHANK NIGAM,3,N,E
72,2015TT10939,SHIVJEET,3,N,E
73,2015TT10943,SOPHIYA KHAN,3,N,E
74,2015TT10947,SUSHANT KUMAR,3,N,E
75,2015TT10952,VISHAL CHAND KASOTIA,3,N,E
76,2014TT10905,MUDADLA SIVA SAI RAHUL,4,N,E
77,2015TT10854,AYUSHI NARULA,4,N,E
78,2015TT10858,ACHIN GOYAL,4,N,E
79,2015TT10862,AKANKSHA PRAGYA,4,N,E
80,2015TT10866,AMIT KUMAR,4,N,E
81,2015TT10874,ANKUSH MANGAL,4,N,E
82,2015TT10878,ASHUTOSH SINGH,4,N,E
83,2015TT10886,DEEPAK MANDLOI,4,N,E
84,2015TT10890,DHAWAL PARMAR,4,N,E
85,2015TT10894,GURINDER SINGH SAINI,4,N,E
86,2015TT10906,LAKHAN KUMAR VIJAYVARGIYA,4,N,E
87,2015TT10911,MAYANK MISHRA,4,N,E
88,2015TT10915,NAKRANI SHASHVAT MANSUKHBHAI,4,N,E
89,2015TT10919,NITESH AMLIYAR,4,N,E
90,2015TT10928,RAKESH KUMAR,4,N,E
91,2015TT10932,REEWA GAUTAM,4,N,E
92,2015TT10936,SHASHWAT,4,N,E
93,2015TT10940,SHRENIVASS J K,4,N,E
94,2015TT10944,SUMIT SAINI,4,N,E
95,2015TT10948,TANUJ SINGH,4,N,E
96,2015TT10953,WAGHMARE ADITYA PRAMOD,4,N,E
