List of students registered in (IInd Semester 20162017)
Course Code : TXP761
Course Description : EVALUATION OF TEXTILE MATERIALS
Serial No., Entry Number, Student Name, Course Group, Audit Withdrawal, Course Slot
1,2013CH10241,NIKHIL SURESH CHIMURKAR,1,N,C
2,2016TTE2228,BHARATHI,1,N,C
3,2016TTE2229,SAKTHI  VIJAYALAKSHMI,1,N,C
4,2016TTE2230,SABYASACHI  POREL,1,N,C
5,2016TTE2231,ROCHAK  RATHOUR,1,N,C
6,2016TTE2233,MANYA  JAIN,1,N,C
7,2016TTE2234,RAJAT  KUMAR,1,N,C
8,2016TTE2235,RAHUL  PATIDAR,1,N,C
9,2016TTE2236,ALKA  SOMANI,1,N,C
10,2016TTE2237,GOURAV  MISHRA,1,N,C
11,2016TTE2238,LEKHANI  TRIPATHI,1,N,C
12,2016TTE2239,DANISH  ABRAR,1,N,C
13,2016TTE2240,DEEPAK  KUSHAWAH,1,N,C
14,2016TTE2241,MEENAKSHI  AHIRWAR,1,N,C
15,2016TTE2866,TEMESGEN REGASSA WOYESSA,1,N,C
16,2014TT10907,NACHIKETA,3,N,C
