List of students registered in (IInd Semester 20162017)
Course Code : VEV735
Course Description : SPECIAL MODULE ON SUSTAINABILITY 1
Serial No., Entry Number, Student Name, Course Group, Audit Withdrawal, Course Slot
1,2013EE30558,MOHD ADIL,0,N,P
2,2015ME10637,ATA UL HAQUE,0,N,P
3,2011ME10676,HEMANT JAIN,1,N,P
4,2012BB50037,ROSHI RAINA,1,N,P
5,2013CH10102,RAMTEKE RUCHA SIDDHARTH,1,N,P
6,2013CS10263,VIVEK KUMAR KANOJIYA,1,N,P
7,2013ME20784,JYOTI NAYAK,1,N,P
8,2013TT10907,ASHISH PRATAP SINGH,1,N,P
9,2013TT10945,PANKAJ KUMAR JAIN,1,N,P
10,2013TT10950,PREM CHAND MEENA,1,N,P
11,2015MCS2556,Vinay Verma,1,N,P
12,2015MCS2802,ARUN SINGH,1,N,P
13,2011MT50588,AMIT KUMAR GUPTA,2,N,P
14,2013CE10316,ADITYA,2,N,P
15,2013CH70179,SHUBHAM KUMAR YADAV,2,N,P
16,2013EE10478,PANKAJ KUMAR RASGANIA,2,N,P
17,2013ME10695,MOHIT KUMAR,2,N,P
18,2013ME10700,PARAS GARG,2,N,P
19,2013ME20926,GARVIT ARORA,2,N,P
20,2013PH10837,ANURAG,2,N,P
21,2013PH10883,ZAHEER HASSAN SIDDIQUI,2,N,P
22,2013TT10924,DIVYAM GOEL,2,N,P
23,2014EE10464,NISHANT AGARWAL,2,N,P
24,2014PH10798,KANADE SHEETAL RAOSAHEB,2,N,P
25,2012CH70144,AMIN DHRUVIN JATINBHAI,3,N,P
26,2012CH70156,HARSH SARDA,3,N,P
27,2012CH70176,SEEMA YADAV,3,N,P
28,2013CH10099,RAJAT GARG,3,N,P
29,2013CH10123,SHRUTI GOYAL,3,N,P
30,2013CS10230,KARANVIR SINGH,3,N,P
31,2013MT60605,NEERAJ KUMAR,3,N,P
32,2013TT10942,KUSHAGRA SRIVASTAVA,3,N,P
33,2014BB10058,SHASHANK GARG,3,N,P
34,2011TT10989,RAHUL RANA,4,N,P
35,2012CH70187,VARUN SOGANI,4,N,P
36,2012CS50287,ISHAAN BATTA,4,N,P
37,2012EE50561,UTKARSH,4,N,P
38,2013CE10345,HARIOM MEENA,4,N,P
39,2013CH10073,ANSHUL KUMAR YADAV,4,N,P
40,2013CH10115,SARTHAK SAINI,4,N,P
41,2013CS50277,ANAGH PRASAD,4,N,P
42,2013TT10943,LALIT KUMAR,4,N,P
43,2014EE10426,ANANT KUMAR SINGH,4,N,P
